1,2,3,4,5,6,7,8,9,10,11,12,13,14,15,16,17,18,19,20,21,22,23,24,25,26
'\'(2.5-inf)\'','\'(103.2-122.3]\'',alfa-romero,gas,std,two,convertible,rwd,front,'\'(-inf-90.03]\'','\'(167.9-174.6]\'','\'(63.9-65.1]\'','\'(-inf-49]\'','\'(2519.2-2777]\'',dohc,four,'\'(114-140.5]\'',mpfi,'\'(3.38-3.52]\'','\'(2.49-2.7]\'','\'(8.6-10.2]\'','\'(96-120]\'','\'(4885-5130]\'','\'(20.2-23.8]\'','\'(23.6-27.4]\'',13495
'\'(2.5-inf)\'','\'(103.2-122.3]\'',alfa-romero,gas,std,two,convertible,rwd,front,'\'(-inf-90.03]\'','\'(167.9-174.6]\'','\'(63.9-65.1]\'','\'(-inf-49]\'','\'(2519.2-2777]\'',dohc,four,'\'(114-140.5]\'',mpfi,'\'(3.38-3.52]\'','\'(2.49-2.7]\'','\'(8.6-10.2]\'','\'(96-120]\'','\'(4885-5130]\'','\'(20.2-23.8]\'','\'(23.6-27.4]\'',16500
'\'(0.5-1]\'','\'(103.2-122.3]\'',alfa-romero,gas,std,two,hatchback,rwd,front,'\'(93.46-96.89]\'','\'(167.9-174.6]\'','\'(65.1-66.3]\'','\'(51.4-52.6]\'','\'(2777-3034.8]\'',ohcv,six,'\'(140.5-167]\'',mpfi,'\'(-inf-2.68]\'','\'(3.33-3.54]\'','\'(8.6-10.2]\'','\'(144-168]\'','\'(4885-5130]\'','\'(16.6-20.2]\'','\'(23.6-27.4]\'',16500
'\'(1.5-2]\'','\'(160.5-179.6]\'',audi,gas,std,four,sedan,fwd,front,'\'(96.89-100.32]\'','\'(174.6-181.3]\'','\'(65.1-66.3]\'','\'(53.8-55]\'','\'(2261.4-2519.2]\'',ohc,four,'\'(87.5-114]\'',mpfi,'\'(3.1-3.24]\'','\'(3.33-3.54]\'','\'(8.6-10.2]\'','\'(96-120]\'','\'(5375-5620]\'','\'(23.8-27.4]\'','\'(27.4-31.2]\'',13950
'\'(1.5-2]\'','\'(160.5-179.6]\'',audi,gas,std,four,sedan,4wd,front,'\'(96.89-100.32]\'','\'(174.6-181.3]\'','\'(66.3-67.5]\'','\'(53.8-55]\'','\'(2777-3034.8]\'',ohc,five,'\'(114-140.5]\'',mpfi,'\'(3.1-3.24]\'','\'(3.33-3.54]\'','\'(-inf-8.6]\'','\'(96-120]\'','\'(5375-5620]\'','\'(16.6-20.2]\'','\'(19.8-23.6]\'',17450
'\'(1.5-2]\'','\'(103.2-122.3]\'',audi,gas,std,two,sedan,fwd,front,'\'(96.89-100.32]\'','\'(174.6-181.3]\'','\'(65.1-66.3]\'','\'(52.6-53.8]\'','\'(2261.4-2519.2]\'',ohc,five,'\'(114-140.5]\'',mpfi,'\'(3.1-3.24]\'','\'(3.33-3.54]\'','\'(-inf-8.6]\'','\'(96-120]\'','\'(5375-5620]\'','\'(16.6-20.2]\'','\'(23.6-27.4]\'',15250
'\'(0.5-1]\'','\'(141.4-160.5]\'',audi,gas,std,four,sedan,fwd,front,'\'(103.75-107.18]\'','\'(188-194.7]\'','\'(71.1-inf)\'','\'(55-56.2]\'','\'(2777-3034.8]\'',ohc,five,'\'(114-140.5]\'',mpfi,'\'(3.1-3.24]\'','\'(3.33-3.54]\'','\'(-inf-8.6]\'','\'(96-120]\'','\'(5375-5620]\'','\'(16.6-20.2]\'','\'(23.6-27.4]\'',17710
'\'(0.5-1]\'','\'(103.2-122.3]\'',audi,gas,std,four,wagon,fwd,front,'\'(103.75-107.18]\'','\'(188-194.7]\'','\'(71.1-inf)\'','\'(55-56.2]\'','\'(2777-3034.8]\'',ohc,five,'\'(114-140.5]\'',mpfi,'\'(3.1-3.24]\'','\'(3.33-3.54]\'','\'(-inf-8.6]\'','\'(96-120]\'','\'(5375-5620]\'','\'(16.6-20.2]\'','\'(23.6-27.4]\'',18920
'\'(0.5-1]\'','\'(141.4-160.5]\'',audi,gas,turbo,four,sedan,fwd,front,'\'(103.75-107.18]\'','\'(188-194.7]\'','\'(71.1-inf)\'','\'(55-56.2]\'','\'(3034.8-3292.6]\'',ohc,five,'\'(114-140.5]\'',mpfi,'\'(3.1-3.24]\'','\'(3.33-3.54]\'','\'(-inf-8.6]\'','\'(120-144]\'','\'(5375-5620]\'','\'(16.6-20.2]\'','\'(19.8-23.6]\'',23875
'\'(-0.5-0]\'','\'(103.2-122.3]\'',audi,gas,turbo,two,hatchback,4wd,front,'\'(96.89-100.32]\'','\'(174.6-181.3]\'','\'(67.5-68.7]\'','\'(51.4-52.6]\'','\'(3034.8-3292.6]\'',ohc,five,'\'(114-140.5]\'',mpfi,'\'(3.1-3.24]\'','\'(3.33-3.54]\'','\'(-inf-8.6]\'','\'(144-168]\'','\'(5375-5620]\'','\'(-inf-16.6]\'','\'(19.8-23.6]\'',?
'\'(1.5-2]\'','\'(179.6-198.7]\'',bmw,gas,std,two,sedan,rwd,front,'\'(100.32-103.75]\'','\'(174.6-181.3]\'','\'(63.9-65.1]\'','\'(53.8-55]\'','\'(2261.4-2519.2]\'',ohc,four,'\'(87.5-114]\'',mpfi,'\'(3.38-3.52]\'','\'(2.7-2.91]\'','\'(8.6-10.2]\'','\'(96-120]\'','\'(5620-5865]\'','\'(20.2-23.8]\'','\'(27.4-31.2]\'',16430
'\'(-0.5-0]\'','\'(179.6-198.7]\'',bmw,gas,std,four,sedan,rwd,front,'\'(100.32-103.75]\'','\'(174.6-181.3]\'','\'(63.9-65.1]\'','\'(53.8-55]\'','\'(2261.4-2519.2]\'',ohc,four,'\'(87.5-114]\'',mpfi,'\'(3.38-3.52]\'','\'(2.7-2.91]\'','\'(8.6-10.2]\'','\'(96-120]\'','\'(5620-5865]\'','\'(20.2-23.8]\'','\'(27.4-31.2]\'',16925
'\'(-0.5-0]\'','\'(179.6-198.7]\'',bmw,gas,std,two,sedan,rwd,front,'\'(100.32-103.75]\'','\'(174.6-181.3]\'','\'(63.9-65.1]\'','\'(53.8-55]\'','\'(2519.2-2777]\'',ohc,six,'\'(140.5-167]\'',mpfi,'\'(3.24-3.38]\'','\'(3.12-3.33]\'','\'(8.6-10.2]\'','\'(120-144]\'','\'(-inf-4395]\'','\'(20.2-23.8]\'','\'(27.4-31.2]\'',20970
'\'(-0.5-0]\'','\'(179.6-198.7]\'',bmw,gas,std,four,sedan,rwd,front,'\'(100.32-103.75]\'','\'(174.6-181.3]\'','\'(63.9-65.1]\'','\'(53.8-55]\'','\'(2519.2-2777]\'',ohc,six,'\'(140.5-167]\'',mpfi,'\'(3.24-3.38]\'','\'(3.12-3.33]\'','\'(8.6-10.2]\'','\'(120-144]\'','\'(-inf-4395]\'','\'(20.2-23.8]\'','\'(27.4-31.2]\'',21105
'\'(0.5-1]\'','\'(103.2-122.3]\'',bmw,gas,std,four,sedan,rwd,front,'\'(100.32-103.75]\'','\'(188-194.7]\'','\'(66.3-67.5]\'','\'(55-56.2]\'','\'(3034.8-3292.6]\'',ohc,six,'\'(140.5-167]\'',mpfi,'\'(3.24-3.38]\'','\'(3.12-3.33]\'','\'(8.6-10.2]\'','\'(120-144]\'','\'(-inf-4395]\'','\'(16.6-20.2]\'','\'(23.6-27.4]\'',24565
'\'(-0.5-0]\'','\'(103.2-122.3]\'',bmw,gas,std,four,sedan,rwd,front,'\'(100.32-103.75]\'','\'(188-194.7]\'','\'(66.3-67.5]\'','\'(55-56.2]\'','\'(3034.8-3292.6]\'',ohc,six,'\'(193.5-220]\'',mpfi,'\'(3.52-3.66]\'','\'(3.33-3.54]\'','\'(-inf-8.6]\'','\'(168-192]\'','\'(5375-5620]\'','\'(-inf-16.6]\'','\'(19.8-23.6]\'',30760
'\'(-0.5-0]\'','\'(103.2-122.3]\'',bmw,gas,std,two,sedan,rwd,front,'\'(100.32-103.75]\'','\'(188-194.7]\'','\'(67.5-68.7]\'','\'(52.6-53.8]\'','\'(3292.6-3550.4]\'',ohc,six,'\'(193.5-220]\'',mpfi,'\'(3.52-3.66]\'','\'(3.33-3.54]\'','\'(-inf-8.6]\'','\'(168-192]\'','\'(5375-5620]\'','\'(-inf-16.6]\'','\'(19.8-23.6]\'',41315
'\'(-0.5-0]\'','\'(103.2-122.3]\'',bmw,gas,std,four,sedan,rwd,front,'\'(107.18-110.61]\'','\'(194.7-201.4]\'','\'(69.9-71.1]\'','\'(56.2-57.4]\'','\'(3292.6-3550.4]\'',ohc,six,'\'(193.5-220]\'',mpfi,'\'(3.52-3.66]\'','\'(3.33-3.54]\'','\'(-inf-8.6]\'','\'(168-192]\'','\'(5375-5620]\'','\'(-inf-16.6]\'','\'(19.8-23.6]\'',36880
'\'(1.5-2]\'','\'(103.2-122.3]\'',chevrolet,gas,std,two,hatchback,fwd,front,'\'(-inf-90.03]\'','\'(-inf-147.8]\'','\'(-inf-61.5]\'','\'(52.6-53.8]\'','\'(-inf-1745.8]\'',l,three,'\'(-inf-87.5]\'',2bbl,'\'(2.82-2.96]\'','\'(2.91-3.12]\'','\'(8.6-10.2]\'','\'(-inf-72]\'','\'(4885-5130]\'','\'(45.4-inf)\'','\'(50.2-inf)\'',5151
'\'(0.5-1]\'','\'(84.1-103.2]\'',chevrolet,gas,std,two,hatchback,fwd,front,'\'(93.46-96.89]\'','\'(154.5-161.2]\'','\'(62.7-63.9]\'','\'(51.4-52.6]\'','\'(1745.8-2003.6]\'',ohc,four,'\'(87.5-114]\'',2bbl,'\'(2.96-3.1]\'','\'(2.91-3.12]\'','\'(8.6-10.2]\'','\'(-inf-72]\'','\'(5375-5620]\'','\'(34.6-38.2]\'','\'(42.6-46.4]\'',6295
'\'(-0.5-0]\'','\'(-inf-84.1]\'',chevrolet,gas,std,four,sedan,fwd,front,'\'(93.46-96.89]\'','\'(154.5-161.2]\'','\'(62.7-63.9]\'','\'(51.4-52.6]\'','\'(1745.8-2003.6]\'',ohc,four,'\'(87.5-114]\'',2bbl,'\'(2.96-3.1]\'','\'(2.91-3.12]\'','\'(8.6-10.2]\'','\'(-inf-72]\'','\'(5375-5620]\'','\'(34.6-38.2]\'','\'(42.6-46.4]\'',6575
'\'(0.5-1]\'','\'(103.2-122.3]\'',dodge,gas,std,two,hatchback,fwd,front,'\'(93.46-96.89]\'','\'(154.5-161.2]\'','\'(62.7-63.9]\'','\'(50.2-51.4]\'','\'(1745.8-2003.6]\'',ohc,four,'\'(87.5-114]\'',2bbl,'\'(2.96-3.1]\'','\'(3.12-3.33]\'','\'(8.6-10.2]\'','\'(-inf-72]\'','\'(5375-5620]\'','\'(34.6-38.2]\'','\'(38.8-42.6]\'',5572
'\'(0.5-1]\'','\'(103.2-122.3]\'',dodge,gas,std,two,hatchback,fwd,front,'\'(93.46-96.89]\'','\'(154.5-161.2]\'','\'(62.7-63.9]\'','\'(50.2-51.4]\'','\'(1745.8-2003.6]\'',ohc,four,'\'(87.5-114]\'',2bbl,'\'(2.96-3.1]\'','\'(3.12-3.33]\'','\'(8.6-10.2]\'','\'(-inf-72]\'','\'(5375-5620]\'','\'(27.4-31]\'','\'(35-38.8]\'',6377
'\'(0.5-1]\'','\'(103.2-122.3]\'',dodge,gas,turbo,two,hatchback,fwd,front,'\'(93.46-96.89]\'','\'(154.5-161.2]\'','\'(62.7-63.9]\'','\'(50.2-51.4]\'','\'(2003.6-2261.4]\'',ohc,four,'\'(87.5-114]\'',mpfi,'\'(2.96-3.1]\'','\'(3.33-3.54]\'','\'(-inf-8.6]\'','\'(96-120]\'','\'(5375-5620]\'','\'(23.8-27.4]\'','\'(27.4-31.2]\'',7957
'\'(0.5-1]\'','\'(141.4-160.5]\'',dodge,gas,std,four,hatchback,fwd,front,'\'(93.46-96.89]\'','\'(154.5-161.2]\'','\'(62.7-63.9]\'','\'(50.2-51.4]\'','\'(1745.8-2003.6]\'',ohc,four,'\'(87.5-114]\'',2bbl,'\'(2.96-3.1]\'','\'(3.12-3.33]\'','\'(8.6-10.2]\'','\'(-inf-72]\'','\'(5375-5620]\'','\'(27.4-31]\'','\'(35-38.8]\'',6229
'\'(0.5-1]\'','\'(141.4-160.5]\'',dodge,gas,std,four,sedan,fwd,front,'\'(93.46-96.89]\'','\'(154.5-161.2]\'','\'(62.7-63.9]\'','\'(50.2-51.4]\'','\'(1745.8-2003.6]\'',ohc,four,'\'(87.5-114]\'',2bbl,'\'(2.96-3.1]\'','\'(3.12-3.33]\'','\'(8.6-10.2]\'','\'(-inf-72]\'','\'(5375-5620]\'','\'(27.4-31]\'','\'(35-38.8]\'',6692
'\'(0.5-1]\'','\'(141.4-160.5]\'',dodge,gas,std,four,sedan,fwd,front,'\'(93.46-96.89]\'','\'(154.5-161.2]\'','\'(62.7-63.9]\'','\'(50.2-51.4]\'','\'(1745.8-2003.6]\'',ohc,four,'\'(87.5-114]\'',2bbl,'\'(2.96-3.1]\'','\'(3.12-3.33]\'','\'(8.6-10.2]\'','\'(-inf-72]\'','\'(5375-5620]\'','\'(27.4-31]\'','\'(35-38.8]\'',7609
'\'(0.5-1]\'','\'(141.4-160.5]\'',dodge,gas,turbo,four,sedan,fwd,front,'\'(93.46-96.89]\'','\'(154.5-161.2]\'','\'(62.7-63.9]\'','\'(50.2-51.4]\'','\'(2003.6-2261.4]\'',ohc,four,'\'(87.5-114]\'',mpfi,'\'(2.96-3.1]\'','\'(3.33-3.54]\'','\'(-inf-8.6]\'','\'(96-120]\'','\'(5375-5620]\'','\'(23.8-27.4]\'','\'(27.4-31.2]\'',8558
'\'(-1.5--1]\'','\'(103.2-122.3]\'',dodge,gas,std,four,wagon,fwd,front,'\'(100.32-103.75]\'','\'(167.9-174.6]\'','\'(63.9-65.1]\'','\'(58.6-inf)\'','\'(2519.2-2777]\'',ohc,four,'\'(114-140.5]\'',2bbl,'\'(3.24-3.38]\'','\'(3.33-3.54]\'','\'(-inf-8.6]\'','\'(72-96]\'','\'(4885-5130]\'','\'(23.8-27.4]\'','\'(27.4-31.2]\'',8921
'\'(2.5-inf)\'','\'(141.4-160.5]\'',dodge,gas,turbo,two,hatchback,fwd,front,'\'(93.46-96.89]\'','\'(167.9-174.6]\'','\'(65.1-66.3]\'','\'(50.2-51.4]\'','\'(2777-3034.8]\'',ohc,four,'\'(140.5-167]\'',mfi,'\'(3.52-3.66]\'','\'(3.75-3.96]\'','\'(-inf-8.6]\'','\'(144-168]\'','\'(4885-5130]\'','\'(16.6-20.2]\'','\'(23.6-27.4]\'',12964
'\'(1.5-2]\'','\'(122.3-141.4]\'',honda,gas,std,two,hatchback,fwd,front,'\'(-inf-90.03]\'','\'(-inf-147.8]\'','\'(62.7-63.9]\'','\'(50.2-51.4]\'','\'(-inf-1745.8]\'',ohc,four,'\'(87.5-114]\'',1bbl,'\'(2.82-2.96]\'','\'(3.33-3.54]\'','\'(8.6-10.2]\'','\'(-inf-72]\'','\'(4640-4885]\'','\'(45.4-inf)\'','\'(50.2-inf)\'',6479
'\'(1.5-2]\'','\'(122.3-141.4]\'',honda,gas,std,two,hatchback,fwd,front,'\'(-inf-90.03]\'','\'(-inf-147.8]\'','\'(62.7-63.9]\'','\'(50.2-51.4]\'','\'(1745.8-2003.6]\'',ohc,four,'\'(87.5-114]\'',1bbl,'\'(2.82-2.96]\'','\'(3.33-3.54]\'','\'(8.6-10.2]\'','\'(72-96]\'','\'(5865-6110]\'','\'(27.4-31]\'','\'(35-38.8]\'',6855
'\'(0.5-1]\'','\'(84.1-103.2]\'',honda,gas,std,two,hatchback,fwd,front,'\'(93.46-96.89]\'','\'(147.8-154.5]\'','\'(63.9-65.1]\'','\'(52.6-53.8]\'','\'(1745.8-2003.6]\'',ohc,four,'\'(-inf-87.5]\'',1bbl,'\'(2.82-2.96]\'','\'(2.91-3.12]\'','\'(8.6-10.2]\'','\'(-inf-72]\'','\'(5375-5620]\'','\'(34.6-38.2]\'','\'(38.8-42.6]\'',5399
'\'(0.5-1]\'','\'(84.1-103.2]\'',honda,gas,std,two,hatchback,fwd,front,'\'(93.46-96.89]\'','\'(147.8-154.5]\'','\'(63.9-65.1]\'','\'(52.6-53.8]\'','\'(1745.8-2003.6]\'',ohc,four,'\'(87.5-114]\'',1bbl,'\'(2.82-2.96]\'','\'(3.33-3.54]\'','\'(8.6-10.2]\'','\'(72-96]\'','\'(5865-6110]\'','\'(27.4-31]\'','\'(31.2-35]\'',6529
'\'(0.5-1]\'','\'(84.1-103.2]\'',honda,gas,std,two,hatchback,fwd,front,'\'(93.46-96.89]\'','\'(147.8-154.5]\'','\'(63.9-65.1]\'','\'(52.6-53.8]\'','\'(1745.8-2003.6]\'',ohc,four,'\'(87.5-114]\'',1bbl,'\'(2.82-2.96]\'','\'(3.33-3.54]\'','\'(8.6-10.2]\'','\'(72-96]\'','\'(5865-6110]\'','\'(27.4-31]\'','\'(31.2-35]\'',7129
'\'(-0.5-0]\'','\'(103.2-122.3]\'',honda,gas,std,four,sedan,fwd,front,'\'(93.46-96.89]\'','\'(161.2-167.9]\'','\'(63.9-65.1]\'','\'(53.8-55]\'','\'(2003.6-2261.4]\'',ohc,four,'\'(87.5-114]\'',1bbl,'\'(2.82-2.96]\'','\'(3.33-3.54]\'','\'(8.6-10.2]\'','\'(72-96]\'','\'(5865-6110]\'','\'(27.4-31]\'','\'(31.2-35]\'',7295
'\'(-0.5-0]\'','\'(-inf-84.1]\'',honda,gas,std,four,wagon,fwd,front,'\'(93.46-96.89]\'','\'(154.5-161.2]\'','\'(62.7-63.9]\'','\'(57.4-58.6]\'','\'(2003.6-2261.4]\'',ohc,four,'\'(87.5-114]\'',1bbl,'\'(2.82-2.96]\'','\'(3.33-3.54]\'','\'(8.6-10.2]\'','\'(72-96]\'','\'(5865-6110]\'','\'(27.4-31]\'','\'(31.2-35]\'',7295
'\'(-0.5-0]\'','\'(103.2-122.3]\'',honda,gas,std,two,hatchback,fwd,front,'\'(93.46-96.89]\'','\'(161.2-167.9]\'','\'(65.1-66.3]\'','\'(52.6-53.8]\'','\'(2003.6-2261.4]\'',ohc,four,'\'(87.5-114]\'',1bbl,'\'(3.1-3.24]\'','\'(3.54-3.75]\'','\'(8.6-10.2]\'','\'(72-96]\'','\'(5620-5865]\'','\'(23.8-27.4]\'','\'(31.2-35]\'',7895
'\'(-0.5-0]\'','\'(103.2-122.3]\'',honda,gas,std,two,hatchback,fwd,front,'\'(93.46-96.89]\'','\'(161.2-167.9]\'','\'(65.1-66.3]\'','\'(52.6-53.8]\'','\'(2261.4-2519.2]\'',ohc,four,'\'(87.5-114]\'',1bbl,'\'(3.1-3.24]\'','\'(3.54-3.75]\'','\'(8.6-10.2]\'','\'(72-96]\'','\'(5620-5865]\'','\'(23.8-27.4]\'','\'(31.2-35]\'',9095
'\'(-0.5-0]\'','\'(84.1-103.2]\'',honda,gas,std,four,sedan,fwd,front,'\'(93.46-96.89]\'','\'(174.6-181.3]\'','\'(65.1-66.3]\'','\'(53.8-55]\'','\'(2261.4-2519.2]\'',ohc,four,'\'(87.5-114]\'',1bbl,'\'(3.1-3.24]\'','\'(3.54-3.75]\'','\'(8.6-10.2]\'','\'(72-96]\'','\'(5620-5865]\'','\'(23.8-27.4]\'','\'(31.2-35]\'',8845
'\'(-0.5-0]\'','\'(84.1-103.2]\'',honda,gas,std,four,sedan,fwd,front,'\'(93.46-96.89]\'','\'(174.6-181.3]\'','\'(61.5-62.7]\'','\'(53.8-55]\'','\'(2261.4-2519.2]\'',ohc,four,'\'(87.5-114]\'',1bbl,'\'(3.1-3.24]\'','\'(3.54-3.75]\'','\'(8.6-10.2]\'','\'(72-96]\'','\'(5620-5865]\'','\'(23.8-27.4]\'','\'(31.2-35]\'',10295
'\'(-0.5-0]\'','\'(84.1-103.2]\'',honda,gas,std,four,sedan,fwd,front,'\'(93.46-96.89]\'','\'(174.6-181.3]\'','\'(65.1-66.3]\'','\'(53.8-55]\'','\'(2261.4-2519.2]\'',ohc,four,'\'(87.5-114]\'',mpfi,'\'(3.1-3.24]\'','\'(3.54-3.75]\'','\'(8.6-10.2]\'','\'(96-120]\'','\'(5620-5865]\'','\'(23.8-27.4]\'','\'(27.4-31.2]\'',12945
'\'(0.5-1]\'','\'(103.2-122.3]\'',honda,gas,std,two,sedan,fwd,front,'\'(93.46-96.89]\'','\'(167.9-174.6]\'','\'(65.1-66.3]\'','\'(50.2-51.4]\'','\'(2261.4-2519.2]\'',ohc,four,'\'(87.5-114]\'',2bbl,'\'(3.1-3.24]\'','\'(3.54-3.75]\'','\'(8.6-10.2]\'','\'(96-120]\'','\'(5375-5620]\'','\'(23.8-27.4]\'','\'(27.4-31.2]\'',10345
'\'(-0.5-0]\'','\'(103.2-122.3]\'',isuzu,gas,std,four,sedan,rwd,front,'\'(93.46-96.89]\'','\'(167.9-174.6]\'','\'(61.5-62.7]\'','\'(52.6-53.8]\'','\'(2261.4-2519.2]\'',ohc,four,'\'(87.5-114]\'',2bbl,'\'(3.24-3.38]\'','\'(3.12-3.33]\'','\'(-inf-8.6]\'','\'(72-96]\'','\'(4640-4885]\'','\'(23.8-27.4]\'','\'(27.4-31.2]\'',6785
'\'(0.5-1]\'','\'(103.2-122.3]\'',isuzu,gas,std,two,sedan,fwd,front,'\'(93.46-96.89]\'','\'(154.5-161.2]\'','\'(62.7-63.9]\'','\'(51.4-52.6]\'','\'(1745.8-2003.6]\'',ohc,four,'\'(87.5-114]\'',2bbl,'\'(2.96-3.1]\'','\'(2.91-3.12]\'','\'(8.6-10.2]\'','\'(-inf-72]\'','\'(5375-5620]\'','\'(34.6-38.2]\'','\'(42.6-46.4]\'',?
'\'(-0.5-0]\'','\'(103.2-122.3]\'',isuzu,gas,std,four,sedan,fwd,front,'\'(93.46-96.89]\'','\'(154.5-161.2]\'','\'(62.7-63.9]\'','\'(51.4-52.6]\'','\'(1745.8-2003.6]\'',ohc,four,'\'(87.5-114]\'',2bbl,'\'(2.96-3.1]\'','\'(2.91-3.12]\'','\'(8.6-10.2]\'','\'(-inf-72]\'','\'(5375-5620]\'','\'(34.6-38.2]\'','\'(42.6-46.4]\'',?
'\'(1.5-2]\'','\'(103.2-122.3]\'',isuzu,gas,std,two,hatchback,rwd,front,'\'(93.46-96.89]\'','\'(167.9-174.6]\'','\'(65.1-66.3]\'','\'(50.2-51.4]\'','\'(2519.2-2777]\'',ohc,four,'\'(114-140.5]\'',spfi,'\'(3.38-3.52]\'','\'(3.12-3.33]\'','\'(8.6-10.2]\'','\'(72-96]\'','\'(4885-5130]\'','\'(23.8-27.4]\'','\'(27.4-31.2]\'',11048
'\'(-0.5-0]\'','\'(141.4-160.5]\'',jaguar,gas,std,four,sedan,rwd,front,'\'(110.61-114.04]\'','\'(194.7-201.4]\'','\'(68.7-69.9]\'','\'(52.6-53.8]\'','\'(3808.2-inf)\'',dohc,six,'\'(246.5-273]\'',mpfi,'\'(3.52-3.66]\'','\'(3.96-inf)\'','\'(-inf-8.6]\'','\'(168-192]\'','\'(4640-4885]\'','\'(-inf-16.6]\'','\'(-inf-19.8]\'',32250
'\'(-0.5-0]\'','\'(103.2-122.3]\'',jaguar,gas,std,four,sedan,rwd,front,'\'(110.61-114.04]\'','\'(194.7-201.4]\'','\'(68.7-69.9]\'','\'(52.6-53.8]\'','\'(3808.2-inf)\'',dohc,six,'\'(246.5-273]\'',mpfi,'\'(3.52-3.66]\'','\'(3.96-inf)\'','\'(-inf-8.6]\'','\'(168-192]\'','\'(4640-4885]\'','\'(-inf-16.6]\'','\'(-inf-19.8]\'',35550
'\'(-0.5-0]\'','\'(103.2-122.3]\'',jaguar,gas,std,two,sedan,rwd,front,'\'(100.32-103.75]\'','\'(188-194.7]\'','\'(69.9-71.1]\'','\'(-inf-49]\'','\'(3808.2-inf)\'',ohcv,twelve,'\'(299.5-inf)\'',mpfi,'\'(3.52-3.66]\'','\'(2.7-2.91]\'','\'(10.2-11.8]\'','\'(240-264]\'','\'(4885-5130]\'','\'(-inf-16.6]\'','\'(-inf-19.8]\'',36000
'\'(0.5-1]\'','\'(103.2-122.3]\'',mazda,gas,std,two,hatchback,fwd,front,'\'(90.03-93.46]\'','\'(154.5-161.2]\'','\'(63.9-65.1]\'','\'(53.8-55]\'','\'(1745.8-2003.6]\'',ohc,four,'\'(87.5-114]\'',2bbl,'\'(2.96-3.1]\'','\'(3.12-3.33]\'','\'(8.6-10.2]\'','\'(-inf-72]\'','\'(4885-5130]\'','\'(27.4-31]\'','\'(27.4-31.2]\'',5195
'\'(0.5-1]\'','\'(103.2-122.3]\'',mazda,gas,std,two,hatchback,fwd,front,'\'(90.03-93.46]\'','\'(154.5-161.2]\'','\'(63.9-65.1]\'','\'(53.8-55]\'','\'(1745.8-2003.6]\'',ohc,four,'\'(87.5-114]\'',2bbl,'\'(2.96-3.1]\'','\'(3.12-3.33]\'','\'(8.6-10.2]\'','\'(-inf-72]\'','\'(4885-5130]\'','\'(27.4-31]\'','\'(35-38.8]\'',6095
'\'(0.5-1]\'','\'(103.2-122.3]\'',mazda,gas,std,two,hatchback,fwd,front,'\'(90.03-93.46]\'','\'(154.5-161.2]\'','\'(63.9-65.1]\'','\'(53.8-55]\'','\'(1745.8-2003.6]\'',ohc,four,'\'(87.5-114]\'',2bbl,'\'(2.96-3.1]\'','\'(3.12-3.33]\'','\'(8.6-10.2]\'','\'(-inf-72]\'','\'(4885-5130]\'','\'(27.4-31]\'','\'(35-38.8]\'',6795
'\'(0.5-1]\'','\'(103.2-122.3]\'',mazda,gas,std,four,sedan,fwd,front,'\'(90.03-93.46]\'','\'(161.2-167.9]\'','\'(63.9-65.1]\'','\'(53.8-55]\'','\'(1745.8-2003.6]\'',ohc,four,'\'(87.5-114]\'',2bbl,'\'(2.96-3.1]\'','\'(3.12-3.33]\'','\'(8.6-10.2]\'','\'(-inf-72]\'','\'(4885-5130]\'','\'(27.4-31]\'','\'(35-38.8]\'',6695
'\'(0.5-1]\'','\'(103.2-122.3]\'',mazda,gas,std,four,sedan,fwd,front,'\'(90.03-93.46]\'','\'(161.2-167.9]\'','\'(63.9-65.1]\'','\'(53.8-55]\'','\'(1745.8-2003.6]\'',ohc,four,'\'(87.5-114]\'',2bbl,'\'(2.96-3.1]\'','\'(3.12-3.33]\'','\'(8.6-10.2]\'','\'(-inf-72]\'','\'(4885-5130]\'','\'(27.4-31]\'','\'(35-38.8]\'',7395
'\'(2.5-inf)\'','\'(141.4-160.5]\'',mazda,gas,std,two,hatchback,rwd,front,'\'(93.46-96.89]\'','\'(167.9-174.6]\'','\'(65.1-66.3]\'','\'(49-50.2]\'','\'(2261.4-2519.2]\'',rotor,two,'\'(-inf-87.5]\'',4bbl,'\'(3.24-3.38]\'','\'(3.12-3.33]\'','\'(8.6-10.2]\'','\'(96-120]\'','\'(5865-6110]\'','\'(16.6-20.2]\'','\'(19.8-23.6]\'',10945
'\'(2.5-inf)\'','\'(141.4-160.5]\'',mazda,gas,std,two,hatchback,rwd,front,'\'(93.46-96.89]\'','\'(167.9-174.6]\'','\'(65.1-66.3]\'','\'(49-50.2]\'','\'(2261.4-2519.2]\'',rotor,two,'\'(-inf-87.5]\'',4bbl,'\'(3.24-3.38]\'','\'(3.12-3.33]\'','\'(8.6-10.2]\'','\'(96-120]\'','\'(5865-6110]\'','\'(16.6-20.2]\'','\'(19.8-23.6]\'',11845
'\'(2.5-inf)\'','\'(141.4-160.5]\'',mazda,gas,std,two,hatchback,rwd,front,'\'(93.46-96.89]\'','\'(167.9-174.6]\'','\'(65.1-66.3]\'','\'(49-50.2]\'','\'(2261.4-2519.2]\'',rotor,two,'\'(-inf-87.5]\'',4bbl,'\'(3.24-3.38]\'','\'(3.12-3.33]\'','\'(8.6-10.2]\'','\'(96-120]\'','\'(5865-6110]\'','\'(16.6-20.2]\'','\'(19.8-23.6]\'',13645
'\'(2.5-inf)\'','\'(141.4-160.5]\'',mazda,gas,std,two,hatchback,rwd,front,'\'(93.46-96.89]\'','\'(167.9-174.6]\'','\'(65.1-66.3]\'','\'(49-50.2]\'','\'(2261.4-2519.2]\'',rotor,two,'\'(-inf-87.5]\'',mpfi,'\'(3.24-3.38]\'','\'(3.12-3.33]\'','\'(8.6-10.2]\'','\'(120-144]\'','\'(5865-6110]\'','\'(-inf-16.6]\'','\'(19.8-23.6]\'',15645
'\'(0.5-1]\'','\'(122.3-141.4]\'',mazda,gas,std,two,hatchback,fwd,front,'\'(96.89-100.32]\'','\'(174.6-181.3]\'','\'(66.3-67.5]\'','\'(52.6-53.8]\'','\'(2261.4-2519.2]\'',ohc,four,'\'(114-140.5]\'',2bbl,'\'(3.38-3.52]\'','\'(3.33-3.54]\'','\'(-inf-8.6]\'','\'(72-96]\'','\'(4640-4885]\'','\'(23.8-27.4]\'','\'(31.2-35]\'',8845
'\'(-0.5-0]\'','\'(103.2-122.3]\'',mazda,gas,std,four,sedan,fwd,front,'\'(96.89-100.32]\'','\'(174.6-181.3]\'','\'(66.3-67.5]\'','\'(55-56.2]\'','\'(2261.4-2519.2]\'',ohc,four,'\'(114-140.5]\'',2bbl,'\'(3.38-3.52]\'','\'(3.33-3.54]\'','\'(-inf-8.6]\'','\'(72-96]\'','\'(4640-4885]\'','\'(23.8-27.4]\'','\'(31.2-35]\'',8495
'\'(0.5-1]\'','\'(122.3-141.4]\'',mazda,gas,std,two,hatchback,fwd,front,'\'(96.89-100.32]\'','\'(174.6-181.3]\'','\'(66.3-67.5]\'','\'(52.6-53.8]\'','\'(2261.4-2519.2]\'',ohc,four,'\'(114-140.5]\'',2bbl,'\'(3.38-3.52]\'','\'(3.33-3.54]\'','\'(-inf-8.6]\'','\'(72-96]\'','\'(4640-4885]\'','\'(23.8-27.4]\'','\'(31.2-35]\'',10595
'\'(-0.5-0]\'','\'(103.2-122.3]\'',mazda,gas,std,four,sedan,fwd,front,'\'(96.89-100.32]\'','\'(174.6-181.3]\'','\'(66.3-67.5]\'','\'(55-56.2]\'','\'(2261.4-2519.2]\'',ohc,four,'\'(114-140.5]\'',2bbl,'\'(3.38-3.52]\'','\'(3.33-3.54]\'','\'(-inf-8.6]\'','\'(72-96]\'','\'(4640-4885]\'','\'(23.8-27.4]\'','\'(31.2-35]\'',10245
'\'(-0.5-0]\'','\'(103.2-122.3]\'',mazda,diesel,std,four,sedan,fwd,front,'\'(96.89-100.32]\'','\'(174.6-181.3]\'','\'(66.3-67.5]\'','\'(55-56.2]\'','\'(2261.4-2519.2]\'',ohc,four,'\'(114-140.5]\'',idi,'\'(3.38-3.52]\'','\'(3.33-3.54]\'','\'(21.4-inf)\'','\'(-inf-72]\'','\'(4640-4885]\'','\'(34.6-38.2]\'','\'(38.8-42.6]\'',10795
'\'(-0.5-0]\'','\'(103.2-122.3]\'',mazda,gas,std,four,hatchback,fwd,front,'\'(96.89-100.32]\'','\'(174.6-181.3]\'','\'(66.3-67.5]\'','\'(55-56.2]\'','\'(2261.4-2519.2]\'',ohc,four,'\'(114-140.5]\'',2bbl,'\'(3.38-3.52]\'','\'(3.33-3.54]\'','\'(-inf-8.6]\'','\'(72-96]\'','\'(4640-4885]\'','\'(23.8-27.4]\'','\'(31.2-35]\'',11245
'\'(-0.5-0]\'','\'(103.2-122.3]\'',mazda,gas,std,four,sedan,rwd,front,'\'(103.75-107.18]\'','\'(174.6-181.3]\'','\'(65.1-66.3]\'','\'(53.8-55]\'','\'(2519.2-2777]\'',ohc,four,'\'(114-140.5]\'',mpfi,'\'(3.66-3.8]\'','\'(3.12-3.33]\'','\'(-inf-8.6]\'','\'(96-120]\'','\'(4885-5130]\'','\'(16.6-20.2]\'','\'(23.6-27.4]\'',18280
'\'(-0.5-0]\'','\'(103.2-122.3]\'',mazda,diesel,std,four,sedan,rwd,front,'\'(103.75-107.18]\'','\'(174.6-181.3]\'','\'(65.1-66.3]\'','\'(53.8-55]\'','\'(2519.2-2777]\'',ohc,four,'\'(114-140.5]\'',idi,'\'(3.38-3.52]\'','\'(3.54-3.75]\'','\'(21.4-inf)\'','\'(-inf-72]\'','\'(-inf-4395]\'','\'(27.4-31]\'','\'(38.8-42.6]\'',18344
'\'(-1.5--1]\'','\'(84.1-103.2]\'',mercedes-benz,diesel,turbo,four,sedan,rwd,front,'\'(107.18-110.61]\'','\'(188-194.7]\'','\'(69.9-71.1]\'','\'(56.2-57.4]\'','\'(3292.6-3550.4]\'',ohc,five,'\'(167-193.5]\'',idi,'\'(3.52-3.66]\'','\'(3.54-3.75]\'','\'(21.4-inf)\'','\'(120-144]\'','\'(-inf-4395]\'','\'(20.2-23.8]\'','\'(23.6-27.4]\'',25552
'\'(-1.5--1]\'','\'(84.1-103.2]\'',mercedes-benz,diesel,turbo,four,wagon,rwd,front,'\'(107.18-110.61]\'','\'(188-194.7]\'','\'(69.9-71.1]\'','\'(58.6-inf)\'','\'(3550.4-3808.2]\'',ohc,five,'\'(167-193.5]\'',idi,'\'(3.52-3.66]\'','\'(3.54-3.75]\'','\'(21.4-inf)\'','\'(120-144]\'','\'(-inf-4395]\'','\'(20.2-23.8]\'','\'(23.6-27.4]\'',28248
'\'(-0.5-0]\'','\'(84.1-103.2]\'',mercedes-benz,diesel,turbo,two,hardtop,rwd,front,'\'(103.75-107.18]\'','\'(181.3-188]\'','\'(69.9-71.1]\'','\'(53.8-55]\'','\'(3292.6-3550.4]\'',ohc,five,'\'(167-193.5]\'',idi,'\'(3.52-3.66]\'','\'(3.54-3.75]\'','\'(21.4-inf)\'','\'(120-144]\'','\'(-inf-4395]\'','\'(20.2-23.8]\'','\'(23.6-27.4]\'',28176
'\'(-1.5--1]\'','\'(84.1-103.2]\'',mercedes-benz,diesel,turbo,four,sedan,rwd,front,'\'(114.04-117.47]\'','\'(201.4-inf)\'','\'(71.1-inf)\'','\'(56.2-57.4]\'','\'(3550.4-3808.2]\'',ohc,five,'\'(167-193.5]\'',idi,'\'(3.52-3.66]\'','\'(3.54-3.75]\'','\'(21.4-inf)\'','\'(120-144]\'','\'(-inf-4395]\'','\'(20.2-23.8]\'','\'(23.6-27.4]\'',31600
'\'(-1.5--1]\'','\'(103.2-122.3]\'',mercedes-benz,gas,std,four,sedan,rwd,front,'\'(114.04-117.47]\'','\'(201.4-inf)\'','\'(71.1-inf)\'','\'(56.2-57.4]\'','\'(3550.4-3808.2]\'',ohcv,eight,'\'(220-246.5]\'',mpfi,'\'(3.38-3.52]\'','\'(2.91-3.12]\'','\'(-inf-8.6]\'','\'(144-168]\'','\'(4640-4885]\'','\'(-inf-16.6]\'','\'(-inf-19.8]\'',34184
'\'(2.5-inf)\'','\'(141.4-160.5]\'',mercedes-benz,gas,std,two,convertible,rwd,front,'\'(93.46-96.89]\'','\'(174.6-181.3]\'','\'(69.9-71.1]\'','\'(50.2-51.4]\'','\'(3550.4-3808.2]\'',ohcv,eight,'\'(220-246.5]\'',mpfi,'\'(3.38-3.52]\'','\'(2.91-3.12]\'','\'(-inf-8.6]\'','\'(144-168]\'','\'(4640-4885]\'','\'(-inf-16.6]\'','\'(-inf-19.8]\'',35056
'\'(-0.5-0]\'','\'(103.2-122.3]\'',mercedes-benz,gas,std,four,sedan,rwd,front,'\'(117.47-inf)\'','\'(201.4-inf)\'','\'(71.1-inf)\'','\'(56.2-57.4]\'','\'(3808.2-inf)\'',ohcv,eight,'\'(299.5-inf)\'',mpfi,'\'(3.66-3.8]\'','\'(3.33-3.54]\'','\'(-inf-8.6]\'','\'(168-192]\'','\'(4395-4640]\'','\'(-inf-16.6]\'','\'(-inf-19.8]\'',40960
'\'(0.5-1]\'','\'(103.2-122.3]\'',mercedes-benz,gas,std,two,hardtop,rwd,front,'\'(110.61-114.04]\'','\'(194.7-201.4]\'','\'(71.1-inf)\'','\'(55-56.2]\'','\'(3550.4-3808.2]\'',ohcv,eight,'\'(299.5-inf)\'',mpfi,'\'(3.66-3.8]\'','\'(3.33-3.54]\'','\'(-inf-8.6]\'','\'(168-192]\'','\'(4395-4640]\'','\'(-inf-16.6]\'','\'(-inf-19.8]\'',45400
'\'(0.5-1]\'','\'(103.2-122.3]\'',mercury,gas,turbo,two,hatchback,rwd,front,'\'(100.32-103.75]\'','\'(174.6-181.3]\'','\'(67.5-68.7]\'','\'(53.8-55]\'','\'(2777-3034.8]\'',ohc,four,'\'(114-140.5]\'',mpfi,'\'(3.66-3.8]\'','\'(2.91-3.12]\'','\'(-inf-8.6]\'','\'(168-192]\'','\'(4885-5130]\'','\'(16.6-20.2]\'','\'(23.6-27.4]\'',16503
'\'(1.5-2]\'','\'(160.5-179.6]\'',mitsubishi,gas,std,two,hatchback,fwd,front,'\'(93.46-96.89]\'','\'(154.5-161.2]\'','\'(63.9-65.1]\'','\'(50.2-51.4]\'','\'(1745.8-2003.6]\'',ohc,four,'\'(87.5-114]\'',2bbl,'\'(2.96-3.1]\'','\'(3.12-3.33]\'','\'(8.6-10.2]\'','\'(-inf-72]\'','\'(5375-5620]\'','\'(34.6-38.2]\'','\'(38.8-42.6]\'',5389
'\'(1.5-2]\'','\'(160.5-179.6]\'',mitsubishi,gas,std,two,hatchback,fwd,front,'\'(93.46-96.89]\'','\'(154.5-161.2]\'','\'(63.9-65.1]\'','\'(50.2-51.4]\'','\'(1745.8-2003.6]\'',ohc,four,'\'(87.5-114]\'',2bbl,'\'(2.96-3.1]\'','\'(3.12-3.33]\'','\'(8.6-10.2]\'','\'(-inf-72]\'','\'(5375-5620]\'','\'(27.4-31]\'','\'(35-38.8]\'',6189
'\'(1.5-2]\'','\'(160.5-179.6]\'',mitsubishi,gas,std,two,hatchback,fwd,front,'\'(93.46-96.89]\'','\'(154.5-161.2]\'','\'(63.9-65.1]\'','\'(50.2-51.4]\'','\'(2003.6-2261.4]\'',ohc,four,'\'(87.5-114]\'',2bbl,'\'(2.96-3.1]\'','\'(3.12-3.33]\'','\'(8.6-10.2]\'','\'(-inf-72]\'','\'(5375-5620]\'','\'(27.4-31]\'','\'(35-38.8]\'',6669
'\'(0.5-1]\'','\'(160.5-179.6]\'',mitsubishi,gas,turbo,two,hatchback,fwd,front,'\'(90.03-93.46]\'','\'(154.5-161.2]\'','\'(62.7-63.9]\'','\'(50.2-51.4]\'','\'(2003.6-2261.4]\'',ohc,four,'\'(87.5-114]\'',spdi,'\'(2.96-3.1]\'','\'(3.33-3.54]\'','\'(-inf-8.6]\'','\'(96-120]\'','\'(5375-5620]\'','\'(23.8-27.4]\'','\'(27.4-31.2]\'',7689
'\'(2.5-inf)\'','\'(141.4-160.5]\'',mitsubishi,gas,turbo,two,hatchback,fwd,front,'\'(93.46-96.89]\'','\'(167.9-174.6]\'','\'(65.1-66.3]\'','\'(49-50.2]\'','\'(2261.4-2519.2]\'',ohc,four,'\'(87.5-114]\'',spdi,'\'(3.1-3.24]\'','\'(3.33-3.54]\'','\'(-inf-8.6]\'','\'(96-120]\'','\'(5375-5620]\'','\'(20.2-23.8]\'','\'(27.4-31.2]\'',9959
'\'(2.5-inf)\'','\'(141.4-160.5]\'',mitsubishi,gas,std,two,hatchback,fwd,front,'\'(93.46-96.89]\'','\'(167.9-174.6]\'','\'(65.1-66.3]\'','\'(49-50.2]\'','\'(2261.4-2519.2]\'',ohc,four,'\'(114-140.5]\'',2bbl,'\'(3.24-3.38]\'','\'(3.33-3.54]\'','\'(-inf-8.6]\'','\'(72-96]\'','\'(4885-5130]\'','\'(23.8-27.4]\'','\'(31.2-35]\'',8499
'\'(2.5-inf)\'','\'(103.2-122.3]\'',mitsubishi,gas,turbo,two,hatchback,fwd,front,'\'(93.46-96.89]\'','\'(167.9-174.6]\'','\'(65.1-66.3]\'','\'(50.2-51.4]\'','\'(2777-3034.8]\'',ohc,four,'\'(140.5-167]\'',spdi,'\'(3.52-3.66]\'','\'(3.75-3.96]\'','\'(-inf-8.6]\'','\'(144-168]\'','\'(4885-5130]\'','\'(16.6-20.2]\'','\'(23.6-27.4]\'',12629
'\'(2.5-inf)\'','\'(103.2-122.3]\'',mitsubishi,gas,turbo,two,hatchback,fwd,front,'\'(93.46-96.89]\'','\'(167.9-174.6]\'','\'(65.1-66.3]\'','\'(50.2-51.4]\'','\'(2777-3034.8]\'',ohc,four,'\'(140.5-167]\'',spdi,'\'(3.52-3.66]\'','\'(3.75-3.96]\'','\'(-inf-8.6]\'','\'(144-168]\'','\'(4885-5130]\'','\'(16.6-20.2]\'','\'(23.6-27.4]\'',14869
'\'(2.5-inf)\'','\'(103.2-122.3]\'',mitsubishi,gas,turbo,two,hatchback,fwd,front,'\'(93.46-96.89]\'','\'(167.9-174.6]\'','\'(65.1-66.3]\'','\'(50.2-51.4]\'','\'(2777-3034.8]\'',ohc,four,'\'(140.5-167]\'',spdi,'\'(3.52-3.66]\'','\'(3.75-3.96]\'','\'(-inf-8.6]\'','\'(144-168]\'','\'(4885-5130]\'','\'(16.6-20.2]\'','\'(23.6-27.4]\'',14489
'\'(0.5-1]\'','\'(122.3-141.4]\'',mitsubishi,gas,std,four,sedan,fwd,front,'\'(93.46-96.89]\'','\'(167.9-174.6]\'','\'(65.1-66.3]\'','\'(51.4-52.6]\'','\'(2261.4-2519.2]\'',ohc,four,'\'(114-140.5]\'',2bbl,'\'(3.24-3.38]\'','\'(3.33-3.54]\'','\'(-inf-8.6]\'','\'(72-96]\'','\'(4885-5130]\'','\'(23.8-27.4]\'','\'(31.2-35]\'',6989
'\'(0.5-1]\'','\'(122.3-141.4]\'',mitsubishi,gas,std,four,sedan,fwd,front,'\'(93.46-96.89]\'','\'(167.9-174.6]\'','\'(65.1-66.3]\'','\'(51.4-52.6]\'','\'(2261.4-2519.2]\'',ohc,four,'\'(114-140.5]\'',2bbl,'\'(3.24-3.38]\'','\'(3.33-3.54]\'','\'(-inf-8.6]\'','\'(72-96]\'','\'(4885-5130]\'','\'(23.8-27.4]\'','\'(31.2-35]\'',8189
'\'(0.5-1]\'','\'(122.3-141.4]\'',mitsubishi,gas,turbo,four,sedan,fwd,front,'\'(93.46-96.89]\'','\'(167.9-174.6]\'','\'(65.1-66.3]\'','\'(51.4-52.6]\'','\'(2261.4-2519.2]\'',ohc,four,'\'(87.5-114]\'',spdi,'\'(3.1-3.24]\'','\'(3.33-3.54]\'','\'(-inf-8.6]\'','\'(96-120]\'','\'(5375-5620]\'','\'(20.2-23.8]\'','\'(27.4-31.2]\'',9279
'\'(-1.5--1]\'','\'(122.3-141.4]\'',mitsubishi,gas,std,four,sedan,fwd,front,'\'(93.46-96.89]\'','\'(167.9-174.6]\'','\'(65.1-66.3]\'','\'(51.4-52.6]\'','\'(2261.4-2519.2]\'',ohc,four,'\'(87.5-114]\'',spdi,'\'(3.1-3.24]\'','\'(3.33-3.54]\'','\'(-inf-8.6]\'','\'(96-120]\'','\'(5375-5620]\'','\'(20.2-23.8]\'','\'(27.4-31.2]\'',9279
'\'(0.5-1]\'','\'(122.3-141.4]\'',nissan,gas,std,two,sedan,fwd,front,'\'(93.46-96.89]\'','\'(161.2-167.9]\'','\'(62.7-63.9]\'','\'(53.8-55]\'','\'(1745.8-2003.6]\'',ohc,four,'\'(87.5-114]\'',2bbl,'\'(3.1-3.24]\'','\'(3.12-3.33]\'','\'(8.6-10.2]\'','\'(-inf-72]\'','\'(5130-5375]\'','\'(27.4-31]\'','\'(35-38.8]\'',5499
'\'(0.5-1]\'','\'(122.3-141.4]\'',nissan,diesel,std,two,sedan,fwd,front,'\'(93.46-96.89]\'','\'(161.2-167.9]\'','\'(62.7-63.9]\'','\'(53.8-55]\'','\'(2003.6-2261.4]\'',ohc,four,'\'(87.5-114]\'',idi,'\'(2.96-3.1]\'','\'(3.33-3.54]\'','\'(21.4-inf)\'','\'(-inf-72]\'','\'(4640-4885]\'','\'(41.8-45.4]\'','\'(46.4-50.2]\'',7099
'\'(0.5-1]\'','\'(122.3-141.4]\'',nissan,gas,std,two,sedan,fwd,front,'\'(93.46-96.89]\'','\'(161.2-167.9]\'','\'(62.7-63.9]\'','\'(53.8-55]\'','\'(1745.8-2003.6]\'',ohc,four,'\'(87.5-114]\'',2bbl,'\'(3.1-3.24]\'','\'(3.12-3.33]\'','\'(8.6-10.2]\'','\'(-inf-72]\'','\'(5130-5375]\'','\'(27.4-31]\'','\'(35-38.8]\'',6649
'\'(0.5-1]\'','\'(103.2-122.3]\'',nissan,gas,std,four,sedan,fwd,front,'\'(93.46-96.89]\'','\'(161.2-167.9]\'','\'(62.7-63.9]\'','\'(53.8-55]\'','\'(1745.8-2003.6]\'',ohc,four,'\'(87.5-114]\'',2bbl,'\'(3.1-3.24]\'','\'(3.12-3.33]\'','\'(8.6-10.2]\'','\'(-inf-72]\'','\'(5130-5375]\'','\'(27.4-31]\'','\'(35-38.8]\'',6849
'\'(0.5-1]\'','\'(84.1-103.2]\'',nissan,gas,std,four,wagon,fwd,front,'\'(93.46-96.89]\'','\'(167.9-174.6]\'','\'(62.7-63.9]\'','\'(52.6-53.8]\'','\'(2003.6-2261.4]\'',ohc,four,'\'(87.5-114]\'',2bbl,'\'(3.1-3.24]\'','\'(3.12-3.33]\'','\'(8.6-10.2]\'','\'(-inf-72]\'','\'(5130-5375]\'','\'(27.4-31]\'','\'(35-38.8]\'',7349
'\'(0.5-1]\'','\'(122.3-141.4]\'',nissan,gas,std,two,sedan,fwd,front,'\'(93.46-96.89]\'','\'(161.2-167.9]\'','\'(62.7-63.9]\'','\'(53.8-55]\'','\'(1745.8-2003.6]\'',ohc,four,'\'(87.5-114]\'',2bbl,'\'(3.1-3.24]\'','\'(3.12-3.33]\'','\'(8.6-10.2]\'','\'(-inf-72]\'','\'(5130-5375]\'','\'(27.4-31]\'','\'(35-38.8]\'',7299
'\'(0.5-1]\'','\'(122.3-141.4]\'',nissan,gas,std,two,hatchback,fwd,front,'\'(93.46-96.89]\'','\'(161.2-167.9]\'','\'(62.7-63.9]\'','\'(52.6-53.8]\'','\'(2003.6-2261.4]\'',ohc,four,'\'(87.5-114]\'',2bbl,'\'(3.1-3.24]\'','\'(3.12-3.33]\'','\'(8.6-10.2]\'','\'(-inf-72]\'','\'(5130-5375]\'','\'(27.4-31]\'','\'(35-38.8]\'',7799
'\'(0.5-1]\'','\'(103.2-122.3]\'',nissan,gas,std,four,sedan,fwd,front,'\'(93.46-96.89]\'','\'(161.2-167.9]\'','\'(62.7-63.9]\'','\'(53.8-55]\'','\'(1745.8-2003.6]\'',ohc,four,'\'(87.5-114]\'',2bbl,'\'(3.1-3.24]\'','\'(3.12-3.33]\'','\'(8.6-10.2]\'','\'(-inf-72]\'','\'(5130-5375]\'','\'(27.4-31]\'','\'(35-38.8]\'',7499
'\'(0.5-1]\'','\'(84.1-103.2]\'',nissan,gas,std,four,wagon,fwd,front,'\'(93.46-96.89]\'','\'(167.9-174.6]\'','\'(62.7-63.9]\'','\'(52.6-53.8]\'','\'(2003.6-2261.4]\'',ohc,four,'\'(87.5-114]\'',2bbl,'\'(3.1-3.24]\'','\'(3.12-3.33]\'','\'(8.6-10.2]\'','\'(-inf-72]\'','\'(5130-5375]\'','\'(27.4-31]\'','\'(35-38.8]\'',7999
'\'(1.5-2]\'','\'(160.5-179.6]\'',nissan,gas,std,two,hardtop,fwd,front,'\'(93.46-96.89]\'','\'(161.2-167.9]\'','\'(62.7-63.9]\'','\'(52.6-53.8]\'','\'(2003.6-2261.4]\'',ohc,four,'\'(87.5-114]\'',2bbl,'\'(3.1-3.24]\'','\'(3.12-3.33]\'','\'(8.6-10.2]\'','\'(-inf-72]\'','\'(5130-5375]\'','\'(27.4-31]\'','\'(35-38.8]\'',8249
'\'(-0.5-0]\'','\'(103.2-122.3]\'',nissan,gas,std,four,hatchback,fwd,front,'\'(96.89-100.32]\'','\'(167.9-174.6]\'','\'(65.1-66.3]\'','\'(53.8-55]\'','\'(2261.4-2519.2]\'',ohc,four,'\'(114-140.5]\'',2bbl,'\'(3.24-3.38]\'','\'(3.33-3.54]\'','\'(-inf-8.6]\'','\'(96-120]\'','\'(5130-5375]\'','\'(23.8-27.4]\'','\'(31.2-35]\'',8949
'\'(-0.5-0]\'','\'(103.2-122.3]\'',nissan,gas,std,four,sedan,fwd,front,'\'(96.89-100.32]\'','\'(167.9-174.6]\'','\'(65.1-66.3]\'','\'(53.8-55]\'','\'(2261.4-2519.2]\'',ohc,four,'\'(114-140.5]\'',2bbl,'\'(3.24-3.38]\'','\'(3.33-3.54]\'','\'(-inf-8.6]\'','\'(96-120]\'','\'(5130-5375]\'','\'(23.8-27.4]\'','\'(31.2-35]\'',9549
'\'(-0.5-0]\'','\'(122.3-141.4]\'',nissan,gas,std,four,sedan,fwd,front,'\'(100.32-103.75]\'','\'(181.3-188]\'','\'(66.3-67.5]\'','\'(55-56.2]\'','\'(3034.8-3292.6]\'',ohcv,six,'\'(167-193.5]\'',mpfi,'\'(3.38-3.52]\'','\'(3.12-3.33]\'','\'(8.6-10.2]\'','\'(144-168]\'','\'(5130-5375]\'','\'(16.6-20.2]\'','\'(19.8-23.6]\'',13499
'\'(-0.5-0]\'','\'(103.2-122.3]\'',nissan,gas,std,four,wagon,fwd,front,'\'(100.32-103.75]\'','\'(181.3-188]\'','\'(66.3-67.5]\'','\'(55-56.2]\'','\'(3292.6-3550.4]\'',ohcv,six,'\'(167-193.5]\'',mpfi,'\'(3.38-3.52]\'','\'(3.12-3.33]\'','\'(8.6-10.2]\'','\'(144-168]\'','\'(5130-5375]\'','\'(16.6-20.2]\'','\'(19.8-23.6]\'',14399
'\'(-0.5-0]\'','\'(103.2-122.3]\'',nissan,gas,std,four,sedan,fwd,front,'\'(100.32-103.75]\'','\'(181.3-188]\'','\'(66.3-67.5]\'','\'(55-56.2]\'','\'(3034.8-3292.6]\'',ohcv,six,'\'(167-193.5]\'',mpfi,'\'(3.38-3.52]\'','\'(3.12-3.33]\'','\'(8.6-10.2]\'','\'(144-168]\'','\'(5130-5375]\'','\'(16.6-20.2]\'','\'(23.6-27.4]\'',13499
'\'(2.5-inf)\'','\'(179.6-198.7]\'',nissan,gas,std,two,hatchback,rwd,front,'\'(90.03-93.46]\'','\'(167.9-174.6]\'','\'(67.5-68.7]\'','\'(49-50.2]\'','\'(3034.8-3292.6]\'',ohcv,six,'\'(167-193.5]\'',mpfi,'\'(3.38-3.52]\'','\'(3.12-3.33]\'','\'(8.6-10.2]\'','\'(144-168]\'','\'(5130-5375]\'','\'(16.6-20.2]\'','\'(23.6-27.4]\'',17199
'\'(2.5-inf)\'','\'(179.6-198.7]\'',nissan,gas,turbo,two,hatchback,rwd,front,'\'(90.03-93.46]\'','\'(167.9-174.6]\'','\'(67.5-68.7]\'','\'(49-50.2]\'','\'(3034.8-3292.6]\'',ohcv,six,'\'(167-193.5]\'',mpfi,'\'(3.38-3.52]\'','\'(3.12-3.33]\'','\'(-inf-8.6]\'','\'(192-216]\'','\'(5130-5375]\'','\'(16.6-20.2]\'','\'(19.8-23.6]\'',19699
'\'(0.5-1]\'','\'(217.8-236.9]\'',nissan,gas,std,two,hatchback,rwd,front,'\'(96.89-100.32]\'','\'(174.6-181.3]\'','\'(67.5-68.7]\'','\'(49-50.2]\'','\'(3034.8-3292.6]\'',ohcv,six,'\'(167-193.5]\'',mpfi,'\'(3.38-3.52]\'','\'(3.12-3.33]\'','\'(8.6-10.2]\'','\'(144-168]\'','\'(5130-5375]\'','\'(16.6-20.2]\'','\'(23.6-27.4]\'',18399
'\'(-0.5-0]\'','\'(160.5-179.6]\'',peugot,gas,std,four,sedan,rwd,front,'\'(107.18-110.61]\'','\'(181.3-188]\'','\'(67.5-68.7]\'','\'(56.2-57.4]\'','\'(2777-3034.8]\'',l,four,'\'(114-140.5]\'',mpfi,'\'(3.38-3.52]\'','\'(3.12-3.33]\'','\'(-inf-8.6]\'','\'(96-120]\'','\'(4885-5130]\'','\'(16.6-20.2]\'','\'(23.6-27.4]\'',11900
'\'(-0.5-0]\'','\'(160.5-179.6]\'',peugot,diesel,turbo,four,sedan,rwd,front,'\'(107.18-110.61]\'','\'(181.3-188]\'','\'(67.5-68.7]\'','\'(56.2-57.4]\'','\'(3034.8-3292.6]\'',l,four,'\'(140.5-167]\'',idi,'\'(3.66-3.8]\'','\'(3.33-3.54]\'','\'(19.8-21.4]\'','\'(72-96]\'','\'(-inf-4395]\'','\'(27.4-31]\'','\'(31.2-35]\'',13200
'\'(-0.5-0]\'','\'(103.2-122.3]\'',peugot,gas,std,four,wagon,rwd,front,'\'(114.04-117.47]\'','\'(194.7-201.4]\'','\'(67.5-68.7]\'','\'(58.6-inf)\'','\'(3034.8-3292.6]\'',l,four,'\'(114-140.5]\'',mpfi,'\'(3.38-3.52]\'','\'(3.12-3.33]\'','\'(-inf-8.6]\'','\'(96-120]\'','\'(4885-5130]\'','\'(16.6-20.2]\'','\'(23.6-27.4]\'',12440
'\'(-0.5-0]\'','\'(103.2-122.3]\'',peugot,diesel,turbo,four,wagon,rwd,front,'\'(114.04-117.47]\'','\'(194.7-201.4]\'','\'(67.5-68.7]\'','\'(58.6-inf)\'','\'(3292.6-3550.4]\'',l,four,'\'(140.5-167]\'',idi,'\'(3.66-3.8]\'','\'(3.33-3.54]\'','\'(19.8-21.4]\'','\'(72-96]\'','\'(-inf-4395]\'','\'(23.8-27.4]\'','\'(23.6-27.4]\'',13860
'\'(-0.5-0]\'','\'(160.5-179.6]\'',peugot,gas,std,four,sedan,rwd,front,'\'(107.18-110.61]\'','\'(181.3-188]\'','\'(67.5-68.7]\'','\'(56.2-57.4]\'','\'(3034.8-3292.6]\'',l,four,'\'(114-140.5]\'',mpfi,'\'(3.38-3.52]\'','\'(-inf-2.28]\'','\'(-inf-8.6]\'','\'(72-96]\'','\'(4885-5130]\'','\'(16.6-20.2]\'','\'(23.6-27.4]\'',15580
'\'(-0.5-0]\'','\'(160.5-179.6]\'',peugot,diesel,turbo,four,sedan,rwd,front,'\'(107.18-110.61]\'','\'(181.3-188]\'','\'(67.5-68.7]\'','\'(56.2-57.4]\'','\'(3034.8-3292.6]\'',l,four,'\'(140.5-167]\'',idi,'\'(3.66-3.8]\'','\'(3.33-3.54]\'','\'(19.8-21.4]\'','\'(72-96]\'','\'(-inf-4395]\'','\'(27.4-31]\'','\'(31.2-35]\'',16900
'\'(-0.5-0]\'','\'(103.2-122.3]\'',peugot,gas,std,four,wagon,rwd,front,'\'(114.04-117.47]\'','\'(194.7-201.4]\'','\'(67.5-68.7]\'','\'(56.2-57.4]\'','\'(3034.8-3292.6]\'',l,four,'\'(114-140.5]\'',mpfi,'\'(3.38-3.52]\'','\'(-inf-2.28]\'','\'(-inf-8.6]\'','\'(72-96]\'','\'(4885-5130]\'','\'(16.6-20.2]\'','\'(23.6-27.4]\'',16695
'\'(-0.5-0]\'','\'(103.2-122.3]\'',peugot,diesel,turbo,four,wagon,rwd,front,'\'(114.04-117.47]\'','\'(194.7-201.4]\'','\'(67.5-68.7]\'','\'(58.6-inf)\'','\'(3292.6-3550.4]\'',l,four,'\'(140.5-167]\'',idi,'\'(3.66-3.8]\'','\'(3.33-3.54]\'','\'(19.8-21.4]\'','\'(72-96]\'','\'(-inf-4395]\'','\'(23.8-27.4]\'','\'(23.6-27.4]\'',17075
'\'(-0.5-0]\'','\'(160.5-179.6]\'',peugot,gas,std,four,sedan,rwd,front,'\'(107.18-110.61]\'','\'(181.3-188]\'','\'(67.5-68.7]\'','\'(56.2-57.4]\'','\'(3034.8-3292.6]\'',l,four,'\'(114-140.5]\'',mpfi,'\'(3.38-3.52]\'','\'(3.12-3.33]\'','\'(-inf-8.6]\'','\'(96-120]\'','\'(4885-5130]\'','\'(16.6-20.2]\'','\'(23.6-27.4]\'',16630
'\'(-0.5-0]\'','\'(160.5-179.6]\'',peugot,diesel,turbo,four,sedan,rwd,front,'\'(107.18-110.61]\'','\'(181.3-188]\'','\'(67.5-68.7]\'','\'(56.2-57.4]\'','\'(3034.8-3292.6]\'',l,four,'\'(140.5-167]\'',idi,'\'(3.66-3.8]\'','\'(3.33-3.54]\'','\'(19.8-21.4]\'','\'(72-96]\'','\'(-inf-4395]\'','\'(27.4-31]\'','\'(31.2-35]\'',17950
'\'(-0.5-0]\'','\'(160.5-179.6]\'',peugot,gas,turbo,four,sedan,rwd,front,'\'(107.18-110.61]\'','\'(181.3-188]\'','\'(67.5-68.7]\'','\'(55-56.2]\'','\'(3034.8-3292.6]\'',l,four,'\'(114-140.5]\'',mpfi,'\'(3.52-3.66]\'','\'(3.12-3.33]\'','\'(-inf-8.6]\'','\'(120-144]\'','\'(5375-5620]\'','\'(16.6-20.2]\'','\'(23.6-27.4]\'',18150
'\'(0.5-1]\'','\'(103.2-122.3]\'',plymouth,gas,std,two,hatchback,fwd,front,'\'(93.46-96.89]\'','\'(154.5-161.2]\'','\'(62.7-63.9]\'','\'(50.2-51.4]\'','\'(1745.8-2003.6]\'',ohc,four,'\'(87.5-114]\'',2bbl,'\'(2.96-3.1]\'','\'(3.12-3.33]\'','\'(8.6-10.2]\'','\'(-inf-72]\'','\'(5375-5620]\'','\'(34.6-38.2]\'','\'(38.8-42.6]\'',5572
'\'(0.5-1]\'','\'(103.2-122.3]\'',plymouth,gas,turbo,two,hatchback,fwd,front,'\'(93.46-96.89]\'','\'(154.5-161.2]\'','\'(62.7-63.9]\'','\'(50.2-51.4]\'','\'(2003.6-2261.4]\'',ohc,four,'\'(87.5-114]\'',spdi,'\'(2.96-3.1]\'','\'(3.33-3.54]\'','\'(-inf-8.6]\'','\'(96-120]\'','\'(5375-5620]\'','\'(23.8-27.4]\'','\'(27.4-31.2]\'',7957
'\'(0.5-1]\'','\'(141.4-160.5]\'',plymouth,gas,std,four,hatchback,fwd,front,'\'(93.46-96.89]\'','\'(154.5-161.2]\'','\'(62.7-63.9]\'','\'(50.2-51.4]\'','\'(1745.8-2003.6]\'',ohc,four,'\'(87.5-114]\'',2bbl,'\'(2.96-3.1]\'','\'(3.12-3.33]\'','\'(8.6-10.2]\'','\'(-inf-72]\'','\'(5375-5620]\'','\'(27.4-31]\'','\'(35-38.8]\'',6229
'\'(0.5-1]\'','\'(141.4-160.5]\'',plymouth,gas,std,four,sedan,fwd,front,'\'(93.46-96.89]\'','\'(161.2-167.9]\'','\'(62.7-63.9]\'','\'(50.2-51.4]\'','\'(1745.8-2003.6]\'',ohc,four,'\'(87.5-114]\'',2bbl,'\'(2.96-3.1]\'','\'(3.12-3.33]\'','\'(8.6-10.2]\'','\'(-inf-72]\'','\'(5375-5620]\'','\'(27.4-31]\'','\'(35-38.8]\'',6692
'\'(0.5-1]\'','\'(141.4-160.5]\'',plymouth,gas,std,four,sedan,fwd,front,'\'(93.46-96.89]\'','\'(161.2-167.9]\'','\'(62.7-63.9]\'','\'(50.2-51.4]\'','\'(2003.6-2261.4]\'',ohc,four,'\'(87.5-114]\'',2bbl,'\'(2.96-3.1]\'','\'(3.12-3.33]\'','\'(8.6-10.2]\'','\'(-inf-72]\'','\'(5375-5620]\'','\'(27.4-31]\'','\'(35-38.8]\'',7609
'\'(-1.5--1]\'','\'(-inf-84.1]\'',plymouth,gas,std,four,wagon,fwd,front,'\'(100.32-103.75]\'','\'(167.9-174.6]\'','\'(63.9-65.1]\'','\'(58.6-inf)\'','\'(2519.2-2777]\'',ohc,four,'\'(114-140.5]\'',2bbl,'\'(3.24-3.38]\'','\'(3.33-3.54]\'','\'(-inf-8.6]\'','\'(72-96]\'','\'(4885-5130]\'','\'(23.8-27.4]\'','\'(27.4-31.2]\'',8921
'\'(2.5-inf)\'','\'(103.2-122.3]\'',plymouth,gas,turbo,two,hatchback,rwd,front,'\'(93.46-96.89]\'','\'(167.9-174.6]\'','\'(65.1-66.3]\'','\'(50.2-51.4]\'','\'(2777-3034.8]\'',ohc,four,'\'(140.5-167]\'',spdi,'\'(3.52-3.66]\'','\'(3.75-3.96]\'','\'(-inf-8.6]\'','\'(144-168]\'','\'(4885-5130]\'','\'(16.6-20.2]\'','\'(23.6-27.4]\'',12764
'\'(2.5-inf)\'','\'(179.6-198.7]\'',porsche,gas,std,two,hatchback,rwd,front,'\'(93.46-96.89]\'','\'(167.9-174.6]\'','\'(67.5-68.7]\'','\'(50.2-51.4]\'','\'(2777-3034.8]\'',ohc,four,'\'(140.5-167]\'',mpfi,'\'(3.8-inf)\'','\'(2.91-3.12]\'','\'(8.6-10.2]\'','\'(120-144]\'','\'(5375-5620]\'','\'(16.6-20.2]\'','\'(23.6-27.4]\'',22018
'\'(2.5-inf)\'','\'(103.2-122.3]\'',porsche,gas,std,two,hardtop,rwd,rear,'\'(-inf-90.03]\'','\'(167.9-174.6]\'','\'(63.9-65.1]\'','\'(51.4-52.6]\'','\'(2519.2-2777]\'',ohcf,six,'\'(193.5-220]\'',mpfi,'\'(3.66-3.8]\'','\'(2.7-2.91]\'','\'(8.6-10.2]\'','\'(192-216]\'','\'(5865-6110]\'','\'(16.6-20.2]\'','\'(23.6-27.4]\'',32528
'\'(2.5-inf)\'','\'(103.2-122.3]\'',porsche,gas,std,two,hardtop,rwd,rear,'\'(-inf-90.03]\'','\'(167.9-174.6]\'','\'(63.9-65.1]\'','\'(51.4-52.6]\'','\'(2519.2-2777]\'',ohcf,six,'\'(193.5-220]\'',mpfi,'\'(3.66-3.8]\'','\'(2.7-2.91]\'','\'(8.6-10.2]\'','\'(192-216]\'','\'(5865-6110]\'','\'(16.6-20.2]\'','\'(23.6-27.4]\'',34028
'\'(2.5-inf)\'','\'(103.2-122.3]\'',porsche,gas,std,two,convertible,rwd,rear,'\'(-inf-90.03]\'','\'(167.9-174.6]\'','\'(63.9-65.1]\'','\'(51.4-52.6]\'','\'(2777-3034.8]\'',ohcf,six,'\'(193.5-220]\'',mpfi,'\'(3.66-3.8]\'','\'(2.7-2.91]\'','\'(8.6-10.2]\'','\'(192-216]\'','\'(5865-6110]\'','\'(16.6-20.2]\'','\'(23.6-27.4]\'',37028
'\'(0.5-1]\'','\'(103.2-122.3]\'',porsche,gas,std,two,hatchback,rwd,front,'\'(96.89-100.32]\'','\'(174.6-181.3]\'','\'(71.1-inf)\'','\'(50.2-51.4]\'','\'(3292.6-3550.4]\'',dohcv,eight,'\'(193.5-220]\'',mpfi,'\'(3.8-inf)\'','\'(2.91-3.12]\'','\'(8.6-10.2]\'','\'(264-inf)\'','\'(5620-5865]\'','\'(16.6-20.2]\'','\'(27.4-31.2]\'',?
'\'(-0.5-0]\'','\'(103.2-122.3]\'',renault,gas,std,four,wagon,fwd,front,'\'(93.46-96.89]\'','\'(181.3-188]\'','\'(66.3-67.5]\'','\'(55-56.2]\'','\'(2519.2-2777]\'',ohc,four,'\'(114-140.5]\'',mpfi,'\'(3.38-3.52]\'','\'(3.75-3.96]\'','\'(8.6-10.2]\'','\'(96-120]\'','\'(4885-5130]\'','\'(20.2-23.8]\'','\'(27.4-31.2]\'',9295
'\'(1.5-2]\'','\'(103.2-122.3]\'',renault,gas,std,two,hatchback,fwd,front,'\'(93.46-96.89]\'','\'(174.6-181.3]\'','\'(66.3-67.5]\'','\'(50.2-51.4]\'','\'(2261.4-2519.2]\'',ohc,four,'\'(114-140.5]\'',mpfi,'\'(3.38-3.52]\'','\'(3.75-3.96]\'','\'(8.6-10.2]\'','\'(96-120]\'','\'(4885-5130]\'','\'(20.2-23.8]\'','\'(27.4-31.2]\'',9895
'\'(2.5-inf)\'','\'(141.4-160.5]\'',saab,gas,std,two,hatchback,fwd,front,'\'(96.89-100.32]\'','\'(181.3-188]\'','\'(66.3-67.5]\'','\'(55-56.2]\'','\'(2519.2-2777]\'',ohc,four,'\'(114-140.5]\'',mpfi,'\'(3.52-3.66]\'','\'(2.91-3.12]\'','\'(8.6-10.2]\'','\'(96-120]\'','\'(5130-5375]\'','\'(20.2-23.8]\'','\'(27.4-31.2]\'',11850
'\'(1.5-2]\'','\'(103.2-122.3]\'',saab,gas,std,four,sedan,fwd,front,'\'(96.89-100.32]\'','\'(181.3-188]\'','\'(66.3-67.5]\'','\'(55-56.2]\'','\'(2519.2-2777]\'',ohc,four,'\'(114-140.5]\'',mpfi,'\'(3.52-3.66]\'','\'(2.91-3.12]\'','\'(8.6-10.2]\'','\'(96-120]\'','\'(5130-5375]\'','\'(20.2-23.8]\'','\'(27.4-31.2]\'',12170
'\'(2.5-inf)\'','\'(141.4-160.5]\'',saab,gas,std,two,hatchback,fwd,front,'\'(96.89-100.32]\'','\'(181.3-188]\'','\'(66.3-67.5]\'','\'(55-56.2]\'','\'(2519.2-2777]\'',ohc,four,'\'(114-140.5]\'',mpfi,'\'(-inf-2.68]\'','\'(-inf-2.28]\'','\'(8.6-10.2]\'','\'(96-120]\'','\'(5130-5375]\'','\'(20.2-23.8]\'','\'(27.4-31.2]\'',15040
'\'(1.5-2]\'','\'(103.2-122.3]\'',saab,gas,std,four,sedan,fwd,front,'\'(96.89-100.32]\'','\'(181.3-188]\'','\'(66.3-67.5]\'','\'(55-56.2]\'','\'(2519.2-2777]\'',ohc,four,'\'(114-140.5]\'',mpfi,'\'(3.52-3.66]\'','\'(2.91-3.12]\'','\'(8.6-10.2]\'','\'(96-120]\'','\'(5130-5375]\'','\'(20.2-23.8]\'','\'(27.4-31.2]\'',15510
'\'(2.5-inf)\'','\'(141.4-160.5]\'',saab,gas,turbo,two,hatchback,fwd,front,'\'(96.89-100.32]\'','\'(181.3-188]\'','\'(66.3-67.5]\'','\'(55-56.2]\'','\'(2777-3034.8]\'',dohc,four,'\'(114-140.5]\'',mpfi,'\'(3.52-3.66]\'','\'(2.91-3.12]\'','\'(8.6-10.2]\'','\'(144-168]\'','\'(5375-5620]\'','\'(16.6-20.2]\'','\'(23.6-27.4]\'',18150
'\'(1.5-2]\'','\'(103.2-122.3]\'',saab,gas,turbo,four,sedan,fwd,front,'\'(96.89-100.32]\'','\'(181.3-188]\'','\'(66.3-67.5]\'','\'(55-56.2]\'','\'(2777-3034.8]\'',dohc,four,'\'(114-140.5]\'',mpfi,'\'(3.52-3.66]\'','\'(2.91-3.12]\'','\'(8.6-10.2]\'','\'(144-168]\'','\'(5375-5620]\'','\'(16.6-20.2]\'','\'(23.6-27.4]\'',18620
'\'(1.5-2]\'','\'(-inf-84.1]\'',subaru,gas,std,two,hatchback,fwd,front,'\'(93.46-96.89]\'','\'(154.5-161.2]\'','\'(62.7-63.9]\'','\'(52.6-53.8]\'','\'(2003.6-2261.4]\'',ohcf,four,'\'(87.5-114]\'',2bbl,'\'(3.52-3.66]\'','\'(2.28-2.49]\'','\'(8.6-10.2]\'','\'(-inf-72]\'','\'(4885-5130]\'','\'(27.4-31]\'','\'(35-38.8]\'',5118
'\'(1.5-2]\'','\'(-inf-84.1]\'',subaru,gas,std,two,hatchback,fwd,front,'\'(93.46-96.89]\'','\'(154.5-161.2]\'','\'(62.7-63.9]\'','\'(52.6-53.8]\'','\'(2003.6-2261.4]\'',ohcf,four,'\'(87.5-114]\'',2bbl,'\'(3.52-3.66]\'','\'(2.49-2.7]\'','\'(8.6-10.2]\'','\'(72-96]\'','\'(4395-4640]\'','\'(23.8-27.4]\'','\'(27.4-31.2]\'',7053
'\'(1.5-2]\'','\'(-inf-84.1]\'',subaru,gas,std,two,hatchback,4wd,front,'\'(90.03-93.46]\'','\'(154.5-161.2]\'','\'(62.7-63.9]\'','\'(55-56.2]\'','\'(2003.6-2261.4]\'',ohcf,four,'\'(87.5-114]\'',2bbl,'\'(3.52-3.66]\'','\'(2.49-2.7]\'','\'(8.6-10.2]\'','\'(72-96]\'','\'(4395-4640]\'','\'(23.8-27.4]\'','\'(27.4-31.2]\'',7603
'\'(-0.5-0]\'','\'(84.1-103.2]\'',subaru,gas,std,four,sedan,fwd,front,'\'(96.89-100.32]\'','\'(167.9-174.6]\'','\'(65.1-66.3]\'','\'(51.4-52.6]\'','\'(2003.6-2261.4]\'',ohcf,four,'\'(87.5-114]\'',2bbl,'\'(3.52-3.66]\'','\'(2.49-2.7]\'','\'(8.6-10.2]\'','\'(72-96]\'','\'(4640-4885]\'','\'(31-34.6]\'','\'(35-38.8]\'',7126
'\'(-0.5-0]\'','\'(84.1-103.2]\'',subaru,gas,std,four,sedan,fwd,front,'\'(96.89-100.32]\'','\'(167.9-174.6]\'','\'(65.1-66.3]\'','\'(51.4-52.6]\'','\'(2003.6-2261.4]\'',ohcf,four,'\'(87.5-114]\'',2bbl,'\'(3.52-3.66]\'','\'(2.49-2.7]\'','\'(8.6-10.2]\'','\'(72-96]\'','\'(4395-4640]\'','\'(27.4-31]\'','\'(31.2-35]\'',7775
'\'(-0.5-0]\'','\'(84.1-103.2]\'',subaru,gas,std,four,sedan,fwd,front,'\'(96.89-100.32]\'','\'(167.9-174.6]\'','\'(65.1-66.3]\'','\'(51.4-52.6]\'','\'(2261.4-2519.2]\'',ohcf,four,'\'(87.5-114]\'',mpfi,'\'(3.52-3.66]\'','\'(2.49-2.7]\'','\'(8.6-10.2]\'','\'(72-96]\'','\'(5130-5375]\'','\'(23.8-27.4]\'','\'(31.2-35]\'',9960
'\'(-0.5-0]\'','\'(84.1-103.2]\'',subaru,gas,std,four,sedan,4wd,front,'\'(96.89-100.32]\'','\'(167.9-174.6]\'','\'(65.1-66.3]\'','\'(53.8-55]\'','\'(2261.4-2519.2]\'',ohcf,four,'\'(87.5-114]\'',2bbl,'\'(3.52-3.66]\'','\'(2.49-2.7]\'','\'(8.6-10.2]\'','\'(72-96]\'','\'(4640-4885]\'','\'(23.8-27.4]\'','\'(23.6-27.4]\'',9233
'\'(-0.5-0]\'','\'(84.1-103.2]\'',subaru,gas,turbo,four,sedan,4wd,front,'\'(96.89-100.32]\'','\'(167.9-174.6]\'','\'(65.1-66.3]\'','\'(53.8-55]\'','\'(2261.4-2519.2]\'',ohcf,four,'\'(87.5-114]\'',mpfi,'\'(3.52-3.66]\'','\'(2.49-2.7]\'','\'(-inf-8.6]\'','\'(96-120]\'','\'(4640-4885]\'','\'(23.8-27.4]\'','\'(27.4-31.2]\'',11259
'\'(-0.5-0]\'','\'(84.1-103.2]\'',subaru,gas,std,four,wagon,fwd,front,'\'(96.89-100.32]\'','\'(167.9-174.6]\'','\'(65.1-66.3]\'','\'(52.6-53.8]\'','\'(2261.4-2519.2]\'',ohcf,four,'\'(87.5-114]\'',2bbl,'\'(3.52-3.66]\'','\'(2.49-2.7]\'','\'(8.6-10.2]\'','\'(72-96]\'','\'(4640-4885]\'','\'(27.4-31]\'','\'(31.2-35]\'',7463
'\'(-0.5-0]\'','\'(84.1-103.2]\'',subaru,gas,std,four,wagon,fwd,front,'\'(96.89-100.32]\'','\'(167.9-174.6]\'','\'(65.1-66.3]\'','\'(52.6-53.8]\'','\'(2261.4-2519.2]\'',ohcf,four,'\'(87.5-114]\'',mpfi,'\'(3.52-3.66]\'','\'(2.49-2.7]\'','\'(8.6-10.2]\'','\'(72-96]\'','\'(5130-5375]\'','\'(23.8-27.4]\'','\'(27.4-31.2]\'',10198
'\'(-0.5-0]\'','\'(84.1-103.2]\'',subaru,gas,std,four,wagon,4wd,front,'\'(96.89-100.32]\'','\'(167.9-174.6]\'','\'(65.1-66.3]\'','\'(53.8-55]\'','\'(2261.4-2519.2]\'',ohcf,four,'\'(87.5-114]\'',2bbl,'\'(3.52-3.66]\'','\'(2.49-2.7]\'','\'(8.6-10.2]\'','\'(72-96]\'','\'(4640-4885]\'','\'(20.2-23.8]\'','\'(27.4-31.2]\'',8013
'\'(-0.5-0]\'','\'(84.1-103.2]\'',subaru,gas,turbo,four,wagon,4wd,front,'\'(96.89-100.32]\'','\'(167.9-174.6]\'','\'(65.1-66.3]\'','\'(53.8-55]\'','\'(2519.2-2777]\'',ohcf,four,'\'(87.5-114]\'',mpfi,'\'(3.52-3.66]\'','\'(2.49-2.7]\'','\'(-inf-8.6]\'','\'(96-120]\'','\'(4640-4885]\'','\'(20.2-23.8]\'','\'(19.8-23.6]\'',11694
'\'(0.5-1]\'','\'(84.1-103.2]\'',toyota,gas,std,two,hatchback,fwd,front,'\'(93.46-96.89]\'','\'(154.5-161.2]\'','\'(62.7-63.9]\'','\'(53.8-55]\'','\'(1745.8-2003.6]\'',ohc,four,'\'(87.5-114]\'',2bbl,'\'(2.96-3.1]\'','\'(2.91-3.12]\'','\'(8.6-10.2]\'','\'(-inf-72]\'','\'(4640-4885]\'','\'(34.6-38.2]\'','\'(38.8-42.6]\'',5348
'\'(0.5-1]\'','\'(84.1-103.2]\'',toyota,gas,std,two,hatchback,fwd,front,'\'(93.46-96.89]\'','\'(154.5-161.2]\'','\'(62.7-63.9]\'','\'(53.8-55]\'','\'(2003.6-2261.4]\'',ohc,four,'\'(87.5-114]\'',2bbl,'\'(2.96-3.1]\'','\'(2.91-3.12]\'','\'(8.6-10.2]\'','\'(-inf-72]\'','\'(4640-4885]\'','\'(27.4-31]\'','\'(35-38.8]\'',6338
'\'(0.5-1]\'','\'(-inf-84.1]\'',toyota,gas,std,four,hatchback,fwd,front,'\'(93.46-96.89]\'','\'(154.5-161.2]\'','\'(62.7-63.9]\'','\'(53.8-55]\'','\'(2003.6-2261.4]\'',ohc,four,'\'(87.5-114]\'',2bbl,'\'(2.96-3.1]\'','\'(2.91-3.12]\'','\'(8.6-10.2]\'','\'(-inf-72]\'','\'(4640-4885]\'','\'(27.4-31]\'','\'(35-38.8]\'',6488
'\'(-0.5-0]\'','\'(-inf-84.1]\'',toyota,gas,std,four,wagon,fwd,front,'\'(93.46-96.89]\'','\'(167.9-174.6]\'','\'(62.7-63.9]\'','\'(58.6-inf)\'','\'(2261.4-2519.2]\'',ohc,four,'\'(87.5-114]\'',2bbl,'\'(2.96-3.1]\'','\'(2.91-3.12]\'','\'(8.6-10.2]\'','\'(-inf-72]\'','\'(4640-4885]\'','\'(27.4-31]\'','\'(35-38.8]\'',6918
'\'(-0.5-0]\'','\'(-inf-84.1]\'',toyota,gas,std,four,wagon,4wd,front,'\'(93.46-96.89]\'','\'(167.9-174.6]\'','\'(62.7-63.9]\'','\'(58.6-inf)\'','\'(2261.4-2519.2]\'',ohc,four,'\'(87.5-114]\'',2bbl,'\'(2.96-3.1]\'','\'(2.91-3.12]\'','\'(8.6-10.2]\'','\'(-inf-72]\'','\'(4640-4885]\'','\'(23.8-27.4]\'','\'(31.2-35]\'',7898
'\'(-0.5-0]\'','\'(84.1-103.2]\'',toyota,gas,std,four,wagon,4wd,front,'\'(93.46-96.89]\'','\'(167.9-174.6]\'','\'(62.7-63.9]\'','\'(58.6-inf)\'','\'(3034.8-3292.6]\'',ohc,four,'\'(87.5-114]\'',2bbl,'\'(2.96-3.1]\'','\'(2.91-3.12]\'','\'(8.6-10.2]\'','\'(-inf-72]\'','\'(4640-4885]\'','\'(23.8-27.4]\'','\'(31.2-35]\'',8778
'\'(-0.5-0]\'','\'(84.1-103.2]\'',toyota,gas,std,four,sedan,fwd,front,'\'(93.46-96.89]\'','\'(161.2-167.9]\'','\'(63.9-65.1]\'','\'(52.6-53.8]\'','\'(2003.6-2261.4]\'',ohc,four,'\'(87.5-114]\'',2bbl,'\'(3.1-3.24]\'','\'(2.91-3.12]\'','\'(8.6-10.2]\'','\'(-inf-72]\'','\'(4640-4885]\'','\'(27.4-31]\'','\'(35-38.8]\'',6938
'\'(-0.5-0]\'','\'(84.1-103.2]\'',toyota,gas,std,four,hatchback,fwd,front,'\'(93.46-96.89]\'','\'(161.2-167.9]\'','\'(63.9-65.1]\'','\'(52.6-53.8]\'','\'(2003.6-2261.4]\'',ohc,four,'\'(87.5-114]\'',2bbl,'\'(3.1-3.24]\'','\'(2.91-3.12]\'','\'(8.6-10.2]\'','\'(-inf-72]\'','\'(4640-4885]\'','\'(27.4-31]\'','\'(35-38.8]\'',7198
'\'(-0.5-0]\'','\'(84.1-103.2]\'',toyota,diesel,std,four,sedan,fwd,front,'\'(93.46-96.89]\'','\'(161.2-167.9]\'','\'(63.9-65.1]\'','\'(52.6-53.8]\'','\'(2261.4-2519.2]\'',ohc,four,'\'(87.5-114]\'',idi,'\'(3.24-3.38]\'','\'(3.33-3.54]\'','\'(21.4-inf)\'','\'(-inf-72]\'','\'(4395-4640]\'','\'(31-34.6]\'','\'(35-38.8]\'',7898
'\'(-0.5-0]\'','\'(84.1-103.2]\'',toyota,diesel,std,four,hatchback,fwd,front,'\'(93.46-96.89]\'','\'(161.2-167.9]\'','\'(63.9-65.1]\'','\'(52.6-53.8]\'','\'(2261.4-2519.2]\'',ohc,four,'\'(87.5-114]\'',idi,'\'(3.24-3.38]\'','\'(3.33-3.54]\'','\'(21.4-inf)\'','\'(-inf-72]\'','\'(4395-4640]\'','\'(34.6-38.2]\'','\'(46.4-50.2]\'',7788
'\'(-0.5-0]\'','\'(84.1-103.2]\'',toyota,gas,std,four,sedan,fwd,front,'\'(93.46-96.89]\'','\'(161.2-167.9]\'','\'(63.9-65.1]\'','\'(52.6-53.8]\'','\'(2003.6-2261.4]\'',ohc,four,'\'(87.5-114]\'',2bbl,'\'(3.1-3.24]\'','\'(2.91-3.12]\'','\'(8.6-10.2]\'','\'(-inf-72]\'','\'(4640-4885]\'','\'(34.6-38.2]\'','\'(46.4-50.2]\'',7738
'\'(-0.5-0]\'','\'(84.1-103.2]\'',toyota,gas,std,four,hatchback,fwd,front,'\'(93.46-96.89]\'','\'(161.2-167.9]\'','\'(63.9-65.1]\'','\'(52.6-53.8]\'','\'(2003.6-2261.4]\'',ohc,four,'\'(87.5-114]\'',2bbl,'\'(3.1-3.24]\'','\'(2.91-3.12]\'','\'(8.6-10.2]\'','\'(-inf-72]\'','\'(4640-4885]\'','\'(27.4-31]\'','\'(31.2-35]\'',8358
'\'(-0.5-0]\'','\'(84.1-103.2]\'',toyota,gas,std,four,sedan,fwd,front,'\'(93.46-96.89]\'','\'(161.2-167.9]\'','\'(63.9-65.1]\'','\'(52.6-53.8]\'','\'(2003.6-2261.4]\'',ohc,four,'\'(87.5-114]\'',2bbl,'\'(3.1-3.24]\'','\'(2.91-3.12]\'','\'(8.6-10.2]\'','\'(-inf-72]\'','\'(4640-4885]\'','\'(27.4-31]\'','\'(31.2-35]\'',9258
'\'(0.5-1]\'','\'(160.5-179.6]\'',toyota,gas,std,two,sedan,rwd,front,'\'(93.46-96.89]\'','\'(167.9-174.6]\'','\'(63.9-65.1]\'','\'(52.6-53.8]\'','\'(2003.6-2261.4]\'',ohc,four,'\'(87.5-114]\'',2bbl,'\'(3.1-3.24]\'','\'(2.91-3.12]\'','\'(8.6-10.2]\'','\'(-inf-72]\'','\'(4640-4885]\'','\'(27.4-31]\'','\'(31.2-35]\'',8058
'\'(0.5-1]\'','\'(160.5-179.6]\'',toyota,gas,std,two,hatchback,rwd,front,'\'(93.46-96.89]\'','\'(167.9-174.6]\'','\'(63.9-65.1]\'','\'(52.6-53.8]\'','\'(2003.6-2261.4]\'',ohc,four,'\'(87.5-114]\'',2bbl,'\'(3.1-3.24]\'','\'(2.91-3.12]\'','\'(8.6-10.2]\'','\'(-inf-72]\'','\'(4640-4885]\'','\'(27.4-31]\'','\'(31.2-35]\'',8238
'\'(0.5-1]\'','\'(160.5-179.6]\'',toyota,gas,std,two,sedan,rwd,front,'\'(93.46-96.89]\'','\'(167.9-174.6]\'','\'(63.9-65.1]\'','\'(52.6-53.8]\'','\'(2261.4-2519.2]\'',dohc,four,'\'(87.5-114]\'',mpfi,'\'(3.1-3.24]\'','\'(2.91-3.12]\'','\'(8.6-10.2]\'','\'(96-120]\'','\'(6355-inf)\'','\'(23.8-27.4]\'','\'(27.4-31.2]\'',9298
'\'(0.5-1]\'','\'(160.5-179.6]\'',toyota,gas,std,two,hatchback,rwd,front,'\'(93.46-96.89]\'','\'(167.9-174.6]\'','\'(63.9-65.1]\'','\'(52.6-53.8]\'','\'(2261.4-2519.2]\'',dohc,four,'\'(87.5-114]\'',mpfi,'\'(3.1-3.24]\'','\'(2.91-3.12]\'','\'(8.6-10.2]\'','\'(96-120]\'','\'(6355-inf)\'','\'(23.8-27.4]\'','\'(27.4-31.2]\'',9538
'\'(1.5-2]\'','\'(122.3-141.4]\'',toyota,gas,std,two,hardtop,rwd,front,'\'(96.89-100.32]\'','\'(174.6-181.3]\'','\'(65.1-66.3]\'','\'(51.4-52.6]\'','\'(2519.2-2777]\'',ohc,four,'\'(140.5-167]\'',mpfi,'\'(3.52-3.66]\'','\'(3.33-3.54]\'','\'(8.6-10.2]\'','\'(96-120]\'','\'(4640-4885]\'','\'(23.8-27.4]\'','\'(27.4-31.2]\'',8449
'\'(1.5-2]\'','\'(122.3-141.4]\'',toyota,gas,std,two,hardtop,rwd,front,'\'(96.89-100.32]\'','\'(174.6-181.3]\'','\'(65.1-66.3]\'','\'(51.4-52.6]\'','\'(2519.2-2777]\'',ohc,four,'\'(140.5-167]\'',mpfi,'\'(3.52-3.66]\'','\'(3.33-3.54]\'','\'(8.6-10.2]\'','\'(96-120]\'','\'(4640-4885]\'','\'(23.8-27.4]\'','\'(27.4-31.2]\'',9639
'\'(1.5-2]\'','\'(122.3-141.4]\'',toyota,gas,std,two,hatchback,rwd,front,'\'(96.89-100.32]\'','\'(174.6-181.3]\'','\'(65.1-66.3]\'','\'(51.4-52.6]\'','\'(2519.2-2777]\'',ohc,four,'\'(140.5-167]\'',mpfi,'\'(3.52-3.66]\'','\'(3.33-3.54]\'','\'(8.6-10.2]\'','\'(96-120]\'','\'(4640-4885]\'','\'(23.8-27.4]\'','\'(27.4-31.2]\'',9989
'\'(1.5-2]\'','\'(122.3-141.4]\'',toyota,gas,std,two,hardtop,rwd,front,'\'(96.89-100.32]\'','\'(174.6-181.3]\'','\'(65.1-66.3]\'','\'(51.4-52.6]\'','\'(2519.2-2777]\'',ohc,four,'\'(140.5-167]\'',mpfi,'\'(3.52-3.66]\'','\'(3.33-3.54]\'','\'(8.6-10.2]\'','\'(96-120]\'','\'(4640-4885]\'','\'(23.8-27.4]\'','\'(27.4-31.2]\'',11199
'\'(1.5-2]\'','\'(122.3-141.4]\'',toyota,gas,std,two,hatchback,rwd,front,'\'(96.89-100.32]\'','\'(174.6-181.3]\'','\'(65.1-66.3]\'','\'(51.4-52.6]\'','\'(2519.2-2777]\'',ohc,four,'\'(140.5-167]\'',mpfi,'\'(3.52-3.66]\'','\'(3.33-3.54]\'','\'(8.6-10.2]\'','\'(96-120]\'','\'(4640-4885]\'','\'(23.8-27.4]\'','\'(27.4-31.2]\'',11549
'\'(1.5-2]\'','\'(122.3-141.4]\'',toyota,gas,std,two,convertible,rwd,front,'\'(96.89-100.32]\'','\'(174.6-181.3]\'','\'(65.1-66.3]\'','\'(52.6-53.8]\'','\'(2777-3034.8]\'',ohc,four,'\'(140.5-167]\'',mpfi,'\'(3.52-3.66]\'','\'(3.33-3.54]\'','\'(8.6-10.2]\'','\'(96-120]\'','\'(4640-4885]\'','\'(23.8-27.4]\'','\'(27.4-31.2]\'',17669
'\'(-1.5--1]\'','\'(-inf-84.1]\'',toyota,gas,std,four,sedan,fwd,front,'\'(100.32-103.75]\'','\'(174.6-181.3]\'','\'(66.3-67.5]\'','\'(53.8-55]\'','\'(2261.4-2519.2]\'',ohc,four,'\'(114-140.5]\'',mpfi,'\'(3.24-3.38]\'','\'(3.33-3.54]\'','\'(8.6-10.2]\'','\'(72-96]\'','\'(-inf-4395]\'','\'(27.4-31]\'','\'(31.2-35]\'',8948
'\'(-1.5--1]\'','\'(-inf-84.1]\'',toyota,diesel,turbo,four,sedan,fwd,front,'\'(100.32-103.75]\'','\'(174.6-181.3]\'','\'(66.3-67.5]\'','\'(53.8-55]\'','\'(2261.4-2519.2]\'',ohc,four,'\'(87.5-114]\'',idi,'\'(3.24-3.38]\'','\'(3.33-3.54]\'','\'(21.4-inf)\'','\'(72-96]\'','\'(4395-4640]\'','\'(27.4-31]\'','\'(31.2-35]\'',10698
'\'(-1.5--1]\'','\'(-inf-84.1]\'',toyota,gas,std,four,hatchback,fwd,front,'\'(100.32-103.75]\'','\'(174.6-181.3]\'','\'(66.3-67.5]\'','\'(53.8-55]\'','\'(2261.4-2519.2]\'',ohc,four,'\'(114-140.5]\'',mpfi,'\'(3.24-3.38]\'','\'(3.33-3.54]\'','\'(8.6-10.2]\'','\'(72-96]\'','\'(-inf-4395]\'','\'(23.8-27.4]\'','\'(31.2-35]\'',9988
'\'(-1.5--1]\'','\'(-inf-84.1]\'',toyota,gas,std,four,sedan,fwd,front,'\'(100.32-103.75]\'','\'(174.6-181.3]\'','\'(66.3-67.5]\'','\'(53.8-55]\'','\'(2261.4-2519.2]\'',ohc,four,'\'(114-140.5]\'',mpfi,'\'(3.24-3.38]\'','\'(3.33-3.54]\'','\'(8.6-10.2]\'','\'(72-96]\'','\'(-inf-4395]\'','\'(23.8-27.4]\'','\'(31.2-35]\'',10898
'\'(-1.5--1]\'','\'(-inf-84.1]\'',toyota,gas,std,four,hatchback,fwd,front,'\'(100.32-103.75]\'','\'(174.6-181.3]\'','\'(66.3-67.5]\'','\'(53.8-55]\'','\'(2261.4-2519.2]\'',ohc,four,'\'(114-140.5]\'',mpfi,'\'(3.24-3.38]\'','\'(3.33-3.54]\'','\'(8.6-10.2]\'','\'(72-96]\'','\'(-inf-4395]\'','\'(23.8-27.4]\'','\'(31.2-35]\'',11248
'\'(2.5-inf)\'','\'(179.6-198.7]\'',toyota,gas,std,two,hatchback,rwd,front,'\'(100.32-103.75]\'','\'(181.3-188]\'','\'(67.5-68.7]\'','\'(51.4-52.6]\'','\'(2777-3034.8]\'',dohc,six,'\'(167-193.5]\'',mpfi,'\'(3.24-3.38]\'','\'(3.33-3.54]\'','\'(8.6-10.2]\'','\'(144-168]\'','\'(5130-5375]\'','\'(16.6-20.2]\'','\'(23.6-27.4]\'',16558
'\'(2.5-inf)\'','\'(179.6-198.7]\'',toyota,gas,std,two,hatchback,rwd,front,'\'(100.32-103.75]\'','\'(181.3-188]\'','\'(67.5-68.7]\'','\'(51.4-52.6]\'','\'(2777-3034.8]\'',dohc,six,'\'(167-193.5]\'',mpfi,'\'(3.24-3.38]\'','\'(3.33-3.54]\'','\'(8.6-10.2]\'','\'(144-168]\'','\'(5130-5375]\'','\'(16.6-20.2]\'','\'(23.6-27.4]\'',15998
'\'(-1.5--1]\'','\'(84.1-103.2]\'',toyota,gas,std,four,sedan,rwd,front,'\'(103.75-107.18]\'','\'(181.3-188]\'','\'(66.3-67.5]\'','\'(53.8-55]\'','\'(3034.8-3292.6]\'',dohc,six,'\'(167-193.5]\'',mpfi,'\'(3.24-3.38]\'','\'(3.33-3.54]\'','\'(8.6-10.2]\'','\'(144-168]\'','\'(5130-5375]\'','\'(16.6-20.2]\'','\'(23.6-27.4]\'',15690
'\'(-1.5--1]\'','\'(103.2-122.3]\'',toyota,gas,std,four,wagon,rwd,front,'\'(103.75-107.18]\'','\'(181.3-188]\'','\'(66.3-67.5]\'','\'(53.8-55]\'','\'(3034.8-3292.6]\'',dohc,six,'\'(140.5-167]\'',mpfi,'\'(3.24-3.38]\'','\'(3.33-3.54]\'','\'(8.6-10.2]\'','\'(144-168]\'','\'(5130-5375]\'','\'(16.6-20.2]\'','\'(23.6-27.4]\'',15750
'\'(1.5-2]\'','\'(103.2-122.3]\'',volkswagen,diesel,std,two,sedan,fwd,front,'\'(96.89-100.32]\'','\'(167.9-174.6]\'','\'(65.1-66.3]\'','\'(55-56.2]\'','\'(2003.6-2261.4]\'',ohc,four,'\'(87.5-114]\'',idi,'\'(2.96-3.1]\'','\'(3.33-3.54]\'','\'(21.4-inf)\'','\'(-inf-72]\'','\'(4640-4885]\'','\'(34.6-38.2]\'','\'(42.6-46.4]\'',7775
'\'(1.5-2]\'','\'(103.2-122.3]\'',volkswagen,gas,std,two,sedan,fwd,front,'\'(96.89-100.32]\'','\'(167.9-174.6]\'','\'(65.1-66.3]\'','\'(55-56.2]\'','\'(2003.6-2261.4]\'',ohc,four,'\'(87.5-114]\'',mpfi,'\'(3.1-3.24]\'','\'(3.33-3.54]\'','\'(8.6-10.2]\'','\'(72-96]\'','\'(5130-5375]\'','\'(23.8-27.4]\'','\'(31.2-35]\'',7975
'\'(1.5-2]\'','\'(84.1-103.2]\'',volkswagen,diesel,std,four,sedan,fwd,front,'\'(96.89-100.32]\'','\'(167.9-174.6]\'','\'(65.1-66.3]\'','\'(55-56.2]\'','\'(2261.4-2519.2]\'',ohc,four,'\'(87.5-114]\'',idi,'\'(2.96-3.1]\'','\'(3.33-3.54]\'','\'(21.4-inf)\'','\'(-inf-72]\'','\'(4640-4885]\'','\'(34.6-38.2]\'','\'(42.6-46.4]\'',7995
'\'(1.5-2]\'','\'(84.1-103.2]\'',volkswagen,gas,std,four,sedan,fwd,front,'\'(96.89-100.32]\'','\'(167.9-174.6]\'','\'(65.1-66.3]\'','\'(55-56.2]\'','\'(2003.6-2261.4]\'',ohc,four,'\'(87.5-114]\'',mpfi,'\'(3.1-3.24]\'','\'(3.33-3.54]\'','\'(8.6-10.2]\'','\'(72-96]\'','\'(5130-5375]\'','\'(23.8-27.4]\'','\'(31.2-35]\'',8195
'\'(1.5-2]\'','\'(84.1-103.2]\'',volkswagen,gas,std,four,sedan,fwd,front,'\'(96.89-100.32]\'','\'(167.9-174.6]\'','\'(65.1-66.3]\'','\'(55-56.2]\'','\'(2261.4-2519.2]\'',ohc,four,'\'(87.5-114]\'',mpfi,'\'(3.1-3.24]\'','\'(3.33-3.54]\'','\'(8.6-10.2]\'','\'(72-96]\'','\'(5130-5375]\'','\'(23.8-27.4]\'','\'(31.2-35]\'',8495
'\'(1.5-2]\'','\'(84.1-103.2]\'',volkswagen,diesel,turbo,four,sedan,fwd,front,'\'(96.89-100.32]\'','\'(167.9-174.6]\'','\'(65.1-66.3]\'','\'(55-56.2]\'','\'(2261.4-2519.2]\'',ohc,four,'\'(87.5-114]\'',idi,'\'(2.96-3.1]\'','\'(3.33-3.54]\'','\'(21.4-inf)\'','\'(-inf-72]\'','\'(4395-4640]\'','\'(34.6-38.2]\'','\'(38.8-42.6]\'',9495
'\'(1.5-2]\'','\'(84.1-103.2]\'',volkswagen,gas,std,four,sedan,fwd,front,'\'(96.89-100.32]\'','\'(167.9-174.6]\'','\'(65.1-66.3]\'','\'(55-56.2]\'','\'(2261.4-2519.2]\'',ohc,four,'\'(87.5-114]\'',mpfi,'\'(3.1-3.24]\'','\'(3.33-3.54]\'','\'(8.6-10.2]\'','\'(96-120]\'','\'(5375-5620]\'','\'(23.8-27.4]\'','\'(31.2-35]\'',9995
'\'(2.5-inf)\'','\'(103.2-122.3]\'',volkswagen,gas,std,two,convertible,fwd,front,'\'(93.46-96.89]\'','\'(154.5-161.2]\'','\'(63.9-65.1]\'','\'(55-56.2]\'','\'(2003.6-2261.4]\'',ohc,four,'\'(87.5-114]\'',mpfi,'\'(3.1-3.24]\'','\'(3.33-3.54]\'','\'(-inf-8.6]\'','\'(72-96]\'','\'(5375-5620]\'','\'(23.8-27.4]\'','\'(27.4-31.2]\'',11595
'\'(2.5-inf)\'','\'(236.9-inf)\'',volkswagen,gas,std,two,hatchback,fwd,front,'\'(93.46-96.89]\'','\'(161.2-167.9]\'','\'(63.9-65.1]\'','\'(50.2-51.4]\'','\'(2003.6-2261.4]\'',ohc,four,'\'(87.5-114]\'',mpfi,'\'(3.1-3.24]\'','\'(3.33-3.54]\'','\'(-inf-8.6]\'','\'(72-96]\'','\'(5375-5620]\'','\'(23.8-27.4]\'','\'(27.4-31.2]\'',9980
'\'(-0.5-0]\'','\'(103.2-122.3]\'',volkswagen,gas,std,four,sedan,fwd,front,'\'(100.32-103.75]\'','\'(174.6-181.3]\'','\'(66.3-67.5]\'','\'(55-56.2]\'','\'(2519.2-2777]\'',ohc,five,'\'(114-140.5]\'',mpfi,'\'(3.1-3.24]\'','\'(3.33-3.54]\'','\'(-inf-8.6]\'','\'(96-120]\'','\'(5375-5620]\'','\'(16.6-20.2]\'','\'(23.6-27.4]\'',13295
'\'(-0.5-0]\'','\'(103.2-122.3]\'',volkswagen,diesel,turbo,four,sedan,fwd,front,'\'(100.32-103.75]\'','\'(174.6-181.3]\'','\'(66.3-67.5]\'','\'(55-56.2]\'','\'(2519.2-2777]\'',ohc,four,'\'(87.5-114]\'',idi,'\'(2.96-3.1]\'','\'(3.33-3.54]\'','\'(21.4-inf)\'','\'(-inf-72]\'','\'(4395-4640]\'','\'(31-34.6]\'','\'(35-38.8]\'',13845
'\'(-0.5-0]\'','\'(103.2-122.3]\'',volkswagen,gas,std,four,wagon,fwd,front,'\'(100.32-103.75]\'','\'(181.3-188]\'','\'(66.3-67.5]\'','\'(55-56.2]\'','\'(2519.2-2777]\'',ohc,four,'\'(87.5-114]\'',mpfi,'\'(3.1-3.24]\'','\'(3.33-3.54]\'','\'(8.6-10.2]\'','\'(72-96]\'','\'(5375-5620]\'','\'(23.8-27.4]\'','\'(27.4-31.2]\'',12290
'\'(-inf--1.5]\'','\'(84.1-103.2]\'',volvo,gas,std,four,sedan,rwd,front,'\'(103.75-107.18]\'','\'(188-194.7]\'','\'(66.3-67.5]\'','\'(56.2-57.4]\'','\'(2777-3034.8]\'',ohc,four,'\'(140.5-167]\'',mpfi,'\'(3.66-3.8]\'','\'(3.12-3.33]\'','\'(8.6-10.2]\'','\'(96-120]\'','\'(5375-5620]\'','\'(20.2-23.8]\'','\'(27.4-31.2]\'',12940
'\'(-1.5--1]\'','\'(-inf-84.1]\'',volvo,gas,std,four,wagon,rwd,front,'\'(103.75-107.18]\'','\'(188-194.7]\'','\'(66.3-67.5]\'','\'(57.4-58.6]\'','\'(2777-3034.8]\'',ohc,four,'\'(140.5-167]\'',mpfi,'\'(3.66-3.8]\'','\'(3.12-3.33]\'','\'(8.6-10.2]\'','\'(96-120]\'','\'(5375-5620]\'','\'(20.2-23.8]\'','\'(27.4-31.2]\'',13415
'\'(-inf--1.5]\'','\'(84.1-103.2]\'',volvo,gas,std,four,sedan,rwd,front,'\'(103.75-107.18]\'','\'(188-194.7]\'','\'(66.3-67.5]\'','\'(56.2-57.4]\'','\'(2777-3034.8]\'',ohc,four,'\'(140.5-167]\'',mpfi,'\'(3.66-3.8]\'','\'(3.12-3.33]\'','\'(8.6-10.2]\'','\'(96-120]\'','\'(5375-5620]\'','\'(23.8-27.4]\'','\'(27.4-31.2]\'',15985
'\'(-1.5--1]\'','\'(-inf-84.1]\'',volvo,gas,std,four,wagon,rwd,front,'\'(103.75-107.18]\'','\'(188-194.7]\'','\'(66.3-67.5]\'','\'(57.4-58.6]\'','\'(3034.8-3292.6]\'',ohc,four,'\'(140.5-167]\'',mpfi,'\'(3.66-3.8]\'','\'(3.12-3.33]\'','\'(8.6-10.2]\'','\'(96-120]\'','\'(5375-5620]\'','\'(23.8-27.4]\'','\'(27.4-31.2]\'',16515
'\'(-inf--1.5]\'','\'(84.1-103.2]\'',volvo,gas,turbo,four,sedan,rwd,front,'\'(103.75-107.18]\'','\'(188-194.7]\'','\'(66.3-67.5]\'','\'(56.2-57.4]\'','\'(3034.8-3292.6]\'',ohc,four,'\'(114-140.5]\'',mpfi,'\'(3.52-3.66]\'','\'(3.12-3.33]\'','\'(-inf-8.6]\'','\'(144-168]\'','\'(4885-5130]\'','\'(16.6-20.2]\'','\'(19.8-23.6]\'',18420
'\'(-1.5--1]\'','\'(-inf-84.1]\'',volvo,gas,turbo,four,wagon,rwd,front,'\'(103.75-107.18]\'','\'(188-194.7]\'','\'(66.3-67.5]\'','\'(57.4-58.6]\'','\'(3034.8-3292.6]\'',ohc,four,'\'(114-140.5]\'',mpfi,'\'(3.52-3.66]\'','\'(3.12-3.33]\'','\'(-inf-8.6]\'','\'(144-168]\'','\'(4885-5130]\'','\'(16.6-20.2]\'','\'(19.8-23.6]\'',18950
'\'(-1.5--1]\'','\'(84.1-103.2]\'',volvo,gas,std,four,sedan,rwd,front,'\'(107.18-110.61]\'','\'(188-194.7]\'','\'(68.7-69.9]\'','\'(55-56.2]\'','\'(2777-3034.8]\'',ohc,four,'\'(140.5-167]\'',mpfi,'\'(3.66-3.8]\'','\'(3.12-3.33]\'','\'(8.6-10.2]\'','\'(96-120]\'','\'(5375-5620]\'','\'(20.2-23.8]\'','\'(27.4-31.2]\'',16845
'\'(-1.5--1]\'','\'(84.1-103.2]\'',volvo,gas,turbo,four,sedan,rwd,front,'\'(107.18-110.61]\'','\'(188-194.7]\'','\'(68.7-69.9]\'','\'(55-56.2]\'','\'(3034.8-3292.6]\'',ohc,four,'\'(140.5-167]\'',mpfi,'\'(3.66-3.8]\'','\'(3.12-3.33]\'','\'(8.6-10.2]\'','\'(144-168]\'','\'(5130-5375]\'','\'(16.6-20.2]\'','\'(23.6-27.4]\'',19045
'\'(-1.5--1]\'','\'(84.1-103.2]\'',volvo,gas,std,four,sedan,rwd,front,'\'(107.18-110.61]\'','\'(188-194.7]\'','\'(68.7-69.9]\'','\'(55-56.2]\'','\'(2777-3034.8]\'',ohcv,six,'\'(167-193.5]\'',mpfi,'\'(3.52-3.66]\'','\'(2.7-2.91]\'','\'(8.6-10.2]\'','\'(120-144]\'','\'(5375-5620]\'','\'(16.6-20.2]\'','\'(19.8-23.6]\'',21485
'\'(-1.5--1]\'','\'(84.1-103.2]\'',volvo,diesel,turbo,four,sedan,rwd,front,'\'(107.18-110.61]\'','\'(188-194.7]\'','\'(68.7-69.9]\'','\'(55-56.2]\'','\'(3034.8-3292.6]\'',ohc,six,'\'(140.5-167]\'',idi,'\'(2.96-3.1]\'','\'(3.33-3.54]\'','\'(21.4-inf)\'','\'(96-120]\'','\'(4640-4885]\'','\'(23.8-27.4]\'','\'(23.6-27.4]\'',22470
'\'(-1.5--1]\'','\'(84.1-103.2]\'',volvo,gas,turbo,four,sedan,rwd,front,'\'(107.18-110.61]\'','\'(188-194.7]\'','\'(68.7-69.9]\'','\'(55-56.2]\'','\'(3034.8-3292.6]\'',ohc,four,'\'(140.5-167]\'',mpfi,'\'(3.66-3.8]\'','\'(3.12-3.33]\'','\'(8.6-10.2]\'','\'(96-120]\'','\'(5375-5620]\'','\'(16.6-20.2]\'','\'(23.6-27.4]\'',22625
