X,Y,month,day,FFMC,DMC,DC,ISI,temp,RH,wind,rain,area
'\'(6.6-7.4]\'','\'(4.8-5.5]\'',mar,fri,'\'(80.7-88.45]\'','\'(-inf-30.12]\'','\'(93.17-178.44]\'','\'(-inf-5.61]\'','\'(5.31-8.42]\'','\'(49-57.5]\'','\'(5.8-6.7]\'','\'(-inf-0.64]\'',0
'\'(6.6-7.4]\'','\'(3.4-4.1]\'',oct,tue,'\'(88.45-inf)\'','\'(30.12-59.14]\'','\'(604.79-690.06]\'','\'(5.61-11.22]\'','\'(17.75-20.86]\'','\'(32-40.5]\'','\'(-inf-1.3]\'','\'(-inf-0.64]\'',0
'\'(6.6-7.4]\'','\'(3.4-4.1]\'',oct,sat,'\'(88.45-inf)\'','\'(30.12-59.14]\'','\'(604.79-690.06]\'','\'(5.61-11.22]\'','\'(11.53-14.64]\'','\'(32-40.5]\'','\'(-inf-1.3]\'','\'(-inf-0.64]\'',0
'\'(7.4-8.2]\'','\'(5.5-6.2]\'',mar,fri,'\'(88.45-inf)\'','\'(30.12-59.14]\'','\'(-inf-93.17]\'','\'(5.61-11.22]\'','\'(5.31-8.42]\'','\'(91.5-inf)\'','\'(3.1-4]\'','\'(-inf-0.64]\'',0
'\'(7.4-8.2]\'','\'(5.5-6.2]\'',mar,sun,'\'(88.45-inf)\'','\'(30.12-59.14]\'','\'(93.17-178.44]\'','\'(5.61-11.22]\'','\'(8.42-11.53]\'','\'(91.5-inf)\'','\'(1.3-2.2]\'','\'(-inf-0.64]\'',0
'\'(7.4-8.2]\'','\'(5.5-6.2]\'',aug,sun,'\'(88.45-inf)\'','\'(59.14-88.16]\'','\'(434.25-519.52]\'','\'(11.22-16.83]\'','\'(20.86-23.97]\'','\'(23.5-32]\'','\'(4.9-5.8]\'','\'(-inf-0.64]\'',0
'\'(7.4-8.2]\'','\'(5.5-6.2]\'',aug,mon,'\'(88.45-inf)\'','\'(88.16-117.18]\'','\'(434.25-519.52]\'','\'(5.61-11.22]\'','\'(23.97-27.08]\'','\'(23.5-32]\'','\'(2.2-3.1]\'','\'(-inf-0.64]\'',0
'\'(7.4-8.2]\'','\'(5.5-6.2]\'',aug,mon,'\'(88.45-inf)\'','\'(117.18-146.2]\'','\'(604.79-690.06]\'','\'(5.61-11.22]\'','\'(5.31-8.42]\'','\'(83-91.5]\'','\'(1.3-2.2]\'','\'(-inf-0.64]\'',0
'\'(7.4-8.2]\'','\'(5.5-6.2]\'',sep,tue,'\'(88.45-inf)\'','\'(117.18-146.2]\'','\'(690.06-775.33]\'','\'(5.61-11.22]\'','\'(11.53-14.64]\'','\'(57.5-66]\'','\'(4.9-5.8]\'','\'(-inf-0.64]\'',0
'\'(6.6-7.4]\'','\'(4.8-5.5]\'',sep,sat,'\'(88.45-inf)\'','\'(59.14-88.16]\'','\'(690.06-775.33]\'','\'(5.61-11.22]\'','\'(20.86-23.97]\'','\'(32-40.5]\'','\'(3.1-4]\'','\'(-inf-0.64]\'',0
'\'(6.6-7.4]\'','\'(4.8-5.5]\'',sep,sat,'\'(88.45-inf)\'','\'(59.14-88.16]\'','\'(690.06-775.33]\'','\'(5.61-11.22]\'','\'(17.75-20.86]\'','\'(49-57.5]\'','\'(6.7-7.6]\'','\'(-inf-0.64]\'',0
'\'(6.6-7.4]\'','\'(4.8-5.5]\'',sep,sat,'\'(88.45-inf)\'','\'(59.14-88.16]\'','\'(690.06-775.33]\'','\'(22.44-28.05]\'','\'(17.75-20.86]\'','\'(32-40.5]\'','\'(3.1-4]\'','\'(-inf-0.64]\'',0
'\'(5.8-6.6]\'','\'(4.8-5.5]\'',aug,fri,'\'(57.45-65.2]\'','\'(59.14-88.16]\'','\'(604.79-690.06]\'','\'(-inf-5.61]\'','\'(14.64-17.75]\'','\'(66-74.5]\'','\'(5.8-6.7]\'','\'(-inf-0.64]\'',0
'\'(5.8-6.6]\'','\'(4.8-5.5]\'',sep,mon,'\'(88.45-inf)\'','\'(117.18-146.2]\'','\'(604.79-690.06]\'','\'(5.61-11.22]\'','\'(20.86-23.97]\'','\'(40.5-49]\'','\'(1.3-2.2]\'','\'(-inf-0.64]\'',0
'\'(5.8-6.6]\'','\'(4.8-5.5]\'',sep,wed,'\'(88.45-inf)\'','\'(117.18-146.2]\'','\'(690.06-775.33]\'','\'(5.61-11.22]\'','\'(23.97-27.08]\'','\'(-inf-23.5]\'','\'(4-4.9]\'','\'(-inf-0.64]\'',0
'\'(5.8-6.6]\'','\'(4.8-5.5]\'',sep,fri,'\'(88.45-inf)\'','\'(117.18-146.2]\'','\'(690.06-775.33]\'','\'(11.22-16.83]\'','\'(20.86-23.97]\'','\'(40.5-49]\'','\'(4.9-5.8]\'','\'(-inf-0.64]\'',0
'\'(4.2-5]\'','\'(4.8-5.5]\'',mar,sat,'\'(88.45-inf)\'','\'(30.12-59.14]\'','\'(-inf-93.17]\'','\'(5.61-11.22]\'','\'(14.64-17.75]\'','\'(23.5-32]\'','\'(4.9-5.8]\'','\'(-inf-0.64]\'',0
'\'(7.4-8.2]\'','\'(4.8-5.5]\'',oct,mon,'\'(80.7-88.45]\'','\'(30.12-59.14]\'','\'(604.79-690.06]\'','\'(-inf-5.61]\'','\'(14.64-17.75]\'','\'(40.5-49]\'','\'(4-4.9]\'','\'(-inf-0.64]\'',0
'\'(5.8-6.6]\'','\'(3.4-4.1]\'',mar,wed,'\'(88.45-inf)\'','\'(-inf-30.12]\'','\'(-inf-93.17]\'','\'(5.61-11.22]\'','\'(14.64-17.75]\'','\'(32-40.5]\'','\'(3.1-4]\'','\'(-inf-0.64]\'',0
'\'(5.8-6.6]\'','\'(3.4-4.1]\'',apr,sat,'\'(80.7-88.45]\'','\'(-inf-30.12]\'','\'(93.17-178.44]\'','\'(-inf-5.61]\'','\'(8.42-11.53]\'','\'(40.5-49]\'','\'(4-4.9]\'','\'(-inf-0.64]\'',0
'\'(5.8-6.6]\'','\'(3.4-4.1]\'',sep,tue,'\'(88.45-inf)\'','\'(117.18-146.2]\'','\'(690.06-775.33]\'','\'(5.61-11.22]\'','\'(17.75-20.86]\'','\'(32-40.5]\'','\'(2.2-3.1]\'','\'(-inf-0.64]\'',0
'\'(4.2-5]\'','\'(3.4-4.1]\'',sep,mon,'\'(88.45-inf)\'','\'(59.14-88.16]\'','\'(690.06-775.33]\'','\'(5.61-11.22]\'','\'(17.75-20.86]\'','\'(32-40.5]\'','\'(2.2-3.1]\'','\'(-inf-0.64]\'',0
'\'(6.6-7.4]\'','\'(3.4-4.1]\'',jun,sun,'\'(88.45-inf)\'','\'(88.16-117.18]\'','\'(178.44-263.71]\'','\'(50.49-inf)\'','\'(20.86-23.97]\'','\'(40.5-49]\'','\'(4-4.9]\'','\'(-inf-0.64]\'',0
'\'(6.6-7.4]\'','\'(3.4-4.1]\'',aug,sat,'\'(88.45-inf)\'','\'(88.16-117.18]\'','\'(519.52-604.79]\'','\'(5.61-11.22]\'','\'(17.75-20.86]\'','\'(40.5-49]\'','\'(4.9-5.8]\'','\'(-inf-0.64]\'',0
'\'(6.6-7.4]\'','\'(3.4-4.1]\'',aug,sat,'\'(88.45-inf)\'','\'(117.18-146.2]\'','\'(519.52-604.79]\'','\'(16.83-22.44]\'','\'(20.86-23.97]\'','\'(23.5-32]\'','\'(4.9-5.8]\'','\'(-inf-0.64]\'',0
'\'(6.6-7.4]\'','\'(3.4-4.1]\'',aug,sun,'\'(88.45-inf)\'','\'(117.18-146.2]\'','\'(519.52-604.79]\'','\'(5.61-11.22]\'','\'(14.64-17.75]\'','\'(57.5-66]\'','\'(4.9-5.8]\'','\'(-inf-0.64]\'',0
'\'(6.6-7.4]\'','\'(3.4-4.1]\'',sep,fri,'\'(88.45-inf)\'','\'(117.18-146.2]\'','\'(604.79-690.06]\'','\'(11.22-16.83]\'','\'(17.75-20.86]\'','\'(32-40.5]\'','\'(4.9-5.8]\'','\'(-inf-0.64]\'',0
'\'(6.6-7.4]\'','\'(3.4-4.1]\'',sep,mon,'\'(88.45-inf)\'','\'(117.18-146.2]\'','\'(604.79-690.06]\'','\'(5.61-11.22]\'','\'(17.75-20.86]\'','\'(40.5-49]\'','\'(-inf-1.3]\'','\'(-inf-0.64]\'',0
'\'(5.8-6.6]\'','\'(2.7-3.4]\'',sep,sat,'\'(88.45-inf)\'','\'(117.18-146.2]\'','\'(690.06-775.33]\'','\'(5.61-11.22]\'','\'(30.19-inf)\'','\'(23.5-32]\'','\'(2.2-3.1]\'','\'(-inf-0.64]\'',0
'\'(5.8-6.6]\'','\'(2.7-3.4]\'',sep,sun,'\'(88.45-inf)\'','\'(146.2-175.22]\'','\'(690.06-775.33]\'','\'(5.61-11.22]\'','\'(20.86-23.97]\'','\'(32-40.5]\'','\'(3.1-4]\'','\'(-inf-0.64]\'',0
'\'(5.8-6.6]\'','\'(2.7-3.4]\'',sep,fri,'\'(88.45-inf)\'','\'(59.14-88.16]\'','\'(690.06-775.33]\'','\'(11.22-16.83]\'','\'(23.97-27.08]\'','\'(23.5-32]\'','\'(3.1-4]\'','\'(-inf-0.64]\'',0
'\'(5.8-6.6]\'','\'(2.7-3.4]\'',sep,mon,'\'(88.45-inf)\'','\'(88.16-117.18]\'','\'(690.06-775.33]\'','\'(5.61-11.22]\'','\'(8.42-11.53]\'','\'(74.5-83]\'','\'(6.7-7.6]\'','\'(-inf-0.64]\'',0
'\'(5.8-6.6]\'','\'(2.7-3.4]\'',sep,fri,'\'(88.45-inf)\'','\'(59.14-88.16]\'','\'(690.06-775.33]\'','\'(5.61-11.22]\'','\'(17.75-20.86]\'','\'(32-40.5]\'','\'(1.3-2.2]\'','\'(-inf-0.64]\'',0
'\'(5.8-6.6]\'','\'(2.7-3.4]\'',sep,sun,'\'(88.45-inf)\'','\'(59.14-88.16]\'','\'(690.06-775.33]\'','\'(5.61-11.22]\'','\'(14.64-17.75]\'','\'(32-40.5]\'','\'(3.1-4]\'','\'(-inf-0.64]\'',0
'\'(5.8-6.6]\'','\'(2.7-3.4]\'',sep,mon,'\'(88.45-inf)\'','\'(59.14-88.16]\'','\'(690.06-775.33]\'','\'(5.61-11.22]\'','\'(20.86-23.97]\'','\'(23.5-32]\'','\'(2.2-3.1]\'','\'(-inf-0.64]\'',0
'\'(5.8-6.6]\'','\'(2.7-3.4]\'',sep,tue,'\'(88.45-inf)\'','\'(59.14-88.16]\'','\'(690.06-775.33]\'','\'(5.61-11.22]\'','\'(17.75-20.86]\'','\'(57.5-66]\'','\'(4-4.9]\'','\'(-inf-0.64]\'',0
'\'(5.8-6.6]\'','\'(2.7-3.4]\'',oct,tue,'\'(88.45-inf)\'','\'(30.12-59.14]\'','\'(604.79-690.06]\'','\'(5.61-11.22]\'','\'(20.86-23.97]\'','\'(23.5-32]\'','\'(4-4.9]\'','\'(-inf-0.64]\'',0
'\'(6.6-7.4]\'','\'(3.4-4.1]\'',oct,fri,'\'(88.45-inf)\'','\'(30.12-59.14]\'','\'(604.79-690.06]\'','\'(5.61-11.22]\'','\'(8.42-11.53]\'','\'(57.5-66]\'','\'(4.9-5.8]\'','\'(-inf-0.64]\'',0
'\'(6.6-7.4]\'','\'(2.7-3.4]\'',oct,sat,'\'(88.45-inf)\'','\'(30.12-59.14]\'','\'(604.79-690.06]\'','\'(5.61-11.22]\'','\'(17.75-20.86]\'','\'(23.5-32]\'','\'(3.1-4]\'','\'(-inf-0.64]\'',0
'\'(3.4-4.2]\'','\'(3.4-4.1]\'',mar,tue,'\'(80.7-88.45]\'','\'(-inf-30.12]\'','\'(-inf-93.17]\'','\'(-inf-5.61]\'','\'(11.53-14.64]\'','\'(40.5-49]\'','\'(2.2-3.1]\'','\'(-inf-0.64]\'',0
'\'(3.4-4.2]\'','\'(3.4-4.1]\'',jul,tue,'\'(72.95-80.7]\'','\'(59.14-88.16]\'','\'(348.98-434.25]\'','\'(-inf-5.61]\'','\'(20.86-23.97]\'','\'(32-40.5]\'','\'(2.2-3.1]\'','\'(-inf-0.64]\'',0
'\'(3.4-4.2]\'','\'(3.4-4.1]\'',aug,sat,'\'(88.45-inf)\'','\'(88.16-117.18]\'','\'(604.79-690.06]\'','\'(5.61-11.22]\'','\'(17.75-20.86]\'','\'(40.5-49]\'','\'(5.8-6.7]\'','\'(-inf-0.64]\'',0
'\'(3.4-4.2]\'','\'(3.4-4.1]\'',aug,tue,'\'(88.45-inf)\'','\'(88.16-117.18]\'','\'(604.79-690.06]\'','\'(16.83-22.44]\'','\'(14.64-17.75]\'','\'(49-57.5]\'','\'(4.9-5.8]\'','\'(-inf-0.64]\'',0
'\'(3.4-4.2]\'','\'(3.4-4.1]\'',sep,sat,'\'(88.45-inf)\'','\'(59.14-88.16]\'','\'(690.06-775.33]\'','\'(5.61-11.22]\'','\'(17.75-20.86]\'','\'(40.5-49]\'','\'(2.2-3.1]\'','\'(-inf-0.64]\'',0
'\'(3.4-4.2]\'','\'(3.4-4.1]\'',sep,wed,'\'(88.45-inf)\'','\'(59.14-88.16]\'','\'(690.06-775.33]\'','\'(5.61-11.22]\'','\'(11.53-14.64]\'','\'(66-74.5]\'','\'(4-4.9]\'','\'(-inf-0.64]\'',0
'\'(4.2-5]\'','\'(5.5-6.2]\'',sep,wed,'\'(88.45-inf)\'','\'(59.14-88.16]\'','\'(690.06-775.33]\'','\'(11.22-16.83]\'','\'(23.97-27.08]\'','\'(23.5-32]\'','\'(3.1-4]\'','\'(-inf-0.64]\'',0
'\'(4.2-5]\'','\'(5.5-6.2]\'',sep,mon,'\'(88.45-inf)\'','\'(117.18-146.2]\'','\'(604.79-690.06]\'','\'(5.61-11.22]\'','\'(14.64-17.75]\'','\'(66-74.5]\'','\'(3.1-4]\'','\'(-inf-0.64]\'',0
'\'(5.8-6.6]\'','\'(5.5-6.2]\'',jul,mon,'\'(88.45-inf)\'','\'(59.14-88.16]\'','\'(434.25-519.52]\'','\'(5.61-11.22]\'','\'(20.86-23.97]\'','\'(32-40.5]\'','\'(2.2-3.1]\'','\'(-inf-0.64]\'',0
'\'(3.4-4.2]\'','\'(3.4-4.1]\'',mar,mon,'\'(80.7-88.45]\'','\'(-inf-30.12]\'','\'(-inf-93.17]\'','\'(-inf-5.61]\'','\'(11.53-14.64]\'','\'(32-40.5]\'','\'(1.3-2.2]\'','\'(-inf-0.64]\'',0
'\'(3.4-4.2]\'','\'(3.4-4.1]\'',mar,mon,'\'(80.7-88.45]\'','\'(30.12-59.14]\'','\'(93.17-178.44]\'','\'(-inf-5.61]\'','\'(8.42-11.53]\'','\'(40.5-49]\'','\'(4.9-5.8]\'','\'(-inf-0.64]\'',0
'\'(3.4-4.2]\'','\'(3.4-4.1]\'',sep,thu,'\'(88.45-inf)\'','\'(117.18-146.2]\'','\'(690.06-775.33]\'','\'(5.61-11.22]\'','\'(17.75-20.86]\'','\'(-inf-23.5]\'','\'(-inf-1.3]\'','\'(-inf-0.64]\'',0
'\'(3.4-4.2]\'','\'(2.7-3.4]\'',aug,sun,'\'(88.45-inf)\'','\'(88.16-117.18]\'','\'(604.79-690.06]\'','\'(5.61-11.22]\'','\'(20.86-23.97]\'','\'(32-40.5]\'','\'(1.3-2.2]\'','\'(-inf-0.64]\'',0
'\'(3.4-4.2]\'','\'(2.7-3.4]\'',aug,wed,'\'(88.45-inf)\'','\'(88.16-117.18]\'','\'(604.79-690.06]\'','\'(5.61-11.22]\'','\'(17.75-20.86]\'','\'(40.5-49]\'','\'(4-4.9]\'','\'(-inf-0.64]\'',0
'\'(3.4-4.2]\'','\'(2.7-3.4]\'',aug,wed,'\'(88.45-inf)\'','\'(88.16-117.18]\'','\'(604.79-690.06]\'','\'(5.61-11.22]\'','\'(17.75-20.86]\'','\'(40.5-49]\'','\'(4-4.9]\'','\'(-inf-0.64]\'',0
'\'(3.4-4.2]\'','\'(2.7-3.4]\'',aug,thu,'\'(88.45-inf)\'','\'(88.16-117.18]\'','\'(604.79-690.06]\'','\'(5.61-11.22]\'','\'(14.64-17.75]\'','\'(40.5-49]\'','\'(3.1-4]\'','\'(-inf-0.64]\'',0
'\'(3.4-4.2]\'','\'(2.7-3.4]\'',sep,thu,'\'(88.45-inf)\'','\'(117.18-146.2]\'','\'(690.06-775.33]\'','\'(5.61-11.22]\'','\'(27.08-30.19]\'','\'(23.5-32]\'','\'(1.3-2.2]\'','\'(-inf-0.64]\'',0
'\'(3.4-4.2]\'','\'(2.7-3.4]\'',sep,tue,'\'(88.45-inf)\'','\'(59.14-88.16]\'','\'(690.06-775.33]\'','\'(5.61-11.22]\'','\'(17.75-20.86]\'','\'(57.5-66]\'','\'(4-4.9]\'','\'(-inf-0.64]\'',0
'\'(3.4-4.2]\'','\'(2.7-3.4]\'',oct,sun,'\'(88.45-inf)\'','\'(30.12-59.14]\'','\'(690.06-775.33]\'','\'(5.61-11.22]\'','\'(11.53-14.64]\'','\'(49-57.5]\'','\'(2.2-3.1]\'','\'(-inf-0.64]\'',0
'\'(1.8-2.6]\'','\'(-inf-2.7]\'',feb,mon,'\'(80.7-88.45]\'','\'(-inf-30.12]\'','\'(-inf-93.17]\'','\'(-inf-5.61]\'','\'(11.53-14.64]\'','\'(32-40.5]\'','\'(4.9-5.8]\'','\'(-inf-0.64]\'',0
'\'(1.8-2.6]\'','\'(-inf-2.7]\'',feb,fri,'\'(80.7-88.45]\'','\'(-inf-30.12]\'','\'(-inf-93.17]\'','\'(-inf-5.61]\'','\'(11.53-14.64]\'','\'(49-57.5]\'','\'(-inf-1.3]\'','\'(-inf-0.64]\'',0
'\'(1.8-2.6]\'','\'(-inf-2.7]\'',mar,sun,'\'(88.45-inf)\'','\'(30.12-59.14]\'','\'(93.17-178.44]\'','\'(5.61-11.22]\'','\'(8.42-11.53]\'','\'(32-40.5]\'','\'(4.9-5.8]\'','\'(-inf-0.64]\'',0
'\'(1.8-2.6]\'','\'(-inf-2.7]\'',mar,sun,'\'(88.45-inf)\'','\'(30.12-59.14]\'','\'(93.17-178.44]\'','\'(5.61-11.22]\'','\'(5.31-8.42]\'','\'(57.5-66]\'','\'(5.8-6.7]\'','\'(-inf-0.64]\'',0
'\'(1.8-2.6]\'','\'(-inf-2.7]\'',aug,thu,'\'(88.45-inf)\'','\'(59.14-88.16]\'','\'(434.25-519.52]\'','\'(5.61-11.22]\'','\'(17.75-20.86]\'','\'(32-40.5]\'','\'(4-4.9]\'','\'(-inf-0.64]\'',0
'\'(1.8-2.6]\'','\'(-inf-2.7]\'',aug,sun,'\'(88.45-inf)\'','\'(88.16-117.18]\'','\'(604.79-690.06]\'','\'(5.61-11.22]\'','\'(17.75-20.86]\'','\'(32-40.5]\'','\'(2.2-3.1]\'','\'(-inf-0.64]\'',0
'\'(1.8-2.6]\'','\'(-inf-2.7]\'',aug,mon,'\'(88.45-inf)\'','\'(88.16-117.18]\'','\'(604.79-690.06]\'','\'(5.61-11.22]\'','\'(20.86-23.97]\'','\'(23.5-32]\'','\'(2.2-3.1]\'','\'(-inf-0.64]\'',0
'\'(1.8-2.6]\'','\'(-inf-2.7]\'',aug,thu,'\'(88.45-inf)\'','\'(88.16-117.18]\'','\'(604.79-690.06]\'','\'(5.61-11.22]\'','\'(17.75-20.86]\'','\'(40.5-49]\'','\'(4-4.9]\'','\'(-inf-0.64]\'',0
'\'(1.8-2.6]\'','\'(-inf-2.7]\'',sep,fri,'\'(88.45-inf)\'','\'(117.18-146.2]\'','\'(604.79-690.06]\'','\'(11.22-16.83]\'','\'(20.86-23.97]\'','\'(32-40.5]\'','\'(4-4.9]\'','\'(-inf-0.64]\'',0
'\'(1.8-2.6]\'','\'(-inf-2.7]\'',sep,fri,'\'(88.45-inf)\'','\'(117.18-146.2]\'','\'(604.79-690.06]\'','\'(11.22-16.83]\'','\'(17.75-20.86]\'','\'(32-40.5]\'','\'(4.9-5.8]\'','\'(-inf-0.64]\'',0
'\'(1.8-2.6]\'','\'(-inf-2.7]\'',sep,fri,'\'(88.45-inf)\'','\'(117.18-146.2]\'','\'(604.79-690.06]\'','\'(11.22-16.83]\'','\'(17.75-20.86]\'','\'(32-40.5]\'','\'(5.8-6.7]\'','\'(-inf-0.64]\'',0
'\'(3.4-4.2]\'','\'(4.8-5.5]\'',mar,fri,'\'(88.45-inf)\'','\'(30.12-59.14]\'','\'(-inf-93.17]\'','\'(5.61-11.22]\'','\'(14.64-17.75]\'','\'(23.5-32]\'','\'(4-4.9]\'','\'(-inf-0.64]\'',0
'\'(3.4-4.2]\'','\'(4.8-5.5]\'',mar,fri,'\'(88.45-inf)\'','\'(30.12-59.14]\'','\'(93.17-178.44]\'','\'(11.22-16.83]\'','\'(14.64-17.75]\'','\'(23.5-32]\'','\'(6.7-7.6]\'','\'(-inf-0.64]\'',0
'\'(3.4-4.2]\'','\'(4.8-5.5]\'',sep,fri,'\'(88.45-inf)\'','\'(59.14-88.16]\'','\'(690.06-775.33]\'','\'(11.22-16.83]\'','\'(14.64-17.75]\'','\'(32-40.5]\'','\'(3.1-4]\'','\'(-inf-0.64]\'',0
'\'(4.2-5]\'','\'(3.4-4.1]\'',mar,fri,'\'(88.45-inf)\'','\'(30.12-59.14]\'','\'(-inf-93.17]\'','\'(5.61-11.22]\'','\'(14.64-17.75]\'','\'(23.5-32]\'','\'(5.8-6.7]\'','\'(-inf-0.64]\'',0
'\'(4.2-5]\'','\'(3.4-4.1]\'',aug,tue,'\'(88.45-inf)\'','\'(146.2-175.22]\'','\'(604.79-690.06]\'','\'(5.61-11.22]\'','\'(14.64-17.75]\'','\'(40.5-49]\'','\'(4-4.9]\'','\'(-inf-0.64]\'',0
'\'(4.2-5]\'','\'(3.4-4.1]\'',sep,fri,'\'(88.45-inf)\'','\'(117.18-146.2]\'','\'(690.06-775.33]\'','\'(11.22-16.83]\'','\'(27.08-30.19]\'','\'(23.5-32]\'','\'(-inf-1.3]\'','\'(-inf-0.64]\'',0
'\'(8.2-inf)\'','\'(8.3-inf)\'',feb,thu,'\'(80.7-88.45]\'','\'(-inf-30.12]\'','\'(-inf-93.17]\'','\'(5.61-11.22]\'','\'(5.31-8.42]\'','\'(74.5-83]\'','\'(2.2-3.1]\'','\'(-inf-0.64]\'',0
'\'(8.2-inf)\'','\'(8.3-inf)\'',feb,fri,'\'(80.7-88.45]\'','\'(-inf-30.12]\'','\'(-inf-93.17]\'','\'(-inf-5.61]\'','\'(14.64-17.75]\'','\'(40.5-49]\'','\'(2.2-3.1]\'','\'(-inf-0.64]\'',0
'\'(-inf-1.8]\'','\'(2.7-3.4]\'',mar,mon,'\'(80.7-88.45]\'','\'(30.12-59.14]\'','\'(93.17-178.44]\'','\'(-inf-5.61]\'','\'(5.31-8.42]\'','\'(66-74.5]\'','\'(2.2-3.1]\'','\'(-inf-0.64]\'',0
'\'(-inf-1.8]\'','\'(-inf-2.7]\'',aug,fri,'\'(88.45-inf)\'','\'(88.16-117.18]\'','\'(519.52-604.79]\'','\'(11.22-16.83]\'','\'(14.64-17.75]\'','\'(57.5-66]\'','\'(2.2-3.1]\'','\'(-inf-0.64]\'',0
'\'(-inf-1.8]\'','\'(-inf-2.7]\'',aug,tue,'\'(88.45-inf)\'','\'(117.18-146.2]\'','\'(519.52-604.79]\'','\'(5.61-11.22]\'','\'(20.86-23.97]\'','\'(-inf-23.5]\'','\'(5.8-6.7]\'','\'(-inf-0.64]\'',0
'\'(-inf-1.8]\'','\'(-inf-2.7]\'',aug,sun,'\'(88.45-inf)\'','\'(117.18-146.2]\'','\'(519.52-604.79]\'','\'(5.61-11.22]\'','\'(17.75-20.86]\'','\'(32-40.5]\'','\'(5.8-6.7]\'','\'(-inf-0.64]\'',0
'\'(-inf-1.8]\'','\'(-inf-2.7]\'',aug,sun,'\'(88.45-inf)\'','\'(88.16-117.18]\'','\'(604.79-690.06]\'','\'(5.61-11.22]\'','\'(17.75-20.86]\'','\'(40.5-49]\'','\'(1.3-2.2]\'','\'(-inf-0.64]\'',0
'\'(-inf-1.8]\'','\'(-inf-2.7]\'',aug,tue,'\'(88.45-inf)\'','\'(88.16-117.18]\'','\'(604.79-690.06]\'','\'(16.83-22.44]\'','\'(17.75-20.86]\'','\'(49-57.5]\'','\'(4-4.9]\'','\'(-inf-0.64]\'',0
'\'(-inf-1.8]\'','\'(-inf-2.7]\'',aug,wed,'\'(88.45-inf)\'','\'(88.16-117.18]\'','\'(604.79-690.06]\'','\'(5.61-11.22]\'','\'(14.64-17.75]\'','\'(40.5-49]\'','\'(-inf-1.3]\'','\'(-inf-0.64]\'',0
'\'(-inf-1.8]\'','\'(-inf-2.7]\'',aug,thu,'\'(88.45-inf)\'','\'(88.16-117.18]\'','\'(604.79-690.06]\'','\'(5.61-11.22]\'','\'(17.75-20.86]\'','\'(40.5-49]\'','\'(3.1-4]\'','\'(-inf-0.64]\'',0
'\'(-inf-1.8]\'','\'(-inf-2.7]\'',sep,thu,'\'(88.45-inf)\'','\'(117.18-146.2]\'','\'(690.06-775.33]\'','\'(5.61-11.22]\'','\'(20.86-23.97]\'','\'(-inf-23.5]\'','\'(-inf-1.3]\'','\'(-inf-0.64]\'',0
'\'(-inf-1.8]\'','\'(-inf-2.7]\'',sep,thu,'\'(88.45-inf)\'','\'(117.18-146.2]\'','\'(690.06-775.33]\'','\'(5.61-11.22]\'','\'(23.97-27.08]\'','\'(23.5-32]\'','\'(1.3-2.2]\'','\'(-inf-0.64]\'',0
'\'(-inf-1.8]\'','\'(-inf-2.7]\'',sep,thu,'\'(88.45-inf)\'','\'(117.18-146.2]\'','\'(690.06-775.33]\'','\'(5.61-11.22]\'','\'(20.86-23.97]\'','\'(32-40.5]\'','\'(1.3-2.2]\'','\'(-inf-0.64]\'',0
'\'(-inf-1.8]\'','\'(-inf-2.7]\'',sep,sun,'\'(88.45-inf)\'','\'(146.2-175.22]\'','\'(690.06-775.33]\'','\'(5.61-11.22]\'','\'(23.97-27.08]\'','\'(32-40.5]\'','\'(3.1-4]\'','\'(-inf-0.64]\'',0
'\'(5.8-6.6]\'','\'(4.8-5.5]\'',mar,sat,'\'(88.45-inf)\'','\'(30.12-59.14]\'','\'(-inf-93.17]\'','\'(5.61-11.22]\'','\'(14.64-17.75]\'','\'(23.5-32]\'','\'(4-4.9]\'','\'(-inf-0.64]\'',0
'\'(5.8-6.6]\'','\'(4.8-5.5]\'',aug,sat,'\'(88.45-inf)\'','\'(88.16-117.18]\'','\'(604.79-690.06]\'','\'(5.61-11.22]\'','\'(14.64-17.75]\'','\'(57.5-66]\'','\'(4.9-5.8]\'','\'(-inf-0.64]\'',0
'\'(7.4-8.2]\'','\'(5.5-6.2]\'',mar,fri,'\'(88.45-inf)\'','\'(30.12-59.14]\'','\'(-inf-93.17]\'','\'(5.61-11.22]\'','\'(14.64-17.75]\'','\'(23.5-32]\'','\'(4.9-5.8]\'','\'(-inf-0.64]\'',0
'\'(7.4-8.2]\'','\'(5.5-6.2]\'',aug,sun,'\'(88.45-inf)\'','\'(59.14-88.16]\'','\'(434.25-519.52]\'','\'(11.22-16.83]\'','\'(17.75-20.86]\'','\'(23.5-32]\'','\'(5.8-6.7]\'','\'(-inf-0.64]\'',0
'\'(7.4-8.2]\'','\'(5.5-6.2]\'',aug,sun,'\'(88.45-inf)\'','\'(117.18-146.2]\'','\'(519.52-604.79]\'','\'(5.61-11.22]\'','\'(17.75-20.86]\'','\'(40.5-49]\'','\'(4-4.9]\'','\'(-inf-0.64]\'',0
'\'(7.4-8.2]\'','\'(5.5-6.2]\'',aug,mon,'\'(88.45-inf)\'','\'(88.16-117.18]\'','\'(604.79-690.06]\'','\'(5.61-11.22]\'','\'(20.86-23.97]\'','\'(-inf-23.5]\'','\'(2.2-3.1]\'','\'(-inf-0.64]\'',0
'\'(3.4-4.2]\'','\'(3.4-4.1]\'',sep,sun,'\'(88.45-inf)\'','\'(88.16-117.18]\'','\'(690.06-775.33]\'','\'(-inf-5.61]\'','\'(17.75-20.86]\'','\'(57.5-66]\'','\'(-inf-1.3]\'','\'(-inf-0.64]\'',0
'\'(2.6-3.4]\'','\'(3.4-4.1]\'',feb,sat,'\'(80.7-88.45]\'','\'(-inf-30.12]\'','\'(-inf-93.17]\'','\'(-inf-5.61]\'','\'(11.53-14.64]\'','\'(40.5-49]\'','\'(1.3-2.2]\'','\'(-inf-0.64]\'',0
'\'(2.6-3.4]\'','\'(3.4-4.1]\'',mar,sat,'\'(65.2-72.95]\'','\'(-inf-30.12]\'','\'(-inf-93.17]\'','\'(-inf-5.61]\'','\'(14.64-17.75]\'','\'(23.5-32]\'','\'(4.9-5.8]\'','\'(-inf-0.64]\'',0
'\'(2.6-3.4]\'','\'(3.4-4.1]\'',aug,sun,'\'(88.45-inf)\'','\'(117.18-146.2]\'','\'(519.52-604.79]\'','\'(5.61-11.22]\'','\'(11.53-14.64]\'','\'(83-91.5]\'','\'(4-4.9]\'','\'(-inf-0.64]\'',0
'\'(2.6-3.4]\'','\'(3.4-4.1]\'',aug,sun,'\'(88.45-inf)\'','\'(117.18-146.2]\'','\'(519.52-604.79]\'','\'(5.61-11.22]\'','\'(17.75-20.86]\'','\'(32-40.5]\'','\'(4.9-5.8]\'','\'(-inf-0.64]\'',0
'\'(2.6-3.4]\'','\'(3.4-4.1]\'',aug,sun,'\'(88.45-inf)\'','\'(117.18-146.2]\'','\'(519.52-604.79]\'','\'(5.61-11.22]\'','\'(17.75-20.86]\'','\'(32-40.5]\'','\'(4.9-5.8]\'','\'(-inf-0.64]\'',0
'\'(2.6-3.4]\'','\'(3.4-4.1]\'',aug,tue,'\'(88.45-inf)\'','\'(146.2-175.22]\'','\'(604.79-690.06]\'','\'(5.61-11.22]\'','\'(11.53-14.64]\'','\'(57.5-66]\'','\'(4.9-5.8]\'','\'(-inf-0.64]\'',0
'\'(1.8-2.6]\'','\'(3.4-4.1]\'',aug,tue,'\'(88.45-inf)\'','\'(88.16-117.18]\'','\'(604.79-690.06]\'','\'(16.83-22.44]\'','\'(17.75-20.86]\'','\'(32-40.5]\'','\'(3.1-4]\'','\'(-inf-0.64]\'',0
'\'(1.8-2.6]\'','\'(3.4-4.1]\'',sep,sat,'\'(88.45-inf)\'','\'(117.18-146.2]\'','\'(604.79-690.06]\'','\'(5.61-11.22]\'','\'(23.97-27.08]\'','\'(23.5-32]\'','\'(4-4.9]\'','\'(-inf-0.64]\'',0
'\'(1.8-2.6]\'','\'(3.4-4.1]\'',jan,sat,'\'(80.7-88.45]\'','\'(-inf-30.12]\'','\'(-inf-93.17]\'','\'(-inf-5.61]\'','\'(-inf-5.31]\'','\'(74.5-83]\'','\'(2.2-3.1]\'','\'(-inf-0.64]\'',0
'\'(3.4-4.2]\'','\'(4.8-5.5]\'',mar,fri,'\'(80.7-88.45]\'','\'(-inf-30.12]\'','\'(-inf-93.17]\'','\'(-inf-5.61]\'','\'(11.53-14.64]\'','\'(49-57.5]\'','\'(5.8-6.7]\'','\'(-inf-0.64]\'',0
'\'(3.4-4.2]\'','\'(4.8-5.5]\'',mar,thu,'\'(88.45-inf)\'','\'(30.12-59.14]\'','\'(-inf-93.17]\'','\'(5.61-11.22]\'','\'(17.75-20.86]\'','\'(23.5-32]\'','\'(2.2-3.1]\'','\'(-inf-0.64]\'',0
'\'(3.4-4.2]\'','\'(4.8-5.5]\'',aug,sun,'\'(88.45-inf)\'','\'(88.16-117.18]\'','\'(604.79-690.06]\'','\'(5.61-11.22]\'','\'(20.86-23.97]\'','\'(32-40.5]\'','\'(2.2-3.1]\'','\'(-inf-0.64]\'',0
'\'(3.4-4.2]\'','\'(4.8-5.5]\'',sep,sat,'\'(88.45-inf)\'','\'(59.14-88.16]\'','\'(690.06-775.33]\'','\'(5.61-11.22]\'','\'(17.75-20.86]\'','\'(40.5-49]\'','\'(2.2-3.1]\'','\'(-inf-0.64]\'',0
'\'(3.4-4.2]\'','\'(4.8-5.5]\'',sep,mon,'\'(88.45-inf)\'','\'(88.16-117.18]\'','\'(690.06-775.33]\'','\'(5.61-11.22]\'','\'(14.64-17.75]\'','\'(49-57.5]\'','\'(4.9-5.8]\'','\'(-inf-0.64]\'',0
'\'(3.4-4.2]\'','\'(3.4-4.1]\'',mar,fri,'\'(80.7-88.45]\'','\'(-inf-30.12]\'','\'(-inf-93.17]\'','\'(-inf-5.61]\'','\'(11.53-14.64]\'','\'(40.5-49]\'','\'(4.9-5.8]\'','\'(-inf-0.64]\'',0
'\'(2.6-3.4]\'','\'(3.4-4.1]\'',mar,fri,'\'(88.45-inf)\'','\'(30.12-59.14]\'','\'(-inf-93.17]\'','\'(5.61-11.22]\'','\'(17.75-20.86]\'','\'(-inf-23.5]\'','\'(4-4.9]\'','\'(-inf-0.64]\'',0
'\'(2.6-3.4]\'','\'(3.4-4.1]\'',sep,sun,'\'(88.45-inf)\'','\'(88.16-117.18]\'','\'(690.06-775.33]\'','\'(-inf-5.61]\'','\'(20.86-23.97]\'','\'(32-40.5]\'','\'(3.1-4]\'','\'(-inf-0.64]\'',0
'\'(2.6-3.4]\'','\'(3.4-4.1]\'',sep,mon,'\'(88.45-inf)\'','\'(59.14-88.16]\'','\'(690.06-775.33]\'','\'(5.61-11.22]\'','\'(17.75-20.86]\'','\'(32-40.5]\'','\'(2.2-3.1]\'','\'(-inf-0.64]\'',0
'\'(2.6-3.4]\'','\'(3.4-4.1]\'',mar,tue,'\'(80.7-88.45]\'','\'(-inf-30.12]\'','\'(-inf-93.17]\'','\'(-inf-5.61]\'','\'(14.64-17.75]\'','\'(23.5-32]\'','\'(6.7-7.6]\'','\'(-inf-0.64]\'',0
'\'(2.6-3.4]\'','\'(4.8-5.5]\'',mar,tue,'\'(80.7-88.45]\'','\'(-inf-30.12]\'','\'(-inf-93.17]\'','\'(-inf-5.61]\'','\'(14.64-17.75]\'','\'(23.5-32]\'','\'(5.8-6.7]\'','\'(-inf-0.64]\'',0
'\'(2.6-3.4]\'','\'(3.4-4.1]\'',mar,sat,'\'(88.45-inf)\'','\'(30.12-59.14]\'','\'(-inf-93.17]\'','\'(5.61-11.22]\'','\'(11.53-14.64]\'','\'(23.5-32]\'','\'(5.8-6.7]\'','\'(-inf-0.64]\'',0
'\'(2.6-3.4]\'','\'(3.4-4.1]\'',mar,sat,'\'(88.45-inf)\'','\'(30.12-59.14]\'','\'(-inf-93.17]\'','\'(5.61-11.22]\'','\'(14.64-17.75]\'','\'(23.5-32]\'','\'(4-4.9]\'','\'(-inf-0.64]\'',0
'\'(2.6-3.4]\'','\'(3.4-4.1]\'',mar,mon,'\'(88.45-inf)\'','\'(30.12-59.14]\'','\'(-inf-93.17]\'','\'(5.61-11.22]\'','\'(8.42-11.53]\'','\'(23.5-32]\'','\'(3.1-4]\'','\'(-inf-0.64]\'',0
'\'(2.6-3.4]\'','\'(3.4-4.1]\'',aug,thu,'\'(88.45-inf)\'','\'(59.14-88.16]\'','\'(434.25-519.52]\'','\'(5.61-11.22]\'','\'(17.75-20.86]\'','\'(32-40.5]\'','\'(2.2-3.1]\'','\'(-inf-0.64]\'',0
'\'(2.6-3.4]\'','\'(3.4-4.1]\'',aug,mon,'\'(88.45-inf)\'','\'(117.18-146.2]\'','\'(604.79-690.06]\'','\'(5.61-11.22]\'','\'(8.42-11.53]\'','\'(66-74.5]\'','\'(1.3-2.2]\'','\'(-inf-0.64]\'',0
'\'(2.6-3.4]\'','\'(3.4-4.1]\'',aug,mon,'\'(88.45-inf)\'','\'(117.18-146.2]\'','\'(604.79-690.06]\'','\'(5.61-11.22]\'','\'(14.64-17.75]\'','\'(40.5-49]\'','\'(4.9-5.8]\'','\'(-inf-0.64]\'',0
'\'(2.6-3.4]\'','\'(3.4-4.1]\'',sep,sun,'\'(88.45-inf)\'','\'(117.18-146.2]\'','\'(604.79-690.06]\'','\'(5.61-11.22]\'','\'(20.86-23.97]\'','\'(40.5-49]\'','\'(4.9-5.8]\'','\'(-inf-0.64]\'',0
'\'(2.6-3.4]\'','\'(3.4-4.1]\'',sep,tue,'\'(80.7-88.45]\'','\'(59.14-88.16]\'','\'(604.79-690.06]\'','\'(-inf-5.61]\'','\'(17.75-20.86]\'','\'(40.5-49]\'','\'(2.2-3.1]\'','\'(-inf-0.64]\'',0
'\'(2.6-3.4]\'','\'(3.4-4.1]\'',sep,fri,'\'(88.45-inf)\'','\'(59.14-88.16]\'','\'(690.06-775.33]\'','\'(11.22-16.83]\'','\'(17.75-20.86]\'','\'(49-57.5]\'','\'(4.9-5.8]\'','\'(-inf-0.64]\'',0
'\'(2.6-3.4]\'','\'(3.4-4.1]\'',oct,sun,'\'(88.45-inf)\'','\'(30.12-59.14]\'','\'(690.06-775.33]\'','\'(5.61-11.22]\'','\'(17.75-20.86]\'','\'(23.5-32]\'','\'(4.9-5.8]\'','\'(-inf-0.64]\'',0
'\'(2.6-3.4]\'','\'(4.8-5.5]\'',mar,mon,'\'(80.7-88.45]\'','\'(30.12-59.14]\'','\'(93.17-178.44]\'','\'(-inf-5.61]\'','\'(8.42-11.53]\'','\'(40.5-49]\'','\'(1.3-2.2]\'','\'(-inf-0.64]\'',0
'\'(2.6-3.4]\'','\'(4.8-5.5]\'',sep,fri,'\'(88.45-inf)\'','\'(146.2-175.22]\'','\'(690.06-775.33]\'','\'(5.61-11.22]\'','\'(14.64-17.75]\'','\'(40.5-49]\'','\'(2.2-3.1]\'','\'(-inf-0.64]\'',0
'\'(2.6-3.4]\'','\'(4.8-5.5]\'',oct,wed,'\'(88.45-inf)\'','\'(30.12-59.14]\'','\'(604.79-690.06]\'','\'(-inf-5.61]\'','\'(14.64-17.75]\'','\'(40.5-49]\'','\'(3.1-4]\'','\'(-inf-0.64]\'',0
'\'(1.8-2.6]\'','\'(4.8-5.5]\'',oct,sun,'\'(88.45-inf)\'','\'(30.12-59.14]\'','\'(690.06-775.33]\'','\'(5.61-11.22]\'','\'(14.64-17.75]\'','\'(32-40.5]\'','\'(-inf-1.3]\'','\'(-inf-0.64]\'',0
'\'(3.4-4.2]\'','\'(5.5-6.2]\'',feb,sat,'\'(65.2-72.95]\'','\'(-inf-30.12]\'','\'(-inf-93.17]\'','\'(-inf-5.61]\'','\'(14.64-17.75]\'','\'(32-40.5]\'','\'(2.2-3.1]\'','\'(-inf-0.64]\'',0
'\'(3.4-4.2]\'','\'(5.5-6.2]\'',mar,mon,'\'(80.7-88.45]\'','\'(-inf-30.12]\'','\'(-inf-93.17]\'','\'(-inf-5.61]\'','\'(11.53-14.64]\'','\'(32-40.5]\'','\'(2.2-3.1]\'','\'(-inf-0.64]\'',0
'\'(3.4-4.2]\'','\'(5.5-6.2]\'',mar,sun,'\'(88.45-inf)\'','\'(30.12-59.14]\'','\'(93.17-178.44]\'','\'(5.61-11.22]\'','\'(8.42-11.53]\'','\'(40.5-49]\'','\'(4-4.9]\'','\'(-inf-0.64]\'',0
'\'(3.4-4.2]\'','\'(5.5-6.2]\'',sep,thu,'\'(88.45-inf)\'','\'(59.14-88.16]\'','\'(604.79-690.06]\'','\'(16.83-22.44]\'','\'(14.64-17.75]\'','\'(40.5-49]\'','\'(2.2-3.1]\'','\'(-inf-0.64]\'',0
'\'(2.6-3.4]\'','\'(4.8-5.5]\'',mar,tue,'\'(80.7-88.45]\'','\'(-inf-30.12]\'','\'(-inf-93.17]\'','\'(-inf-5.61]\'','\'(14.64-17.75]\'','\'(32-40.5]\'','\'(2.2-3.1]\'','\'(-inf-0.64]\'',0
'\'(2.6-3.4]\'','\'(4.8-5.5]\'',aug,sat,'\'(88.45-inf)\'','\'(117.18-146.2]\'','\'(519.52-604.79]\'','\'(16.83-22.44]\'','\'(14.64-17.75]\'','\'(49-57.5]\'','\'(4.9-5.8]\'','\'(-inf-0.64]\'',0
'\'(2.6-3.4]\'','\'(5.5-6.2]\'',sep,sun,'\'(88.45-inf)\'','\'(117.18-146.2]\'','\'(604.79-690.06]\'','\'(5.61-11.22]\'','\'(14.64-17.75]\'','\'(57.5-66]\'','\'(-inf-1.3]\'','\'(-inf-0.64]\'',0
'\'(2.6-3.4]\'','\'(5.5-6.2]\'',sep,mon,'\'(88.45-inf)\'','\'(117.18-146.2]\'','\'(604.79-690.06]\'','\'(5.61-11.22]\'','\'(14.64-17.75]\'','\'(57.5-66]\'','\'(2.2-3.1]\'','\'(-inf-0.64]\'',0
'\'(8.2-inf)\'','\'(8.3-inf)\'',jul,tue,'\'(80.7-88.45]\'','\'(30.12-59.14]\'','\'(263.71-348.98]\'','\'(-inf-5.61]\'','\'(17.75-20.86]\'','\'(40.5-49]\'','\'(2.2-3.1]\'','\'(-inf-0.64]\'',0.36
'\'(-inf-1.8]\'','\'(3.4-4.1]\'',sep,tue,'\'(88.45-inf)\'','\'(117.18-146.2]\'','\'(690.06-775.33]\'','\'(5.61-11.22]\'','\'(20.86-23.97]\'','\'(32-40.5]\'','\'(1.3-2.2]\'','\'(-inf-0.64]\'',0.43
'\'(1.8-2.6]\'','\'(4.8-5.5]\'',sep,mon,'\'(88.45-inf)\'','\'(117.18-146.2]\'','\'(604.79-690.06]\'','\'(5.61-11.22]\'','\'(20.86-23.97]\'','\'(32-40.5]\'','\'(1.3-2.2]\'','\'(-inf-0.64]\'',0.47
'\'(-inf-1.8]\'','\'(-inf-2.7]\'',aug,wed,'\'(88.45-inf)\'','\'(88.16-117.18]\'','\'(434.25-519.52]\'','\'(11.22-16.83]\'','\'(20.86-23.97]\'','\'(23.5-32]\'','\'(4-4.9]\'','\'(-inf-0.64]\'',0.55
'\'(7.4-8.2]\'','\'(5.5-6.2]\'',aug,fri,'\'(88.45-inf)\'','\'(88.16-117.18]\'','\'(519.52-604.79]\'','\'(11.22-16.83]\'','\'(20.86-23.97]\'','\'(49-57.5]\'','\'(8.5-inf)\'','\'(-inf-0.64]\'',0.61
'\'(-inf-1.8]\'','\'(-inf-2.7]\'',jul,sat,'\'(88.45-inf)\'','\'(30.12-59.14]\'','\'(263.71-348.98]\'','\'(5.61-11.22]\'','\'(14.64-17.75]\'','\'(49-57.5]\'','\'(4.9-5.8]\'','\'(-inf-0.64]\'',0.71
'\'(1.8-2.6]\'','\'(4.8-5.5]\'',aug,wed,'\'(88.45-inf)\'','\'(88.16-117.18]\'','\'(434.25-519.52]\'','\'(11.22-16.83]\'','\'(20.86-23.97]\'','\'(23.5-32]\'','\'(4.9-5.8]\'','\'(-inf-0.64]\'',0.77
'\'(5.8-6.6]\'','\'(4.8-5.5]\'',aug,thu,'\'(88.45-inf)\'','\'(117.18-146.2]\'','\'(519.52-604.79]\'','\'(5.61-11.22]\'','\'(27.08-30.19]\'','\'(-inf-23.5]\'','\'(3.1-4]\'','\'(-inf-0.64]\'',0.9
'\'(4.2-5]\'','\'(3.4-4.1]\'',mar,mon,'\'(88.45-inf)\'','\'(30.12-59.14]\'','\'(-inf-93.17]\'','\'(5.61-11.22]\'','\'(11.53-14.64]\'','\'(32-40.5]\'','\'(4.9-5.8]\'','\'(-inf-0.64]\'',0.95
'\'(7.4-8.2]\'','\'(2.7-3.4]\'',sep,tue,'\'(80.7-88.45]\'','\'(59.14-88.16]\'','\'(604.79-690.06]\'','\'(-inf-5.61]\'','\'(23.97-27.08]\'','\'(23.5-32]\'','\'(3.1-4]\'','\'(-inf-0.64]\'',0.96
'\'(1.8-2.6]\'','\'(-inf-2.7]\'',aug,tue,'\'(88.45-inf)\'','\'(88.16-117.18]\'','\'(604.79-690.06]\'','\'(16.83-22.44]\'','\'(14.64-17.75]\'','\'(40.5-49]\'','\'(5.8-6.7]\'','\'(-inf-0.64]\'',1.07
'\'(7.4-8.2]\'','\'(5.5-6.2]\'',sep,thu,'\'(88.45-inf)\'','\'(59.14-88.16]\'','\'(604.79-690.06]\'','\'(16.83-22.44]\'','\'(20.86-23.97]\'','\'(23.5-32]\'','\'(4-4.9]\'','\'(-inf-0.64]\'',1.12
'\'(5.8-6.6]\'','\'(4.8-5.5]\'',jun,fri,'\'(88.45-inf)\'','\'(30.12-59.14]\'','\'(348.98-434.25]\'','\'(5.61-11.22]\'','\'(20.86-23.97]\'','\'(32-40.5]\'','\'(4.9-5.8]\'','\'(-inf-0.64]\'',1.19
'\'(8.2-inf)\'','\'(8.3-inf)\'',jul,sun,'\'(88.45-inf)\'','\'(59.14-88.16]\'','\'(348.98-434.25]\'','\'(5.61-11.22]\'','\'(23.97-27.08]\'','\'(23.5-32]\'','\'(1.3-2.2]\'','\'(-inf-0.64]\'',1.36
'\'(2.6-3.4]\'','\'(3.4-4.1]\'',jul,sat,'\'(88.45-inf)\'','\'(30.12-59.14]\'','\'(348.98-434.25]\'','\'(5.61-11.22]\'','\'(23.97-27.08]\'','\'(40.5-49]\'','\'(1.3-2.2]\'','\'(-inf-0.64]\'',1.43
'\'(4.2-5]\'','\'(3.4-4.1]\'',sep,fri,'\'(88.45-inf)\'','\'(59.14-88.16]\'','\'(690.06-775.33]\'','\'(11.22-16.83]\'','\'(17.75-20.86]\'','\'(40.5-49]\'','\'(4-4.9]\'','\'(-inf-0.64]\'',1.46
'\'(-inf-1.8]\'','\'(4.8-5.5]\'',sep,sat,'\'(88.45-inf)\'','\'(117.18-146.2]\'','\'(690.06-775.33]\'','\'(5.61-11.22]\'','\'(27.08-30.19]\'','\'(23.5-32]\'','\'(2.2-3.1]\'','\'(-inf-0.64]\'',1.46
'\'(6.6-7.4]\'','\'(3.4-4.1]\'',aug,sun,'\'(88.45-inf)\'','\'(88.16-117.18]\'','\'(604.79-690.06]\'','\'(16.83-22.44]\'','\'(14.64-17.75]\'','\'(40.5-49]\'','\'(-inf-1.3]\'','\'(-inf-0.64]\'',1.56
'\'(1.8-2.6]\'','\'(3.4-4.1]\'',sep,sat,'\'(88.45-inf)\'','\'(117.18-146.2]\'','\'(690.06-775.33]\'','\'(5.61-11.22]\'','\'(27.08-30.19]\'','\'(23.5-32]\'','\'(1.3-2.2]\'','\'(-inf-0.64]\'',1.61
'\'(1.8-2.6]\'','\'(-inf-2.7]\'',aug,wed,'\'(88.45-inf)\'','\'(88.16-117.18]\'','\'(604.79-690.06]\'','\'(5.61-11.22]\'','\'(17.75-20.86]\'','\'(40.5-49]\'','\'(3.1-4]\'','\'(-inf-0.64]\'',1.63
'\'(1.8-2.6]\'','\'(3.4-4.1]\'',aug,wed,'\'(88.45-inf)\'','\'(88.16-117.18]\'','\'(604.79-690.06]\'','\'(5.61-11.22]\'','\'(17.75-20.86]\'','\'(32-40.5]\'','\'(3.1-4]\'','\'(-inf-0.64]\'',1.64
'\'(6.6-7.4]\'','\'(3.4-4.1]\'',sep,fri,'\'(88.45-inf)\'','\'(117.18-146.2]\'','\'(604.79-690.06]\'','\'(11.22-16.83]\'','\'(17.75-20.86]\'','\'(32-40.5]\'','\'(4.9-5.8]\'','\'(-inf-0.64]\'',1.69
'\'(6.6-7.4]\'','\'(3.4-4.1]\'',mar,mon,'\'(88.45-inf)\'','\'(30.12-59.14]\'','\'(-inf-93.17]\'','\'(5.61-11.22]\'','\'(14.64-17.75]\'','\'(23.5-32]\'','\'(2.2-3.1]\'','\'(-inf-0.64]\'',1.75
'\'(5.8-6.6]\'','\'(3.4-4.1]\'',aug,thu,'\'(88.45-inf)\'','\'(117.18-146.2]\'','\'(519.52-604.79]\'','\'(5.61-11.22]\'','\'(17.75-20.86]\'','\'(40.5-49]\'','\'(3.1-4]\'','\'(-inf-0.64]\'',1.9
'\'(5.8-6.6]\'','\'(2.7-3.4]\'',mar,sat,'\'(88.45-inf)\'','\'(30.12-59.14]\'','\'(93.17-178.44]\'','\'(5.61-11.22]\'','\'(14.64-17.75]\'','\'(23.5-32]\'','\'(7.6-8.5]\'','\'(-inf-0.64]\'',1.94
'\'(7.4-8.2]\'','\'(5.5-6.2]\'',sep,sat,'\'(88.45-inf)\'','\'(117.18-146.2]\'','\'(604.79-690.06]\'','\'(5.61-11.22]\'','\'(17.75-20.86]\'','\'(49-57.5]\'','\'(1.3-2.2]\'','\'(-inf-0.64]\'',1.95
'\'(7.4-8.2]\'','\'(4.8-5.5]\'',sep,sun,'\'(88.45-inf)\'','\'(88.16-117.18]\'','\'(690.06-775.33]\'','\'(-inf-5.61]\'','\'(17.75-20.86]\'','\'(66-74.5]\'','\'(1.3-2.2]\'','\'(-inf-0.64]\'',2.01
'\'(5.8-6.6]\'','\'(4.8-5.5]\'',mar,thu,'\'(80.7-88.45]\'','\'(-inf-30.12]\'','\'(-inf-93.17]\'','\'(-inf-5.61]\'','\'(-inf-5.31]\'','\'(66-74.5]\'','\'(4-4.9]\'','\'(-inf-0.64]\'',2.14
'\'(5.8-6.6]\'','\'(4.8-5.5]\'',aug,wed,'\'(88.45-inf)\'','\'(88.16-117.18]\'','\'(604.79-690.06]\'','\'(5.61-11.22]\'','\'(14.64-17.75]\'','\'(40.5-49]\'','\'(-inf-1.3]\'','\'(-inf-0.64]\'',2.29
'\'(5.8-6.6]\'','\'(4.8-5.5]\'',aug,wed,'\'(88.45-inf)\'','\'(117.18-146.2]\'','\'(519.52-604.79]\'','\'(11.22-16.83]\'','\'(20.86-23.97]\'','\'(32-40.5]\'','\'(4-4.9]\'','\'(-inf-0.64]\'',2.51
'\'(5.8-6.6]\'','\'(4.8-5.5]\'',mar,fri,'\'(88.45-inf)\'','\'(30.12-59.14]\'','\'(93.17-178.44]\'','\'(11.22-16.83]\'','\'(11.53-14.64]\'','\'(23.5-32]\'','\'(8.5-inf)\'','\'(-inf-0.64]\'',2.53
'\'(7.4-8.2]\'','\'(5.5-6.2]\'',aug,thu,'\'(88.45-inf)\'','\'(117.18-146.2]\'','\'(519.52-604.79]\'','\'(5.61-11.22]\'','\'(17.75-20.86]\'','\'(40.5-49]\'','\'(1.3-2.2]\'','\'(-inf-0.64]\'',2.55
'\'(4.2-5]\'','\'(3.4-4.1]\'',sep,wed,'\'(88.45-inf)\'','\'(117.18-146.2]\'','\'(690.06-775.33]\'','\'(5.61-11.22]\'','\'(20.86-23.97]\'','\'(32-40.5]\'','\'(1.3-2.2]\'','\'(-inf-0.64]\'',2.57
'\'(7.4-8.2]\'','\'(5.5-6.2]\'',aug,wed,'\'(80.7-88.45]\'','\'(88.16-117.18]\'','\'(604.79-690.06]\'','\'(5.61-11.22]\'','\'(14.64-17.75]\'','\'(49-57.5]\'','\'(3.1-4]\'','\'(-inf-0.64]\'',2.69
'\'(6.6-7.4]\'','\'(3.4-4.1]\'',aug,sun,'\'(88.45-inf)\'','\'(117.18-146.2]\'','\'(519.52-604.79]\'','\'(5.61-11.22]\'','\'(17.75-20.86]\'','\'(32-40.5]\'','\'(4.9-5.8]\'','\'(-inf-0.64]\'',2.74
'\'(3.4-4.2]\'','\'(3.4-4.1]\'',sep,mon,'\'(88.45-inf)\'','\'(117.18-146.2]\'','\'(604.79-690.06]\'','\'(5.61-11.22]\'','\'(14.64-17.75]\'','\'(32-40.5]\'','\'(1.3-2.2]\'','\'(-inf-0.64]\'',3.07
'\'(-inf-1.8]\'','\'(3.4-4.1]\'',aug,sat,'\'(88.45-inf)\'','\'(88.16-117.18]\'','\'(604.79-690.06]\'','\'(5.61-11.22]\'','\'(11.53-14.64]\'','\'(49-57.5]\'','\'(1.3-2.2]\'','\'(-inf-0.64]\'',3.5
'\'(-inf-1.8]\'','\'(3.4-4.1]\'',aug,sat,'\'(88.45-inf)\'','\'(88.16-117.18]\'','\'(604.79-690.06]\'','\'(5.61-11.22]\'','\'(17.75-20.86]\'','\'(32-40.5]\'','\'(4-4.9]\'','\'(-inf-0.64]\'',4.53
'\'(5.8-6.6]\'','\'(4.8-5.5]\'',apr,thu,'\'(80.7-88.45]\'','\'(-inf-30.12]\'','\'(-inf-93.17]\'','\'(-inf-5.61]\'','\'(5.31-8.42]\'','\'(49-57.5]\'','\'(4.9-5.8]\'','\'(-inf-0.64]\'',4.61
'\'(1.8-2.6]\'','\'(4.8-5.5]\'',aug,sun,'\'(88.45-inf)\'','\'(88.16-117.18]\'','\'(604.79-690.06]\'','\'(5.61-11.22]\'','\'(17.75-20.86]\'','\'(40.5-49]\'','\'(2.2-3.1]\'','\'(-inf-0.64]\'',4.69
'\'(1.8-2.6]\'','\'(4.8-5.5]\'',sep,wed,'\'(88.45-inf)\'','\'(59.14-88.16]\'','\'(690.06-775.33]\'','\'(5.61-11.22]\'','\'(17.75-20.86]\'','\'(40.5-49]\'','\'(1.3-2.2]\'','\'(-inf-0.64]\'',4.88
'\'(7.4-8.2]\'','\'(5.5-6.2]\'',aug,tue,'\'(88.45-inf)\'','\'(146.2-175.22]\'','\'(604.79-690.06]\'','\'(5.61-11.22]\'','\'(11.53-14.64]\'','\'(57.5-66]\'','\'(4.9-5.8]\'','\'(-inf-0.64]\'',5.23
'\'(-inf-1.8]\'','\'(2.7-3.4]\'',sep,sun,'\'(88.45-inf)\'','\'(117.18-146.2]\'','\'(604.79-690.06]\'','\'(5.61-11.22]\'','\'(20.86-23.97]\'','\'(23.5-32]\'','\'(5.8-6.7]\'','\'(-inf-0.64]\'',5.33
'\'(7.4-8.2]\'','\'(5.5-6.2]\'',oct,mon,'\'(80.7-88.45]\'','\'(30.12-59.14]\'','\'(604.79-690.06]\'','\'(-inf-5.61]\'','\'(17.75-20.86]\'','\'(23.5-32]\'','\'(3.1-4]\'','\'(-inf-0.64]\'',5.44
'\'(4.2-5]\'','\'(3.4-4.1]\'',feb,sun,'\'(80.7-88.45]\'','\'(-inf-30.12]\'','\'(-inf-93.17]\'','\'(-inf-5.61]\'','\'(11.53-14.64]\'','\'(49-57.5]\'','\'(1.3-2.2]\'','\'(-inf-0.64]\'',6.38
'\'(6.6-7.4]\'','\'(3.4-4.1]\'',oct,mon,'\'(88.45-inf)\'','\'(30.12-59.14]\'','\'(690.06-775.33]\'','\'(5.61-11.22]\'','\'(14.64-17.75]\'','\'(40.5-49]\'','\'(4-4.9]\'','\'(-inf-0.64]\'',6.83
'\'(7.4-8.2]\'','\'(5.5-6.2]\'',aug,fri,'\'(88.45-inf)\'','\'(117.18-146.2]\'','\'(519.52-604.79]\'','\'(11.22-16.83]\'','\'(17.75-20.86]\'','\'(32-40.5]\'','\'(4-4.9]\'','\'(-inf-0.64]\'',6.96
'\'(1.8-2.6]\'','\'(4.8-5.5]\'',sep,tue,'\'(88.45-inf)\'','\'(117.18-146.2]\'','\'(690.06-775.33]\'','\'(5.61-11.22]\'','\'(14.64-17.75]\'','\'(40.5-49]\'','\'(2.2-3.1]\'','\'(-inf-0.64]\'',7.04
'\'(7.4-8.2]\'','\'(5.5-6.2]\'',mar,sun,'\'(88.45-inf)\'','\'(30.12-59.14]\'','\'(93.17-178.44]\'','\'(5.61-11.22]\'','\'(8.42-11.53]\'','\'(32-40.5]\'','\'(4.9-5.8]\'','\'(-inf-0.64]\'',7.19
'\'(-inf-1.8]\'','\'(4.8-5.5]\'',sep,mon,'\'(88.45-inf)\'','\'(117.18-146.2]\'','\'(604.79-690.06]\'','\'(5.61-11.22]\'','\'(20.86-23.97]\'','\'(40.5-49]\'','\'(1.3-2.2]\'','\'(-inf-0.64]\'',7.3
'\'(5.8-6.6]\'','\'(3.4-4.1]\'',mar,sat,'\'(88.45-inf)\'','\'(30.12-59.14]\'','\'(-inf-93.17]\'','\'(5.61-11.22]\'','\'(11.53-14.64]\'','\'(40.5-49]\'','\'(-inf-1.3]\'','\'(-inf-0.64]\'',7.4
'\'(6.6-7.4]\'','\'(3.4-4.1]\'',mar,sun,'\'(88.45-inf)\'','\'(30.12-59.14]\'','\'(-inf-93.17]\'','\'(-inf-5.61]\'','\'(8.42-11.53]\'','\'(57.5-66]\'','\'(3.1-4]\'','\'(-inf-0.64]\'',8.24
'\'(5.8-6.6]\'','\'(4.8-5.5]\'',mar,fri,'\'(88.45-inf)\'','\'(30.12-59.14]\'','\'(93.17-178.44]\'','\'(11.22-16.83]\'','\'(11.53-14.64]\'','\'(32-40.5]\'','\'(3.1-4]\'','\'(-inf-0.64]\'',8.31
'\'(1.8-2.6]\'','\'(4.8-5.5]\'',aug,thu,'\'(88.45-inf)\'','\'(117.18-146.2]\'','\'(519.52-604.79]\'','\'(5.61-11.22]\'','\'(23.97-27.08]\'','\'(23.5-32]\'','\'(2.2-3.1]\'','\'(-inf-0.64]\'',8.68
'\'(1.8-2.6]\'','\'(-inf-2.7]\'',aug,tue,'\'(88.45-inf)\'','\'(88.16-117.18]\'','\'(604.79-690.06]\'','\'(16.83-22.44]\'','\'(23.97-27.08]\'','\'(-inf-23.5]\'','\'(4-4.9]\'','\'(-inf-0.64]\'',8.71
'\'(3.4-4.2]\'','\'(4.8-5.5]\'',sep,wed,'\'(88.45-inf)\'','\'(117.18-146.2]\'','\'(690.06-775.33]\'','\'(5.61-11.22]\'','\'(23.97-27.08]\'','\'(23.5-32]\'','\'(3.1-4]\'','\'(-inf-0.64]\'',9.41
'\'(1.8-2.6]\'','\'(-inf-2.7]\'',aug,tue,'\'(88.45-inf)\'','\'(88.16-117.18]\'','\'(604.79-690.06]\'','\'(16.83-22.44]\'','\'(23.97-27.08]\'','\'(-inf-23.5]\'','\'(4-4.9]\'','\'(-inf-0.64]\'',10.01
'\'(1.8-2.6]\'','\'(4.8-5.5]\'',aug,fri,'\'(88.45-inf)\'','\'(117.18-146.2]\'','\'(519.52-604.79]\'','\'(11.22-16.83]\'','\'(20.86-23.97]\'','\'(32-40.5]\'','\'(4.9-5.8]\'','\'(-inf-0.64]\'',10.02
'\'(5.8-6.6]\'','\'(4.8-5.5]\'',apr,thu,'\'(80.7-88.45]\'','\'(-inf-30.12]\'','\'(-inf-93.17]\'','\'(-inf-5.61]\'','\'(5.31-8.42]\'','\'(49-57.5]\'','\'(4.9-5.8]\'','\'(-inf-0.64]\'',10.93
'\'(3.4-4.2]\'','\'(4.8-5.5]\'',sep,thu,'\'(88.45-inf)\'','\'(117.18-146.2]\'','\'(690.06-775.33]\'','\'(5.61-11.22]\'','\'(20.86-23.97]\'','\'(-inf-23.5]\'','\'(-inf-1.3]\'','\'(-inf-0.64]\'',11.06
'\'(2.6-3.4]\'','\'(3.4-4.1]\'',sep,tue,'\'(88.45-inf)\'','\'(117.18-146.2]\'','\'(690.06-775.33]\'','\'(5.61-11.22]\'','\'(11.53-14.64]\'','\'(57.5-66]\'','\'(5.8-6.7]\'','\'(-inf-0.64]\'',11.24
'\'(1.8-2.6]\'','\'(3.4-4.1]\'',sep,mon,'\'(57.45-65.2]\'','\'(59.14-88.16]\'','\'(604.79-690.06]\'','\'(-inf-5.61]\'','\'(20.86-23.97]\'','\'(32-40.5]\'','\'(3.1-4]\'','\'(-inf-0.64]\'',11.32
'\'(-inf-1.8]\'','\'(4.8-5.5]\'',sep,tue,'\'(88.45-inf)\'','\'(117.18-146.2]\'','\'(690.06-775.33]\'','\'(5.61-11.22]\'','\'(20.86-23.97]\'','\'(32-40.5]\'','\'(1.3-2.2]\'','\'(-inf-0.64]\'',11.53
'\'(5.8-6.6]\'','\'(4.8-5.5]\'',mar,sun,'\'(88.45-inf)\'','\'(30.12-59.14]\'','\'(-inf-93.17]\'','\'(5.61-11.22]\'','\'(11.53-14.64]\'','\'(49-57.5]\'','\'(3.1-4]\'','\'(-inf-0.64]\'',12.1
'\'(6.6-7.4]\'','\'(3.4-4.1]\'',feb,sun,'\'(80.7-88.45]\'','\'(-inf-30.12]\'','\'(-inf-93.17]\'','\'(-inf-5.61]\'','\'(8.42-11.53]\'','\'(66-74.5]\'','\'(1.3-2.2]\'','\'(-inf-0.64]\'',13.05
'\'(7.4-8.2]\'','\'(5.5-6.2]\'',oct,wed,'\'(88.45-inf)\'','\'(30.12-59.14]\'','\'(604.79-690.06]\'','\'(-inf-5.61]\'','\'(17.75-20.86]\'','\'(32-40.5]\'','\'(2.2-3.1]\'','\'(-inf-0.64]\'',13.7
'\'(4.2-5]\'','\'(5.5-6.2]\'',mar,sat,'\'(88.45-inf)\'','\'(30.12-59.14]\'','\'(93.17-178.44]\'','\'(5.61-11.22]\'','\'(14.64-17.75]\'','\'(57.5-66]\'','\'(3.1-4]\'','\'(-inf-0.64]\'',13.99
'\'(3.4-4.2]\'','\'(4.8-5.5]\'',sep,thu,'\'(88.45-inf)\'','\'(117.18-146.2]\'','\'(690.06-775.33]\'','\'(5.61-11.22]\'','\'(20.86-23.97]\'','\'(32-40.5]\'','\'(1.3-2.2]\'','\'(-inf-0.64]\'',14.57
'\'(1.8-2.6]\'','\'(-inf-2.7]\'',aug,sat,'\'(88.45-inf)\'','\'(117.18-146.2]\'','\'(519.52-604.79]\'','\'(16.83-22.44]\'','\'(20.86-23.97]\'','\'(23.5-32]\'','\'(6.7-7.6]\'','\'(-inf-0.64]\'',15.45
'\'(6.6-7.4]\'','\'(4.8-5.5]\'',sep,tue,'\'(88.45-inf)\'','\'(117.18-146.2]\'','\'(690.06-775.33]\'','\'(5.61-11.22]\'','\'(17.75-20.86]\'','\'(32-40.5]\'','\'(1.3-2.2]\'','\'(-inf-0.64]\'',17.2
'\'(5.8-6.6]\'','\'(4.8-5.5]\'',sep,fri,'\'(88.45-inf)\'','\'(117.18-146.2]\'','\'(604.79-690.06]\'','\'(11.22-16.83]\'','\'(17.75-20.86]\'','\'(32-40.5]\'','\'(5.8-6.7]\'','\'(-inf-0.64]\'',19.23
'\'(7.4-8.2]\'','\'(2.7-3.4]\'',sep,thu,'\'(88.45-inf)\'','\'(59.14-88.16]\'','\'(604.79-690.06]\'','\'(16.83-22.44]\'','\'(20.86-23.97]\'','\'(23.5-32]\'','\'(4-4.9]\'','\'(-inf-0.64]\'',23.41
'\'(3.4-4.2]\'','\'(3.4-4.1]\'',oct,sat,'\'(88.45-inf)\'','\'(30.12-59.14]\'','\'(604.79-690.06]\'','\'(5.61-11.22]\'','\'(17.75-20.86]\'','\'(23.5-32]\'','\'(2.2-3.1]\'','\'(-inf-0.64]\'',24.23
'\'(6.6-7.4]\'','\'(3.4-4.1]\'',aug,sat,'\'(88.45-inf)\'','\'(117.18-146.2]\'','\'(519.52-604.79]\'','\'(16.83-22.44]\'','\'(-inf-5.31]\'','\'(91.5-inf)\'','\'(4.9-5.8]\'','\'(-inf-0.64]\'',26
'\'(6.6-7.4]\'','\'(3.4-4.1]\'',sep,fri,'\'(88.45-inf)\'','\'(59.14-88.16]\'','\'(690.06-775.33]\'','\'(11.22-16.83]\'','\'(17.75-20.86]\'','\'(40.5-49]\'','\'(4-4.9]\'','\'(-inf-0.64]\'',26.13
'\'(6.6-7.4]\'','\'(2.7-3.4]\'',mar,mon,'\'(80.7-88.45]\'','\'(30.12-59.14]\'','\'(93.17-178.44]\'','\'(-inf-5.61]\'','\'(8.42-11.53]\'','\'(40.5-49]\'','\'(4.9-5.8]\'','\'(-inf-0.64]\'',27.35
'\'(3.4-4.2]\'','\'(3.4-4.1]\'',mar,sat,'\'(88.45-inf)\'','\'(30.12-59.14]\'','\'(-inf-93.17]\'','\'(5.61-11.22]\'','\'(14.64-17.75]\'','\'(23.5-32]\'','\'(4-4.9]\'','\'(-inf-0.64]\'',28.66
'\'(3.4-4.2]\'','\'(3.4-4.1]\'',mar,sat,'\'(88.45-inf)\'','\'(30.12-59.14]\'','\'(-inf-93.17]\'','\'(5.61-11.22]\'','\'(14.64-17.75]\'','\'(23.5-32]\'','\'(4-4.9]\'','\'(-inf-0.64]\'',28.66
'\'(3.4-4.2]\'','\'(3.4-4.1]\'',sep,sun,'\'(88.45-inf)\'','\'(117.18-146.2]\'','\'(604.79-690.06]\'','\'(5.61-11.22]\'','\'(14.64-17.75]\'','\'(57.5-66]\'','\'(-inf-1.3]\'','\'(-inf-0.64]\'',29.48
'\'(-inf-1.8]\'','\'(2.7-3.4]\'',sep,mon,'\'(88.45-inf)\'','\'(88.16-117.18]\'','\'(690.06-775.33]\'','\'(5.61-11.22]\'','\'(11.53-14.64]\'','\'(66-74.5]\'','\'(5.8-6.7]\'','\'(-inf-0.64]\'',30.32
'\'(3.4-4.2]\'','\'(4.8-5.5]\'',sep,wed,'\'(88.45-inf)\'','\'(117.18-146.2]\'','\'(690.06-775.33]\'','\'(5.61-11.22]\'','\'(17.75-20.86]\'','\'(-inf-23.5]\'','\'(-inf-1.3]\'','\'(-inf-0.64]\'',31.72
'\'(5.8-6.6]\'','\'(4.8-5.5]\'',mar,mon,'\'(88.45-inf)\'','\'(30.12-59.14]\'','\'(-inf-93.17]\'','\'(5.61-11.22]\'','\'(14.64-17.75]\'','\'(23.5-32]\'','\'(2.2-3.1]\'','\'(-inf-0.64]\'',31.86
'\'(7.4-8.2]\'','\'(5.5-6.2]\'',aug,sun,'\'(88.45-inf)\'','\'(88.16-117.18]\'','\'(604.79-690.06]\'','\'(5.61-11.22]\'','\'(14.64-17.75]\'','\'(57.5-66]\'','\'(2.2-3.1]\'','\'(-inf-0.64]\'',32.07
'\'(2.6-3.4]\'','\'(3.4-4.1]\'',sep,fri,'\'(88.45-inf)\'','\'(117.18-146.2]\'','\'(690.06-775.33]\'','\'(11.22-16.83]\'','\'(17.75-20.86]\'','\'(40.5-49]\'','\'(3.1-4]\'','\'(-inf-0.64]\'',35.88
'\'(3.4-4.2]\'','\'(2.7-3.4]\'',mar,mon,'\'(80.7-88.45]\'','\'(30.12-59.14]\'','\'(93.17-178.44]\'','\'(-inf-5.61]\'','\'(8.42-11.53]\'','\'(40.5-49]\'','\'(4.9-5.8]\'','\'(-inf-0.64]\'',36.85
'\'(1.8-2.6]\'','\'(-inf-2.7]\'',jul,fri,'\'(80.7-88.45]\'','\'(146.2-175.22]\'','\'(263.71-348.98]\'','\'(5.61-11.22]\'','\'(11.53-14.64]\'','\'(74.5-83]\'','\'(3.1-4]\'','\'(-inf-0.64]\'',37.02
'\'(6.6-7.4]\'','\'(3.4-4.1]\'',sep,wed,'\'(88.45-inf)\'','\'(59.14-88.16]\'','\'(690.06-775.33]\'','\'(5.61-11.22]\'','\'(14.64-17.75]\'','\'(49-57.5]\'','\'(4-4.9]\'','\'(-inf-0.64]\'',37.71
'\'(3.4-4.2]\'','\'(3.4-4.1]\'',sep,sun,'\'(88.45-inf)\'','\'(146.2-175.22]\'','\'(690.06-775.33]\'','\'(5.61-11.22]\'','\'(20.86-23.97]\'','\'(32-40.5]\'','\'(4-4.9]\'','\'(-inf-0.64]\'',48.55
'\'(6.6-7.4]\'','\'(4.8-5.5]\'',oct,mon,'\'(88.45-inf)\'','\'(30.12-59.14]\'','\'(690.06-775.33]\'','\'(5.61-11.22]\'','\'(14.64-17.75]\'','\'(40.5-49]\'','\'(3.1-4]\'','\'(-inf-0.64]\'',49.37
'\'(7.4-8.2]\'','\'(5.5-6.2]\'',aug,sat,'\'(88.45-inf)\'','\'(59.14-88.16]\'','\'(434.25-519.52]\'','\'(11.22-16.83]\'','\'(17.75-20.86]\'','\'(32-40.5]\'','\'(4-4.9]\'','\'(-inf-0.64]\'',58.3
'\'(3.4-4.2]\'','\'(5.5-6.2]\'',sep,sun,'\'(88.45-inf)\'','\'(146.2-175.22]\'','\'(690.06-775.33]\'','\'(5.61-11.22]\'','\'(27.08-30.19]\'','\'(23.5-32]\'','\'(2.2-3.1]\'','\'(-inf-0.64]\'',64.1
'\'(7.4-8.2]\'','\'(5.5-6.2]\'',aug,sat,'\'(88.45-inf)\'','\'(59.14-88.16]\'','\'(434.25-519.52]\'','\'(11.22-16.83]\'','\'(14.64-17.75]\'','\'(40.5-49]\'','\'(3.1-4]\'','\'(-inf-0.64]\'',71.3
'\'(3.4-4.2]\'','\'(3.4-4.1]\'',sep,wed,'\'(88.45-inf)\'','\'(117.18-146.2]\'','\'(690.06-775.33]\'','\'(5.61-11.22]\'','\'(23.97-27.08]\'','\'(-inf-23.5]\'','\'(4-4.9]\'','\'(-inf-0.64]\'',88.49
'\'(-inf-1.8]\'','\'(4.8-5.5]\'',sep,sun,'\'(88.45-inf)\'','\'(146.2-175.22]\'','\'(690.06-775.33]\'','\'(5.61-11.22]\'','\'(27.08-30.19]\'','\'(23.5-32]\'','\'(2.2-3.1]\'','\'(-inf-0.64]\'',95.18
'\'(5.8-6.6]\'','\'(3.4-4.1]\'',sep,tue,'\'(88.45-inf)\'','\'(117.18-146.2]\'','\'(690.06-775.33]\'','\'(5.61-11.22]\'','\'(17.75-20.86]\'','\'(40.5-49]\'','\'(2.2-3.1]\'','\'(-inf-0.64]\'',103.39
'\'(8.2-inf)\'','\'(3.4-4.1]\'',sep,tue,'\'(80.7-88.45]\'','\'(59.14-88.16]\'','\'(604.79-690.06]\'','\'(-inf-5.61]\'','\'(23.97-27.08]\'','\'(32-40.5]\'','\'(2.2-3.1]\'','\'(-inf-0.64]\'',105.66
'\'(3.4-4.2]\'','\'(4.8-5.5]\'',sep,sat,'\'(88.45-inf)\'','\'(117.18-146.2]\'','\'(604.79-690.06]\'','\'(5.61-11.22]\'','\'(14.64-17.75]\'','\'(23.5-32]\'','\'(2.2-3.1]\'','\'(-inf-0.64]\'',154.88
'\'(7.4-8.2]\'','\'(5.5-6.2]\'',aug,sun,'\'(88.45-inf)\'','\'(117.18-146.2]\'','\'(519.52-604.79]\'','\'(5.61-11.22]\'','\'(17.75-20.86]\'','\'(40.5-49]\'','\'(4.9-5.8]\'','\'(-inf-0.64]\'',196.48
'\'(1.8-2.6]\'','\'(-inf-2.7]\'',sep,sat,'\'(88.45-inf)\'','\'(117.18-146.2]\'','\'(604.79-690.06]\'','\'(5.61-11.22]\'','\'(17.75-20.86]\'','\'(40.5-49]\'','\'(1.3-2.2]\'','\'(-inf-0.64]\'',200.94
'\'(-inf-1.8]\'','\'(-inf-2.7]\'',sep,tue,'\'(88.45-inf)\'','\'(117.18-146.2]\'','\'(690.06-775.33]\'','\'(5.61-11.22]\'','\'(17.75-20.86]\'','\'(32-40.5]\'','\'(1.3-2.2]\'','\'(-inf-0.64]\'',212.88
'\'(5.8-6.6]\'','\'(4.8-5.5]\'',sep,sat,'\'(88.45-inf)\'','\'(117.18-146.2]\'','\'(604.79-690.06]\'','\'(5.61-11.22]\'','\'(23.97-27.08]\'','\'(23.5-32]\'','\'(3.1-4]\'','\'(-inf-0.64]\'',1090.84
'\'(6.6-7.4]\'','\'(4.8-5.5]\'',apr,sun,'\'(80.7-88.45]\'','\'(-inf-30.12]\'','\'(-inf-93.17]\'','\'(-inf-5.61]\'','\'(11.53-14.64]\'','\'(74.5-83]\'','\'(1.3-2.2]\'','\'(-inf-0.64]\'',0
'\'(5.8-6.6]\'','\'(2.7-3.4]\'',apr,wed,'\'(80.7-88.45]\'','\'(-inf-30.12]\'','\'(-inf-93.17]\'','\'(-inf-5.61]\'','\'(14.64-17.75]\'','\'(49-57.5]\'','\'(2.2-3.1]\'','\'(-inf-0.64]\'',0
'\'(3.4-4.2]\'','\'(3.4-4.1]\'',apr,fri,'\'(80.7-88.45]\'','\'(-inf-30.12]\'','\'(-inf-93.17]\'','\'(-inf-5.61]\'','\'(14.64-17.75]\'','\'(-inf-23.5]\'','\'(2.2-3.1]\'','\'(-inf-0.64]\'',0
'\'(1.8-2.6]\'','\'(3.4-4.1]\'',aug,sun,'\'(88.45-inf)\'','\'(117.18-146.2]\'','\'(519.52-604.79]\'','\'(11.22-16.83]\'','\'(14.64-17.75]\'','\'(57.5-66]\'','\'(3.1-4]\'','\'(-inf-0.64]\'',10.13
'\'(6.6-7.4]\'','\'(3.4-4.1]\'',aug,sun,'\'(88.45-inf)\'','\'(146.2-175.22]\'','\'(690.06-775.33]\'','\'(11.22-16.83]\'','\'(20.86-23.97]\'','\'(66-74.5]\'','\'(6.7-7.6]\'','\'(0.64-1.28]\'',0
'\'(1.8-2.6]\'','\'(3.4-4.1]\'',aug,sun,'\'(88.45-inf)\'','\'(146.2-175.22]\'','\'(690.06-775.33]\'','\'(11.22-16.83]\'','\'(20.86-23.97]\'','\'(49-57.5]\'','\'(6.7-7.6]\'','\'(-inf-0.64]\'',2.87
'\'(2.6-3.4]\'','\'(3.4-4.1]\'',aug,sun,'\'(88.45-inf)\'','\'(146.2-175.22]\'','\'(690.06-775.33]\'','\'(11.22-16.83]\'','\'(23.97-27.08]\'','\'(32-40.5]\'','\'(5.8-6.7]\'','\'(-inf-0.64]\'',0.76
'\'(4.2-5]\'','\'(3.4-4.1]\'',aug,sun,'\'(88.45-inf)\'','\'(146.2-175.22]\'','\'(690.06-775.33]\'','\'(11.22-16.83]\'','\'(23.97-27.08]\'','\'(32-40.5]\'','\'(4.9-5.8]\'','\'(-inf-0.64]\'',0.09
'\'(1.8-2.6]\'','\'(3.4-4.1]\'',aug,wed,'\'(88.45-inf)\'','\'(88.16-117.18]\'','\'(434.25-519.52]\'','\'(5.61-11.22]\'','\'(17.75-20.86]\'','\'(66-74.5]\'','\'(1.3-2.2]\'','\'(-inf-0.64]\'',0.75
'\'(7.4-8.2]\'','\'(5.5-6.2]\'',aug,wed,'\'(88.45-inf)\'','\'(146.2-175.22]\'','\'(604.79-690.06]\'','\'(11.22-16.83]\'','\'(27.08-30.19]\'','\'(23.5-32]\'','\'(2.2-3.1]\'','\'(-inf-0.64]\'',0
'\'(2.6-3.4]\'','\'(3.4-4.1]\'',aug,wed,'\'(88.45-inf)\'','\'(146.2-175.22]\'','\'(604.79-690.06]\'','\'(11.22-16.83]\'','\'(20.86-23.97]\'','\'(32-40.5]\'','\'(-inf-1.3]\'','\'(-inf-0.64]\'',2.47
'\'(7.4-8.2]\'','\'(4.8-5.5]\'',aug,wed,'\'(88.45-inf)\'','\'(146.2-175.22]\'','\'(604.79-690.06]\'','\'(11.22-16.83]\'','\'(23.97-27.08]\'','\'(23.5-32]\'','\'(2.2-3.1]\'','\'(-inf-0.64]\'',0.68
'\'(7.4-8.2]\'','\'(4.8-5.5]\'',aug,wed,'\'(88.45-inf)\'','\'(146.2-175.22]\'','\'(604.79-690.06]\'','\'(11.22-16.83]\'','\'(23.97-27.08]\'','\'(32-40.5]\'','\'(2.2-3.1]\'','\'(-inf-0.64]\'',0.24
'\'(5.8-6.6]\'','\'(4.8-5.5]\'',aug,wed,'\'(88.45-inf)\'','\'(146.2-175.22]\'','\'(604.79-690.06]\'','\'(11.22-16.83]\'','\'(20.86-23.97]\'','\'(32-40.5]\'','\'(3.1-4]\'','\'(-inf-0.64]\'',0.21
'\'(6.6-7.4]\'','\'(3.4-4.1]\'',aug,thu,'\'(88.45-inf)\'','\'(88.16-117.18]\'','\'(519.52-604.79]\'','\'(5.61-11.22]\'','\'(20.86-23.97]\'','\'(32-40.5]\'','\'(2.2-3.1]\'','\'(-inf-0.64]\'',1.52
'\'(5.8-6.6]\'','\'(2.7-3.4]\'',aug,thu,'\'(88.45-inf)\'','\'(117.18-146.2]\'','\'(604.79-690.06]\'','\'(5.61-11.22]\'','\'(17.75-20.86]\'','\'(40.5-49]\'','\'(2.2-3.1]\'','\'(-inf-0.64]\'',10.34
'\'(1.8-2.6]\'','\'(4.8-5.5]\'',aug,thu,'\'(80.7-88.45]\'','\'(59.14-88.16]\'','\'(690.06-775.33]\'','\'(-inf-5.61]\'','\'(20.86-23.97]\'','\'(40.5-49]\'','\'(3.1-4]\'','\'(-inf-0.64]\'',0
'\'(7.4-8.2]\'','\'(5.5-6.2]\'',aug,sat,'\'(88.45-inf)\'','\'(117.18-146.2]\'','\'(519.52-604.79]\'','\'(5.61-11.22]\'','\'(20.86-23.97]\'','\'(40.5-49]\'','\'(1.3-2.2]\'','\'(-inf-0.64]\'',8.02
'\'(3.4-4.2]\'','\'(2.7-3.4]\'',aug,sat,'\'(88.45-inf)\'','\'(117.18-146.2]\'','\'(519.52-604.79]\'','\'(5.61-11.22]\'','\'(20.86-23.97]\'','\'(40.5-49]\'','\'(2.2-3.1]\'','\'(-inf-0.64]\'',0.68
'\'(2.6-3.4]\'','\'(3.4-4.1]\'',aug,sat,'\'(88.45-inf)\'','\'(146.2-175.22]\'','\'(690.06-775.33]\'','\'(11.22-16.83]\'','\'(17.75-20.86]\'','\'(57.5-66]\'','\'(-inf-1.3]\'','\'(-inf-0.64]\'',0
'\'(6.6-7.4]\'','\'(3.4-4.1]\'',aug,sat,'\'(88.45-inf)\'','\'(146.2-175.22]\'','\'(690.06-775.33]\'','\'(11.22-16.83]\'','\'(20.86-23.97]\'','\'(32-40.5]\'','\'(1.3-2.2]\'','\'(-inf-0.64]\'',1.38
'\'(1.8-2.6]\'','\'(3.4-4.1]\'',aug,mon,'\'(88.45-inf)\'','\'(88.16-117.18]\'','\'(519.52-604.79]\'','\'(11.22-16.83]\'','\'(27.08-30.19]\'','\'(23.5-32]\'','\'(3.1-4]\'','\'(-inf-0.64]\'',8.85
'\'(2.6-3.4]\'','\'(3.4-4.1]\'',aug,fri,'\'(88.45-inf)\'','\'(88.16-117.18]\'','\'(519.52-604.79]\'','\'(5.61-11.22]\'','\'(8.42-11.53]\'','\'(83-91.5]\'','\'(6.7-7.6]\'','\'(-inf-0.64]\'',3.3
'\'(1.8-2.6]\'','\'(3.4-4.1]\'',aug,fri,'\'(88.45-inf)\'','\'(88.16-117.18]\'','\'(519.52-604.79]\'','\'(5.61-11.22]\'','\'(20.86-23.97]\'','\'(40.5-49]\'','\'(2.2-3.1]\'','\'(-inf-0.64]\'',4.25
'\'(5.8-6.6]\'','\'(2.7-3.4]\'',aug,fri,'\'(88.45-inf)\'','\'(117.18-146.2]\'','\'(604.79-690.06]\'','\'(5.61-11.22]\'','\'(17.75-20.86]\'','\'(32-40.5]\'','\'(3.1-4]\'','\'(-inf-0.64]\'',1.56
'\'(3.4-4.2]\'','\'(3.4-4.1]\'',aug,fri,'\'(88.45-inf)\'','\'(146.2-175.22]\'','\'(604.79-690.06]\'','\'(11.22-16.83]\'','\'(20.86-23.97]\'','\'(49-57.5]\'','\'(2.2-3.1]\'','\'(-inf-0.64]\'',6.54
'\'(3.4-4.2]\'','\'(3.4-4.1]\'',aug,tue,'\'(88.45-inf)\'','\'(88.16-117.18]\'','\'(519.52-604.79]\'','\'(11.22-16.83]\'','\'(20.86-23.97]\'','\'(49-57.5]\'','\'(6.7-7.6]\'','\'(-inf-0.64]\'',0.79
'\'(5.8-6.6]\'','\'(4.8-5.5]\'',aug,tue,'\'(88.45-inf)\'','\'(117.18-146.2]\'','\'(604.79-690.06]\'','\'(22.44-28.05]\'','\'(17.75-20.86]\'','\'(49-57.5]\'','\'(3.1-4]\'','\'(-inf-0.64]\'',0.17
'\'(1.8-2.6]\'','\'(-inf-2.7]\'',aug,tue,'\'(88.45-inf)\'','\'(146.2-175.22]\'','\'(604.79-690.06]\'','\'(11.22-16.83]\'','\'(20.86-23.97]\'','\'(23.5-32]\'','\'(2.2-3.1]\'','\'(-inf-0.64]\'',0
'\'(2.6-3.4]\'','\'(3.4-4.1]\'',aug,tue,'\'(88.45-inf)\'','\'(146.2-175.22]\'','\'(604.79-690.06]\'','\'(11.22-16.83]\'','\'(20.86-23.97]\'','\'(23.5-32]\'','\'(2.2-3.1]\'','\'(-inf-0.64]\'',0
'\'(3.4-4.2]\'','\'(3.4-4.1]\'',aug,tue,'\'(88.45-inf)\'','\'(146.2-175.22]\'','\'(604.79-690.06]\'','\'(11.22-16.83]\'','\'(17.75-20.86]\'','\'(49-57.5]\'','\'(2.2-3.1]\'','\'(-inf-0.64]\'',4.4
'\'(1.8-2.6]\'','\'(-inf-2.7]\'',aug,tue,'\'(88.45-inf)\'','\'(146.2-175.22]\'','\'(604.79-690.06]\'','\'(11.22-16.83]\'','\'(20.86-23.97]\'','\'(49-57.5]\'','\'(2.2-3.1]\'','\'(-inf-0.64]\'',0.52
'\'(7.4-8.2]\'','\'(5.5-6.2]\'',aug,tue,'\'(88.45-inf)\'','\'(146.2-175.22]\'','\'(604.79-690.06]\'','\'(11.22-16.83]\'','\'(17.75-20.86]\'','\'(57.5-66]\'','\'(4-4.9]\'','\'(-inf-0.64]\'',9.27
'\'(1.8-2.6]\'','\'(4.8-5.5]\'',aug,tue,'\'(88.45-inf)\'','\'(146.2-175.22]\'','\'(604.79-690.06]\'','\'(11.22-16.83]\'','\'(17.75-20.86]\'','\'(40.5-49]\'','\'(3.1-4]\'','\'(-inf-0.64]\'',3.09
'\'(3.4-4.2]\'','\'(5.5-6.2]\'',dec,sun,'\'(80.7-88.45]\'','\'(-inf-30.12]\'','\'(348.98-434.25]\'','\'(5.61-11.22]\'','\'(-inf-5.31]\'','\'(49-57.5]\'','\'(7.6-8.5]\'','\'(-inf-0.64]\'',8.98
'\'(7.4-8.2]\'','\'(5.5-6.2]\'',dec,wed,'\'(80.7-88.45]\'','\'(-inf-30.12]\'','\'(348.98-434.25]\'','\'(-inf-5.61]\'','\'(-inf-5.31]\'','\'(57.5-66]\'','\'(7.6-8.5]\'','\'(-inf-0.64]\'',11.19
'\'(3.4-4.2]\'','\'(5.5-6.2]\'',dec,thu,'\'(80.7-88.45]\'','\'(-inf-30.12]\'','\'(348.98-434.25]\'','\'(-inf-5.61]\'','\'(-inf-5.31]\'','\'(57.5-66]\'','\'(4-4.9]\'','\'(-inf-0.64]\'',5.38
'\'(3.4-4.2]\'','\'(3.4-4.1]\'',dec,mon,'\'(80.7-88.45]\'','\'(-inf-30.12]\'','\'(348.98-434.25]\'','\'(-inf-5.61]\'','\'(-inf-5.31]\'','\'(-inf-23.5]\'','\'(7.6-8.5]\'','\'(-inf-0.64]\'',17.85
'\'(2.6-3.4]\'','\'(3.4-4.1]\'',dec,mon,'\'(80.7-88.45]\'','\'(-inf-30.12]\'','\'(348.98-434.25]\'','\'(-inf-5.61]\'','\'(-inf-5.31]\'','\'(-inf-23.5]\'','\'(7.6-8.5]\'','\'(-inf-0.64]\'',10.73
'\'(3.4-4.2]\'','\'(3.4-4.1]\'',dec,mon,'\'(80.7-88.45]\'','\'(-inf-30.12]\'','\'(348.98-434.25]\'','\'(-inf-5.61]\'','\'(-inf-5.31]\'','\'(-inf-23.5]\'','\'(7.6-8.5]\'','\'(-inf-0.64]\'',22.03
'\'(3.4-4.2]\'','\'(3.4-4.1]\'',dec,mon,'\'(80.7-88.45]\'','\'(-inf-30.12]\'','\'(348.98-434.25]\'','\'(-inf-5.61]\'','\'(-inf-5.31]\'','\'(-inf-23.5]\'','\'(7.6-8.5]\'','\'(-inf-0.64]\'',9.77
'\'(3.4-4.2]\'','\'(5.5-6.2]\'',dec,fri,'\'(80.7-88.45]\'','\'(-inf-30.12]\'','\'(348.98-434.25]\'','\'(-inf-5.61]\'','\'(-inf-5.31]\'','\'(57.5-66]\'','\'(4-4.9]\'','\'(-inf-0.64]\'',9.27
'\'(5.8-6.6]\'','\'(4.8-5.5]\'',dec,tue,'\'(80.7-88.45]\'','\'(-inf-30.12]\'','\'(348.98-434.25]\'','\'(-inf-5.61]\'','\'(-inf-5.31]\'','\'(23.5-32]\'','\'(7.6-8.5]\'','\'(-inf-0.64]\'',24.77
'\'(5.8-6.6]\'','\'(2.7-3.4]\'',feb,sun,'\'(80.7-88.45]\'','\'(-inf-30.12]\'','\'(348.98-434.25]\'','\'(-inf-5.61]\'','\'(-inf-5.31]\'','\'(49-57.5]\'','\'(3.1-4]\'','\'(-inf-0.64]\'',0
'\'(2.6-3.4]\'','\'(3.4-4.1]\'',feb,wed,'\'(80.7-88.45]\'','\'(-inf-30.12]\'','\'(-inf-93.17]\'','\'(-inf-5.61]\'','\'(8.42-11.53]\'','\'(32-40.5]\'','\'(2.2-3.1]\'','\'(-inf-0.64]\'',1.1
'\'(4.2-5]\'','\'(3.4-4.1]\'',feb,fri,'\'(80.7-88.45]\'','\'(-inf-30.12]\'','\'(-inf-93.17]\'','\'(5.61-11.22]\'','\'(5.31-8.42]\'','\'(40.5-49]\'','\'(7.6-8.5]\'','\'(-inf-0.64]\'',24.24
'\'(1.8-2.6]\'','\'(4.8-5.5]\'',jul,sun,'\'(88.45-inf)\'','\'(146.2-175.22]\'','\'(348.98-434.25]\'','\'(11.22-16.83]\'','\'(20.86-23.97]\'','\'(32-40.5]\'','\'(5.8-6.7]\'','\'(-inf-0.64]\'',0
'\'(6.6-7.4]\'','\'(5.5-6.2]\'',jul,wed,'\'(88.45-inf)\'','\'(175.22-204.24]\'','\'(434.25-519.52]\'','\'(11.22-16.83]\'','\'(11.53-14.64]\'','\'(83-91.5]\'','\'(6.7-7.6]\'','\'(-inf-0.64]\'',0
'\'(6.6-7.4]\'','\'(3.4-4.1]\'',jul,sat,'\'(88.45-inf)\'','\'(88.16-117.18]\'','\'(434.25-519.52]\'','\'(5.61-11.22]\'','\'(20.86-23.97]\'','\'(40.5-49]\'','\'(2.2-3.1]\'','\'(-inf-0.64]\'',0
'\'(6.6-7.4]\'','\'(3.4-4.1]\'',jul,sat,'\'(88.45-inf)\'','\'(88.16-117.18]\'','\'(434.25-519.52]\'','\'(5.61-11.22]\'','\'(23.97-27.08]\'','\'(23.5-32]\'','\'(1.3-2.2]\'','\'(-inf-0.64]\'',0
'\'(6.6-7.4]\'','\'(3.4-4.1]\'',jul,sat,'\'(88.45-inf)\'','\'(88.16-117.18]\'','\'(434.25-519.52]\'','\'(5.61-11.22]\'','\'(23.97-27.08]\'','\'(23.5-32]\'','\'(1.3-2.2]\'','\'(-inf-0.64]\'',0
'\'(1.8-2.6]\'','\'(4.8-5.5]\'',jul,sat,'\'(88.45-inf)\'','\'(88.16-117.18]\'','\'(434.25-519.52]\'','\'(5.61-11.22]\'','\'(17.75-20.86]\'','\'(49-57.5]\'','\'(1.3-2.2]\'','\'(-inf-0.64]\'',0
'\'(8.2-inf)\'','\'(3.4-4.1]\'',jul,sat,'\'(88.45-inf)\'','\'(88.16-117.18]\'','\'(434.25-519.52]\'','\'(5.61-11.22]\'','\'(23.97-27.08]\'','\'(32-40.5]\'','\'(-inf-1.3]\'','\'(-inf-0.64]\'',8
'\'(3.4-4.2]\'','\'(4.8-5.5]\'',jul,fri,'\'(88.45-inf)\'','\'(88.16-117.18]\'','\'(434.25-519.52]\'','\'(5.61-11.22]\'','\'(20.86-23.97]\'','\'(32-40.5]\'','\'(-inf-1.3]\'','\'(-inf-0.64]\'',2.64
'\'(6.6-7.4]\'','\'(5.5-6.2]\'',jul,tue,'\'(88.45-inf)\'','\'(175.22-204.24]\'','\'(348.98-434.25]\'','\'(5.61-11.22]\'','\'(23.97-27.08]\'','\'(23.5-32]\'','\'(4.9-5.8]\'','\'(-inf-0.64]\'',86.45
'\'(7.4-8.2]\'','\'(5.5-6.2]\'',jul,tue,'\'(88.45-inf)\'','\'(88.16-117.18]\'','\'(434.25-519.52]\'','\'(5.61-11.22]\'','\'(14.64-17.75]\'','\'(66-74.5]\'','\'(3.1-4]\'','\'(-inf-0.64]\'',6.57
'\'(6.6-7.4]\'','\'(4.8-5.5]\'',jun,sun,'\'(88.45-inf)\'','\'(175.22-204.24]\'','\'(348.98-434.25]\'','\'(5.61-11.22]\'','\'(20.86-23.97]\'','\'(40.5-49]\'','\'(-inf-1.3]\'','\'(-inf-0.64]\'',0
'\'(5.8-6.6]\'','\'(3.4-4.1]\'',jun,sun,'\'(88.45-inf)\'','\'(88.16-117.18]\'','\'(263.71-348.98]\'','\'(5.61-11.22]\'','\'(11.53-14.64]\'','\'(40.5-49]\'','\'(1.3-2.2]\'','\'(-inf-0.64]\'',0.9
'\'(7.4-8.2]\'','\'(5.5-6.2]\'',jun,sun,'\'(88.45-inf)\'','\'(88.16-117.18]\'','\'(263.71-348.98]\'','\'(5.61-11.22]\'','\'(14.64-17.75]\'','\'(40.5-49]\'','\'(1.3-2.2]\'','\'(-inf-0.64]\'',0
'\'(7.4-8.2]\'','\'(5.5-6.2]\'',jun,wed,'\'(88.45-inf)\'','\'(146.2-175.22]\'','\'(348.98-434.25]\'','\'(11.22-16.83]\'','\'(17.75-20.86]\'','\'(40.5-49]\'','\'(4-4.9]\'','\'(-inf-0.64]\'',0
'\'(5.8-6.6]\'','\'(4.8-5.5]\'',jun,sat,'\'(49.7-57.45]\'','\'(59.14-88.16]\'','\'(178.44-263.71]\'','\'(-inf-5.61]\'','\'(8.42-11.53]\'','\'(83-91.5]\'','\'(2.2-3.1]\'','\'(-inf-0.64]\'',0
'\'(5.8-6.6]\'','\'(4.8-5.5]\'',jun,mon,'\'(88.45-inf)\'','\'(88.16-117.18]\'','\'(263.71-348.98]\'','\'(5.61-11.22]\'','\'(17.75-20.86]\'','\'(23.5-32]\'','\'(4-4.9]\'','\'(-inf-0.64]\'',0
'\'(5.8-6.6]\'','\'(4.8-5.5]\'',jun,mon,'\'(88.45-inf)\'','\'(88.16-117.18]\'','\'(263.71-348.98]\'','\'(5.61-11.22]\'','\'(17.75-20.86]\'','\'(32-40.5]\'','\'(4.9-5.8]\'','\'(-inf-0.64]\'',3.52
'\'(2.6-3.4]\'','\'(5.5-6.2]\'',jun,fri,'\'(88.45-inf)\'','\'(88.16-117.18]\'','\'(178.44-263.71]\'','\'(5.61-11.22]\'','\'(17.75-20.86]\'','\'(32-40.5]\'','\'(4-4.9]\'','\'(-inf-0.64]\'',0
'\'(2.6-3.4]\'','\'(5.5-6.2]\'',jun,fri,'\'(88.45-inf)\'','\'(88.16-117.18]\'','\'(178.44-263.71]\'','\'(5.61-11.22]\'','\'(17.75-20.86]\'','\'(32-40.5]\'','\'(4-4.9]\'','\'(-inf-0.64]\'',0
'\'(5.8-6.6]\'','\'(4.8-5.5]\'',may,sat,'\'(80.7-88.45]\'','\'(-inf-30.12]\'','\'(93.17-178.44]\'','\'(-inf-5.61]\'','\'(8.42-11.53]\'','\'(91.5-inf)\'','\'(4-4.9]\'','\'(-inf-0.64]\'',0
'\'(-inf-1.8]\'','\'(3.4-4.1]\'',sep,sun,'\'(88.45-inf)\'','\'(59.14-88.16]\'','\'(690.06-775.33]\'','\'(5.61-11.22]\'','\'(17.75-20.86]\'','\'(49-57.5]\'','\'(1.3-2.2]\'','\'(-inf-0.64]\'',0
'\'(6.6-7.4]\'','\'(3.4-4.1]\'',sep,sun,'\'(88.45-inf)\'','\'(59.14-88.16]\'','\'(690.06-775.33]\'','\'(5.61-11.22]\'','\'(14.64-17.75]\'','\'(49-57.5]\'','\'(4.9-5.8]\'','\'(-inf-0.64]\'',0.41
'\'(2.6-3.4]\'','\'(3.4-4.1]\'',sep,sun,'\'(88.45-inf)\'','\'(59.14-88.16]\'','\'(690.06-775.33]\'','\'(5.61-11.22]\'','\'(20.86-23.97]\'','\'(32-40.5]\'','\'(3.1-4]\'','\'(-inf-0.64]\'',5.18
'\'(1.8-2.6]\'','\'(3.4-4.1]\'',sep,sun,'\'(88.45-inf)\'','\'(88.16-117.18]\'','\'(690.06-775.33]\'','\'(5.61-11.22]\'','\'(14.64-17.75]\'','\'(40.5-49]\'','\'(1.3-2.2]\'','\'(-inf-0.64]\'',0
'\'(1.8-2.6]\'','\'(3.4-4.1]\'',sep,sun,'\'(88.45-inf)\'','\'(88.16-117.18]\'','\'(690.06-775.33]\'','\'(5.61-11.22]\'','\'(23.97-27.08]\'','\'(23.5-32]\'','\'(1.3-2.2]\'','\'(-inf-0.64]\'',0
'\'(6.6-7.4]\'','\'(3.4-4.1]\'',sep,sun,'\'(88.45-inf)\'','\'(88.16-117.18]\'','\'(690.06-775.33]\'','\'(5.61-11.22]\'','\'(23.97-27.08]\'','\'(23.5-32]\'','\'(2.2-3.1]\'','\'(-inf-0.64]\'',0
'\'(5.8-6.6]\'','\'(2.7-3.4]\'',sep,sun,'\'(88.45-inf)\'','\'(88.16-117.18]\'','\'(690.06-775.33]\'','\'(5.61-11.22]\'','\'(23.97-27.08]\'','\'(23.5-32]\'','\'(1.3-2.2]\'','\'(-inf-0.64]\'',14.29
'\'(1.8-2.6]\'','\'(3.4-4.1]\'',sep,sun,'\'(49.7-57.45]\'','\'(30.12-59.14]\'','\'(690.06-775.33]\'','\'(-inf-5.61]\'','\'(11.53-14.64]\'','\'(74.5-83]\'','\'(5.8-6.7]\'','\'(-inf-0.64]\'',0
'\'(5.8-6.6]\'','\'(4.8-5.5]\'',sep,wed,'\'(88.45-inf)\'','\'(88.16-117.18]\'','\'(775.33-inf)\'','\'(5.61-11.22]\'','\'(23.97-27.08]\'','\'(23.5-32]\'','\'(4-4.9]\'','\'(-inf-0.64]\'',0
'\'(3.4-4.2]\'','\'(3.4-4.1]\'',sep,wed,'\'(88.45-inf)\'','\'(88.16-117.18]\'','\'(775.33-inf)\'','\'(5.61-11.22]\'','\'(17.75-20.86]\'','\'(40.5-49]\'','\'(1.3-2.2]\'','\'(-inf-0.64]\'',1.58
'\'(2.6-3.4]\'','\'(3.4-4.1]\'',sep,wed,'\'(88.45-inf)\'','\'(117.18-146.2]\'','\'(775.33-inf)\'','\'(5.61-11.22]\'','\'(17.75-20.86]\'','\'(23.5-32]\'','\'(2.2-3.1]\'','\'(-inf-0.64]\'',0
'\'(3.4-4.2]\'','\'(4.8-5.5]\'',sep,thu,'\'(88.45-inf)\'','\'(88.16-117.18]\'','\'(690.06-775.33]\'','\'(5.61-11.22]\'','\'(17.75-20.86]\'','\'(23.5-32]\'','\'(4.9-5.8]\'','\'(-inf-0.64]\'',0
'\'(3.4-4.2]\'','\'(3.4-4.1]\'',sep,thu,'\'(88.45-inf)\'','\'(88.16-117.18]\'','\'(690.06-775.33]\'','\'(5.61-11.22]\'','\'(17.75-20.86]\'','\'(23.5-32]\'','\'(4-4.9]\'','\'(-inf-0.64]\'',3.78
'\'(5.8-6.6]\'','\'(4.8-5.5]\'',sep,thu,'\'(88.45-inf)\'','\'(117.18-146.2]\'','\'(775.33-inf)\'','\'(5.61-11.22]\'','\'(20.86-23.97]\'','\'(23.5-32]\'','\'(1.3-2.2]\'','\'(-inf-0.64]\'',0
'\'(4.2-5]\'','\'(3.4-4.1]\'',sep,thu,'\'(88.45-inf)\'','\'(117.18-146.2]\'','\'(775.33-inf)\'','\'(5.61-11.22]\'','\'(20.86-23.97]\'','\'(23.5-32]\'','\'(5.8-6.7]\'','\'(-inf-0.64]\'',4.41
'\'(5.8-6.6]\'','\'(2.7-3.4]\'',sep,thu,'\'(88.45-inf)\'','\'(117.18-146.2]\'','\'(775.33-inf)\'','\'(5.61-11.22]\'','\'(17.75-20.86]\'','\'(32-40.5]\'','\'(6.7-7.6]\'','\'(-inf-0.64]\'',34.36
'\'(-inf-1.8]\'','\'(3.4-4.1]\'',sep,thu,'\'(88.45-inf)\'','\'(117.18-146.2]\'','\'(775.33-inf)\'','\'(5.61-11.22]\'','\'(14.64-17.75]\'','\'(23.5-32]\'','\'(3.1-4]\'','\'(-inf-0.64]\'',7.21
'\'(5.8-6.6]\'','\'(4.8-5.5]\'',sep,thu,'\'(88.45-inf)\'','\'(117.18-146.2]\'','\'(775.33-inf)\'','\'(5.61-11.22]\'','\'(14.64-17.75]\'','\'(23.5-32]\'','\'(3.1-4]\'','\'(-inf-0.64]\'',1.01
'\'(2.6-3.4]\'','\'(4.8-5.5]\'',sep,thu,'\'(88.45-inf)\'','\'(117.18-146.2]\'','\'(775.33-inf)\'','\'(5.61-11.22]\'','\'(11.53-14.64]\'','\'(32-40.5]\'','\'(2.2-3.1]\'','\'(-inf-0.64]\'',2.18
'\'(5.8-6.6]\'','\'(4.8-5.5]\'',sep,thu,'\'(80.7-88.45]\'','\'(30.12-59.14]\'','\'(690.06-775.33]\'','\'(-inf-5.61]\'','\'(11.53-14.64]\'','\'(49-57.5]\'','\'(1.3-2.2]\'','\'(-inf-0.64]\'',4.42
'\'(-inf-1.8]\'','\'(3.4-4.1]\'',sep,sat,'\'(88.45-inf)\'','\'(88.16-117.18]\'','\'(690.06-775.33]\'','\'(5.61-11.22]\'','\'(23.97-27.08]\'','\'(23.5-32]\'','\'(2.2-3.1]\'','\'(-inf-0.64]\'',0
'\'(4.2-5]\'','\'(3.4-4.1]\'',sep,sat,'\'(88.45-inf)\'','\'(88.16-117.18]\'','\'(690.06-775.33]\'','\'(5.61-11.22]\'','\'(23.97-27.08]\'','\'(23.5-32]\'','\'(2.2-3.1]\'','\'(-inf-0.64]\'',0
'\'(5.8-6.6]\'','\'(4.8-5.5]\'',sep,sat,'\'(88.45-inf)\'','\'(88.16-117.18]\'','\'(690.06-775.33]\'','\'(5.61-11.22]\'','\'(20.86-23.97]\'','\'(23.5-32]\'','\'(1.3-2.2]\'','\'(-inf-0.64]\'',0
'\'(5.8-6.6]\'','\'(4.8-5.5]\'',sep,sat,'\'(88.45-inf)\'','\'(88.16-117.18]\'','\'(690.06-775.33]\'','\'(5.61-11.22]\'','\'(17.75-20.86]\'','\'(32-40.5]\'','\'(1.3-2.2]\'','\'(-inf-0.64]\'',0
'\'(3.4-4.2]\'','\'(2.7-3.4]\'',sep,sat,'\'(88.45-inf)\'','\'(88.16-117.18]\'','\'(690.06-775.33]\'','\'(5.61-11.22]\'','\'(20.86-23.97]\'','\'(23.5-32]\'','\'(3.1-4]\'','\'(-inf-0.64]\'',3.33
'\'(2.6-3.4]\'','\'(2.7-3.4]\'',sep,sat,'\'(88.45-inf)\'','\'(88.16-117.18]\'','\'(690.06-775.33]\'','\'(5.61-11.22]\'','\'(23.97-27.08]\'','\'(23.5-32]\'','\'(2.2-3.1]\'','\'(-inf-0.64]\'',6.58
'\'(6.6-7.4]\'','\'(3.4-4.1]\'',sep,sat,'\'(88.45-inf)\'','\'(117.18-146.2]\'','\'(775.33-inf)\'','\'(5.61-11.22]\'','\'(20.86-23.97]\'','\'(23.5-32]\'','\'(4-4.9]\'','\'(-inf-0.64]\'',15.64
'\'(3.4-4.2]\'','\'(3.4-4.1]\'',sep,sat,'\'(88.45-inf)\'','\'(117.18-146.2]\'','\'(775.33-inf)\'','\'(5.61-11.22]\'','\'(14.64-17.75]\'','\'(40.5-49]\'','\'(1.3-2.2]\'','\'(-inf-0.64]\'',11.22
'\'(-inf-1.8]\'','\'(3.4-4.1]\'',sep,mon,'\'(88.45-inf)\'','\'(59.14-88.16]\'','\'(690.06-775.33]\'','\'(5.61-11.22]\'','\'(17.75-20.86]\'','\'(49-57.5]\'','\'(2.2-3.1]\'','\'(-inf-0.64]\'',2.13
'\'(1.8-2.6]\'','\'(2.7-3.4]\'',sep,mon,'\'(88.45-inf)\'','\'(88.16-117.18]\'','\'(690.06-775.33]\'','\'(5.61-11.22]\'','\'(17.75-20.86]\'','\'(49-57.5]\'','\'(4.9-5.8]\'','\'(-inf-0.64]\'',0
'\'(3.4-4.2]\'','\'(2.7-3.4]\'',sep,mon,'\'(88.45-inf)\'','\'(88.16-117.18]\'','\'(690.06-775.33]\'','\'(5.61-11.22]\'','\'(8.42-11.53]\'','\'(83-91.5]\'','\'(1.3-2.2]\'','\'(-inf-0.64]\'',0
'\'(6.6-7.4]\'','\'(3.4-4.1]\'',sep,mon,'\'(88.45-inf)\'','\'(88.16-117.18]\'','\'(690.06-775.33]\'','\'(5.61-11.22]\'','\'(17.75-20.86]\'','\'(40.5-49]\'','\'(1.3-2.2]\'','\'(-inf-0.64]\'',0
'\'(5.8-6.6]\'','\'(2.7-3.4]\'',sep,mon,'\'(88.45-inf)\'','\'(88.16-117.18]\'','\'(690.06-775.33]\'','\'(5.61-11.22]\'','\'(20.86-23.97]\'','\'(32-40.5]\'','\'(1.3-2.2]\'','\'(-inf-0.64]\'',56.04
'\'(7.4-8.2]\'','\'(5.5-6.2]\'',sep,mon,'\'(88.45-inf)\'','\'(88.16-117.18]\'','\'(690.06-775.33]\'','\'(5.61-11.22]\'','\'(20.86-23.97]\'','\'(32-40.5]\'','\'(1.3-2.2]\'','\'(-inf-0.64]\'',7.48
'\'(1.8-2.6]\'','\'(3.4-4.1]\'',sep,mon,'\'(88.45-inf)\'','\'(88.16-117.18]\'','\'(690.06-775.33]\'','\'(5.61-11.22]\'','\'(17.75-20.86]\'','\'(40.5-49]\'','\'(1.3-2.2]\'','\'(-inf-0.64]\'',1.47
'\'(1.8-2.6]\'','\'(4.8-5.5]\'',sep,mon,'\'(88.45-inf)\'','\'(88.16-117.18]\'','\'(690.06-775.33]\'','\'(5.61-11.22]\'','\'(17.75-20.86]\'','\'(40.5-49]\'','\'(1.3-2.2]\'','\'(-inf-0.64]\'',3.93
'\'(7.4-8.2]\'','\'(5.5-6.2]\'',sep,mon,'\'(88.45-inf)\'','\'(88.16-117.18]\'','\'(690.06-775.33]\'','\'(5.61-11.22]\'','\'(14.64-17.75]\'','\'(49-57.5]\'','\'(1.3-2.2]\'','\'(-inf-0.64]\'',0
'\'(5.8-6.6]\'','\'(2.7-3.4]\'',sep,mon,'\'(88.45-inf)\'','\'(117.18-146.2]\'','\'(775.33-inf)\'','\'(5.61-11.22]\'','\'(17.75-20.86]\'','\'(32-40.5]\'','\'(1.3-2.2]\'','\'(-inf-0.64]\'',0
'\'(7.4-8.2]\'','\'(5.5-6.2]\'',sep,mon,'\'(88.45-inf)\'','\'(117.18-146.2]\'','\'(775.33-inf)\'','\'(5.61-11.22]\'','\'(14.64-17.75]\'','\'(49-57.5]\'','\'(4-4.9]\'','\'(-inf-0.64]\'',2.18
'\'(5.8-6.6]\'','\'(2.7-3.4]\'',sep,mon,'\'(88.45-inf)\'','\'(117.18-146.2]\'','\'(775.33-inf)\'','\'(5.61-11.22]\'','\'(11.53-14.64]\'','\'(57.5-66]\'','\'(4-4.9]\'','\'(-inf-0.64]\'',6.1
'\'(1.8-2.6]\'','\'(-inf-2.7]\'',sep,mon,'\'(88.45-inf)\'','\'(117.18-146.2]\'','\'(775.33-inf)\'','\'(5.61-11.22]\'','\'(14.64-17.75]\'','\'(40.5-49]\'','\'(2.2-3.1]\'','\'(-inf-0.64]\'',5.83
'\'(-inf-1.8]\'','\'(3.4-4.1]\'',sep,mon,'\'(88.45-inf)\'','\'(117.18-146.2]\'','\'(775.33-inf)\'','\'(5.61-11.22]\'','\'(20.86-23.97]\'','\'(32-40.5]\'','\'(1.3-2.2]\'','\'(-inf-0.64]\'',28.19
'\'(4.2-5]\'','\'(3.4-4.1]\'',sep,fri,'\'(88.45-inf)\'','\'(88.16-117.18]\'','\'(690.06-775.33]\'','\'(5.61-11.22]\'','\'(8.42-11.53]\'','\'(74.5-83]\'','\'(3.1-4]\'','\'(-inf-0.64]\'',0
'\'(2.6-3.4]\'','\'(3.4-4.1]\'',sep,fri,'\'(88.45-inf)\'','\'(88.16-117.18]\'','\'(690.06-775.33]\'','\'(5.61-11.22]\'','\'(14.64-17.75]\'','\'(49-57.5]\'','\'(4-4.9]\'','\'(-inf-0.64]\'',0
'\'(4.2-5]\'','\'(3.4-4.1]\'',sep,fri,'\'(88.45-inf)\'','\'(88.16-117.18]\'','\'(690.06-775.33]\'','\'(5.61-11.22]\'','\'(11.53-14.64]\'','\'(57.5-66]\'','\'(3.1-4]\'','\'(-inf-0.64]\'',1.64
'\'(4.2-5]\'','\'(3.4-4.1]\'',sep,fri,'\'(88.45-inf)\'','\'(88.16-117.18]\'','\'(690.06-775.33]\'','\'(5.61-11.22]\'','\'(8.42-11.53]\'','\'(74.5-83]\'','\'(3.1-4]\'','\'(-inf-0.64]\'',3.71
'\'(3.4-4.2]\'','\'(3.4-4.1]\'',sep,fri,'\'(88.45-inf)\'','\'(88.16-117.18]\'','\'(690.06-775.33]\'','\'(5.61-11.22]\'','\'(14.64-17.75]\'','\'(49-57.5]\'','\'(5.8-6.7]\'','\'(-inf-0.64]\'',7.31
'\'(6.6-7.4]\'','\'(3.4-4.1]\'',sep,fri,'\'(88.45-inf)\'','\'(88.16-117.18]\'','\'(690.06-775.33]\'','\'(5.61-11.22]\'','\'(17.75-20.86]\'','\'(40.5-49]\'','\'(3.1-4]\'','\'(-inf-0.64]\'',2.03
'\'(6.6-7.4]\'','\'(3.4-4.1]\'',sep,fri,'\'(88.45-inf)\'','\'(88.16-117.18]\'','\'(690.06-775.33]\'','\'(5.61-11.22]\'','\'(17.75-20.86]\'','\'(40.5-49]\'','\'(2.2-3.1]\'','\'(-inf-0.64]\'',1.72
'\'(6.6-7.4]\'','\'(3.4-4.1]\'',sep,fri,'\'(88.45-inf)\'','\'(88.16-117.18]\'','\'(690.06-775.33]\'','\'(5.61-11.22]\'','\'(17.75-20.86]\'','\'(49-57.5]\'','\'(1.3-2.2]\'','\'(-inf-0.64]\'',5.97
'\'(3.4-4.2]\'','\'(3.4-4.1]\'',sep,fri,'\'(88.45-inf)\'','\'(88.16-117.18]\'','\'(690.06-775.33]\'','\'(5.61-11.22]\'','\'(17.75-20.86]\'','\'(32-40.5]\'','\'(4-4.9]\'','\'(-inf-0.64]\'',13.06
'\'(3.4-4.2]\'','\'(3.4-4.1]\'',sep,fri,'\'(88.45-inf)\'','\'(88.16-117.18]\'','\'(690.06-775.33]\'','\'(5.61-11.22]\'','\'(17.75-20.86]\'','\'(32-40.5]\'','\'(4-4.9]\'','\'(-inf-0.64]\'',1.26
'\'(5.8-6.6]\'','\'(2.7-3.4]\'',sep,fri,'\'(88.45-inf)\'','\'(117.18-146.2]\'','\'(775.33-inf)\'','\'(5.61-11.22]\'','\'(14.64-17.75]\'','\'(49-57.5]\'','\'(3.1-4]\'','\'(-inf-0.64]\'',0
'\'(5.8-6.6]\'','\'(2.7-3.4]\'',sep,fri,'\'(88.45-inf)\'','\'(117.18-146.2]\'','\'(775.33-inf)\'','\'(5.61-11.22]\'','\'(17.75-20.86]\'','\'(32-40.5]\'','\'(2.2-3.1]\'','\'(-inf-0.64]\'',0
'\'(-inf-1.8]\'','\'(3.4-4.1]\'',sep,fri,'\'(88.45-inf)\'','\'(117.18-146.2]\'','\'(775.33-inf)\'','\'(5.61-11.22]\'','\'(20.86-23.97]\'','\'(32-40.5]\'','\'(1.3-2.2]\'','\'(-inf-0.64]\'',8.12
'\'(5.8-6.6]\'','\'(4.8-5.5]\'',sep,fri,'\'(88.45-inf)\'','\'(117.18-146.2]\'','\'(775.33-inf)\'','\'(5.61-11.22]\'','\'(17.75-20.86]\'','\'(40.5-49]\'','\'(1.3-2.2]\'','\'(-inf-0.64]\'',1.09
'\'(3.4-4.2]\'','\'(2.7-3.4]\'',sep,fri,'\'(88.45-inf)\'','\'(117.18-146.2]\'','\'(775.33-inf)\'','\'(5.61-11.22]\'','\'(14.64-17.75]\'','\'(40.5-49]\'','\'(3.1-4]\'','\'(-inf-0.64]\'',3.94
'\'(6.6-7.4]\'','\'(3.4-4.1]\'',sep,fri,'\'(80.7-88.45]\'','\'(30.12-59.14]\'','\'(690.06-775.33]\'','\'(11.22-16.83]\'','\'(14.64-17.75]\'','\'(57.5-66]\'','\'(2.2-3.1]\'','\'(-inf-0.64]\'',0.52
'\'(3.4-4.2]\'','\'(2.7-3.4]\'',sep,tue,'\'(88.45-inf)\'','\'(88.16-117.18]\'','\'(690.06-775.33]\'','\'(5.61-11.22]\'','\'(14.64-17.75]\'','\'(49-57.5]\'','\'(1.3-2.2]\'','\'(-inf-0.64]\'',2.93
'\'(5.8-6.6]\'','\'(4.8-5.5]\'',sep,tue,'\'(88.45-inf)\'','\'(88.16-117.18]\'','\'(690.06-775.33]\'','\'(5.61-11.22]\'','\'(20.86-23.97]\'','\'(32-40.5]\'','\'(2.2-3.1]\'','\'(-inf-0.64]\'',5.65
'\'(5.8-6.6]\'','\'(4.8-5.5]\'',sep,tue,'\'(88.45-inf)\'','\'(88.16-117.18]\'','\'(690.06-775.33]\'','\'(5.61-11.22]\'','\'(17.75-20.86]\'','\'(40.5-49]\'','\'(2.2-3.1]\'','\'(-inf-0.64]\'',20.03
'\'(3.4-4.2]\'','\'(4.8-5.5]\'',sep,tue,'\'(88.45-inf)\'','\'(117.18-146.2]\'','\'(775.33-inf)\'','\'(11.22-16.83]\'','\'(14.64-17.75]\'','\'(32-40.5]\'','\'(4.9-5.8]\'','\'(-inf-0.64]\'',1.75
'\'(3.4-4.2]\'','\'(4.8-5.5]\'',sep,tue,'\'(88.45-inf)\'','\'(117.18-146.2]\'','\'(775.33-inf)\'','\'(11.22-16.83]\'','\'(14.64-17.75]\'','\'(23.5-32]\'','\'(3.1-4]\'','\'(-inf-0.64]\'',0
'\'(5.8-6.6]\'','\'(4.8-5.5]\'',sep,sat,'\'(88.45-inf)\'','\'(88.16-117.18]\'','\'(690.06-775.33]\'','\'(5.61-11.22]\'','\'(14.64-17.75]\'','\'(40.5-49]\'','\'(4-4.9]\'','\'(-inf-0.64]\'',12.64
'\'(3.4-4.2]\'','\'(4.8-5.5]\'',sep,sun,'\'(88.45-inf)\'','\'(262.28-inf)\'','\'(775.33-inf)\'','\'(5.61-11.22]\'','\'(11.53-14.64]\'','\'(74.5-83]\'','\'(6.7-7.6]\'','\'(-inf-0.64]\'',0
'\'(6.6-7.4]\'','\'(3.4-4.1]\'',sep,sun,'\'(88.45-inf)\'','\'(262.28-inf)\'','\'(775.33-inf)\'','\'(5.61-11.22]\'','\'(11.53-14.64]\'','\'(74.5-83]\'','\'(6.7-7.6]\'','\'(-inf-0.64]\'',11.06
'\'(2.6-3.4]\'','\'(3.4-4.1]\'',jul,wed,'\'(88.45-inf)\'','\'(117.18-146.2]\'','\'(519.52-604.79]\'','\'(5.61-11.22]\'','\'(11.53-14.64]\'','\'(57.5-66]\'','\'(3.1-4]\'','\'(-inf-0.64]\'',0
'\'(3.4-4.2]\'','\'(4.8-5.5]\'',aug,sun,'\'(88.45-inf)\'','\'(175.22-204.24]\'','\'(604.79-690.06]\'','\'(5.61-11.22]\'','\'(8.42-11.53]\'','\'(74.5-83]\'','\'(-inf-1.3]\'','\'(-inf-0.64]\'',0
'\'(4.2-5]\'','\'(3.4-4.1]\'',aug,thu,'\'(88.45-inf)\'','\'(204.24-233.26]\'','\'(690.06-775.33]\'','\'(11.22-16.83]\'','\'(17.75-20.86]\'','\'(40.5-49]\'','\'(2.2-3.1]\'','\'(-inf-0.64]\'',0
'\'(5.8-6.6]\'','\'(4.8-5.5]\'',sep,fri,'\'(88.45-inf)\'','\'(262.28-inf)\'','\'(775.33-inf)\'','\'(5.61-11.22]\'','\'(8.42-11.53]\'','\'(74.5-83]\'','\'(3.1-4]\'','\'(-inf-0.64]\'',18.3
'\'(5.8-6.6]\'','\'(4.8-5.5]\'',sep,sat,'\'(88.45-inf)\'','\'(88.16-117.18]\'','\'(690.06-775.33]\'','\'(5.61-11.22]\'','\'(14.64-17.75]\'','\'(49-57.5]\'','\'(4-4.9]\'','\'(-inf-0.64]\'',39.35
'\'(7.4-8.2]\'','\'(5.5-6.2]\'',aug,mon,'\'(88.45-inf)\'','\'(204.24-233.26]\'','\'(604.79-690.06]\'','\'(5.61-11.22]\'','\'(20.86-23.97]\'','\'(49-57.5]\'','\'(1.3-2.2]\'','\'(-inf-0.64]\'',0
'\'(1.8-2.6]\'','\'(-inf-2.7]\'',aug,sat,'\'(88.45-inf)\'','\'(204.24-233.26]\'','\'(690.06-775.33]\'','\'(5.61-11.22]\'','\'(20.86-23.97]\'','\'(40.5-49]\'','\'(1.3-2.2]\'','\'(-inf-0.64]\'',174.63
'\'(5.8-6.6]\'','\'(4.8-5.5]\'',mar,thu,'\'(88.45-inf)\'','\'(-inf-30.12]\'','\'(-inf-93.17]\'','\'(5.61-11.22]\'','\'(8.42-11.53]\'','\'(49-57.5]\'','\'(4.9-5.8]\'','\'(-inf-0.64]\'',0
'\'(3.4-4.2]\'','\'(4.8-5.5]\'',jan,sun,'\'(-inf-26.45]\'','\'(-inf-30.12]\'','\'(93.17-178.44]\'','\'(-inf-5.61]\'','\'(-inf-5.31]\'','\'(91.5-inf)\'','\'(-inf-1.3]\'','\'(-inf-0.64]\'',0
'\'(4.2-5]\'','\'(3.4-4.1]\'',jul,wed,'\'(88.45-inf)\'','\'(88.16-117.18]\'','\'(434.25-519.52]\'','\'(11.22-16.83]\'','\'(17.75-20.86]\'','\'(32-40.5]\'','\'(6.7-7.6]\'','\'(-inf-0.64]\'',7.73
'\'(7.4-8.2]\'','\'(5.5-6.2]\'',aug,thu,'\'(88.45-inf)\'','\'(175.22-204.24]\'','\'(604.79-690.06]\'','\'(5.61-11.22]\'','\'(14.64-17.75]\'','\'(57.5-66]\'','\'(2.2-3.1]\'','\'(-inf-0.64]\'',16.33
'\'(7.4-8.2]\'','\'(5.5-6.2]\'',aug,wed,'\'(88.45-inf)\'','\'(204.24-233.26]\'','\'(604.79-690.06]\'','\'(16.83-22.44]\'','\'(27.08-30.19]\'','\'(23.5-32]\'','\'(1.3-2.2]\'','\'(-inf-0.64]\'',5.86
'\'(8.2-inf)\'','\'(5.5-6.2]\'',aug,thu,'\'(88.45-inf)\'','\'(233.26-262.28]\'','\'(690.06-775.33]\'','\'(5.61-11.22]\'','\'(17.75-20.86]\'','\'(57.5-66]\'','\'(2.2-3.1]\'','\'(-inf-0.64]\'',42.87
'\'(7.4-8.2]\'','\'(3.4-4.1]\'',aug,sat,'\'(88.45-inf)\'','\'(262.28-inf)\'','\'(775.33-inf)\'','\'(5.61-11.22]\'','\'(20.86-23.97]\'','\'(40.5-49]\'','\'(4-4.9]\'','\'(-inf-0.64]\'',12.18
'\'(1.8-2.6]\'','\'(3.4-4.1]\'',aug,sun,'\'(88.45-inf)\'','\'(175.22-204.24]\'','\'(604.79-690.06]\'','\'(5.61-11.22]\'','\'(20.86-23.97]\'','\'(49-57.5]\'','\'(1.3-2.2]\'','\'(-inf-0.64]\'',16
'\'(2.6-3.4]\'','\'(3.4-4.1]\'',sep,sun,'\'(88.45-inf)\'','\'(88.16-117.18]\'','\'(690.06-775.33]\'','\'(11.22-16.83]\'','\'(17.75-20.86]\'','\'(49-57.5]\'','\'(4.9-5.8]\'','\'(-inf-0.64]\'',24.59
'\'(4.2-5]\'','\'(4.8-5.5]\'',mar,thu,'\'(88.45-inf)\'','\'(-inf-30.12]\'','\'(-inf-93.17]\'','\'(5.61-11.22]\'','\'(11.53-14.64]\'','\'(40.5-49]\'','\'(4.9-5.8]\'','\'(-inf-0.64]\'',0
'\'(5.8-6.6]\'','\'(3.4-4.1]\'',aug,fri,'\'(88.45-inf)\'','\'(204.24-233.26]\'','\'(690.06-775.33]\'','\'(11.22-16.83]\'','\'(20.86-23.97]\'','\'(32-40.5]\'','\'(2.2-3.1]\'','\'(-inf-0.64]\'',28.74
'\'(6.6-7.4]\'','\'(3.4-4.1]\'',aug,fri,'\'(88.45-inf)\'','\'(204.24-233.26]\'','\'(690.06-775.33]\'','\'(11.22-16.83]\'','\'(20.86-23.97]\'','\'(32-40.5]\'','\'(2.2-3.1]\'','\'(-inf-0.64]\'',0
'\'(6.6-7.4]\'','\'(3.4-4.1]\'',feb,mon,'\'(80.7-88.45]\'','\'(-inf-30.12]\'','\'(-inf-93.17]\'','\'(-inf-5.61]\'','\'(5.31-8.42]\'','\'(66-74.5]\'','\'(5.8-6.7]\'','\'(-inf-0.64]\'',9.96
'\'(7.4-8.2]\'','\'(5.5-6.2]\'',sep,fri,'\'(88.45-inf)\'','\'(88.16-117.18]\'','\'(690.06-775.33]\'','\'(5.61-11.22]\'','\'(17.75-20.86]\'','\'(40.5-49]\'','\'(2.2-3.1]\'','\'(-inf-0.64]\'',30.18
'\'(-inf-1.8]\'','\'(2.7-3.4]\'',sep,sun,'\'(88.45-inf)\'','\'(262.28-inf)\'','\'(775.33-inf)\'','\'(5.61-11.22]\'','\'(20.86-23.97]\'','\'(40.5-49]\'','\'(3.1-4]\'','\'(-inf-0.64]\'',70.76
'\'(1.8-2.6]\'','\'(3.4-4.1]\'',mar,tue,'\'(88.45-inf)\'','\'(-inf-30.12]\'','\'(-inf-93.17]\'','\'(11.22-16.83]\'','\'(14.64-17.75]\'','\'(-inf-23.5]\'','\'(6.7-7.6]\'','\'(-inf-0.64]\'',0
'\'(5.8-6.6]\'','\'(4.8-5.5]\'',feb,mon,'\'(80.7-88.45]\'','\'(-inf-30.12]\'','\'(-inf-93.17]\'','\'(-inf-5.61]\'','\'(-inf-5.31]\'','\'(66-74.5]\'','\'(1.3-2.2]\'','\'(-inf-0.64]\'',0
'\'(3.4-4.2]\'','\'(4.8-5.5]\'',feb,sun,'\'(80.7-88.45]\'','\'(-inf-30.12]\'','\'(-inf-93.17]\'','\'(-inf-5.61]\'','\'(8.42-11.53]\'','\'(57.5-66]\'','\'(1.3-2.2]\'','\'(-inf-0.64]\'',51.78
'\'(3.4-4.2]\'','\'(2.7-3.4]\'',sep,sun,'\'(88.45-inf)\'','\'(88.16-117.18]\'','\'(690.06-775.33]\'','\'(11.22-16.83]\'','\'(17.75-20.86]\'','\'(49-57.5]\'','\'(4-4.9]\'','\'(-inf-0.64]\'',3.64
'\'(4.2-5]\'','\'(5.5-6.2]\'',aug,sun,'\'(88.45-inf)\'','\'(175.22-204.24]\'','\'(604.79-690.06]\'','\'(5.61-11.22]\'','\'(23.97-27.08]\'','\'(32-40.5]\'','\'(3.1-4]\'','\'(-inf-0.64]\'',3.63
'\'(-inf-1.8]\'','\'(-inf-2.7]\'',aug,sat,'\'(88.45-inf)\'','\'(204.24-233.26]\'','\'(690.06-775.33]\'','\'(5.61-11.22]\'','\'(23.97-27.08]\'','\'(23.5-32]\'','\'(2.2-3.1]\'','\'(-inf-0.64]\'',0
'\'(8.2-inf)\'','\'(4.8-5.5]\'',jun,wed,'\'(88.45-inf)\'','\'(30.12-59.14]\'','\'(263.71-348.98]\'','\'(11.22-16.83]\'','\'(27.08-30.19]\'','\'(32-40.5]\'','\'(4-4.9]\'','\'(-inf-0.64]\'',0
'\'(8.2-inf)\'','\'(4.8-5.5]\'',jun,wed,'\'(88.45-inf)\'','\'(30.12-59.14]\'','\'(263.71-348.98]\'','\'(11.22-16.83]\'','\'(27.08-30.19]\'','\'(32-40.5]\'','\'(4-4.9]\'','\'(-inf-0.64]\'',8.16
'\'(2.6-3.4]\'','\'(3.4-4.1]\'',sep,thu,'\'(88.45-inf)\'','\'(88.16-117.18]\'','\'(690.06-775.33]\'','\'(5.61-11.22]\'','\'(20.86-23.97]\'','\'(40.5-49]\'','\'(3.1-4]\'','\'(-inf-0.64]\'',4.95
'\'(8.2-inf)\'','\'(8.3-inf)\'',aug,fri,'\'(88.45-inf)\'','\'(204.24-233.26]\'','\'(690.06-775.33]\'','\'(11.22-16.83]\'','\'(23.97-27.08]\'','\'(32-40.5]\'','\'(3.1-4]\'','\'(-inf-0.64]\'',0
'\'(7.4-8.2]\'','\'(5.5-6.2]\'',aug,thu,'\'(88.45-inf)\'','\'(175.22-204.24]\'','\'(604.79-690.06]\'','\'(5.61-11.22]\'','\'(20.86-23.97]\'','\'(40.5-49]\'','\'(3.1-4]\'','\'(-inf-0.64]\'',0
'\'(1.8-2.6]\'','\'(3.4-4.1]\'',sep,wed,'\'(80.7-88.45]\'','\'(59.14-88.16]\'','\'(690.06-775.33]\'','\'(-inf-5.61]\'','\'(20.86-23.97]\'','\'(32-40.5]\'','\'(1.3-2.2]\'','\'(-inf-0.64]\'',6.04
'\'(1.8-2.6]\'','\'(-inf-2.7]\'',aug,tue,'\'(88.45-inf)\'','\'(204.24-233.26]\'','\'(604.79-690.06]\'','\'(5.61-11.22]\'','\'(27.08-30.19]\'','\'(23.5-32]\'','\'(1.3-2.2]\'','\'(-inf-0.64]\'',0
'\'(5.8-6.6]\'','\'(4.8-5.5]\'',sep,sat,'\'(80.7-88.45]\'','\'(262.28-inf)\'','\'(775.33-inf)\'','\'(-inf-5.61]\'','\'(14.64-17.75]\'','\'(66-74.5]\'','\'(4-4.9]\'','\'(-inf-0.64]\'',3.95
'\'(3.4-4.2]\'','\'(4.8-5.5]\'',feb,sat,'\'(80.7-88.45]\'','\'(-inf-30.12]\'','\'(-inf-93.17]\'','\'(-inf-5.61]\'','\'(11.53-14.64]\'','\'(40.5-49]\'','\'(3.1-4]\'','\'(-inf-0.64]\'',0
'\'(3.4-4.2]\'','\'(2.7-3.4]\'',sep,fri,'\'(88.45-inf)\'','\'(262.28-inf)\'','\'(775.33-inf)\'','\'(5.61-11.22]\'','\'(17.75-20.86]\'','\'(40.5-49]\'','\'(2.2-3.1]\'','\'(-inf-0.64]\'',7.8
'\'(-inf-1.8]\'','\'(3.4-4.1]\'',jul,tue,'\'(88.45-inf)\'','\'(88.16-117.18]\'','\'(434.25-519.52]\'','\'(11.22-16.83]\'','\'(20.86-23.97]\'','\'(23.5-32]\'','\'(4.9-5.8]\'','\'(-inf-0.64]\'',0
'\'(5.8-6.6]\'','\'(2.7-3.4]\'',feb,fri,'\'(80.7-88.45]\'','\'(-inf-30.12]\'','\'(-inf-93.17]\'','\'(-inf-5.61]\'','\'(14.64-17.75]\'','\'(40.5-49]\'','\'(2.2-3.1]\'','\'(-inf-0.64]\'',0
'\'(6.6-7.4]\'','\'(3.4-4.1]\'',feb,fri,'\'(80.7-88.45]\'','\'(-inf-30.12]\'','\'(-inf-93.17]\'','\'(-inf-5.61]\'','\'(5.31-8.42]\'','\'(49-57.5]\'','\'(8.5-inf)\'','\'(-inf-0.64]\'',4.62
'\'(8.2-inf)\'','\'(3.4-4.1]\'',jul,mon,'\'(88.45-inf)\'','\'(88.16-117.18]\'','\'(434.25-519.52]\'','\'(5.61-11.22]\'','\'(20.86-23.97]\'','\'(23.5-32]\'','\'(4-4.9]\'','\'(-inf-0.64]\'',1.63
'\'(6.6-7.4]\'','\'(4.8-5.5]\'',aug,sat,'\'(88.45-inf)\'','\'(204.24-233.26]\'','\'(690.06-775.33]\'','\'(5.61-11.22]\'','\'(23.97-27.08]\'','\'(32-40.5]\'','\'(3.1-4]\'','\'(-inf-0.64]\'',0
'\'(4.2-5]\'','\'(3.4-4.1]\'',aug,sun,'\'(88.45-inf)\'','\'(233.26-262.28]\'','\'(690.06-775.33]\'','\'(5.61-11.22]\'','\'(23.97-27.08]\'','\'(49-57.5]\'','\'(3.1-4]\'','\'(-inf-0.64]\'',0
'\'(7.4-8.2]\'','\'(5.5-6.2]\'',aug,thu,'\'(88.45-inf)\'','\'(204.24-233.26]\'','\'(690.06-775.33]\'','\'(11.22-16.83]\'','\'(27.08-30.19]\'','\'(23.5-32]\'','\'(4-4.9]\'','\'(-inf-0.64]\'',746.28
'\'(5.8-6.6]\'','\'(2.7-3.4]\'',jul,tue,'\'(88.45-inf)\'','\'(146.2-175.22]\'','\'(519.52-604.79]\'','\'(5.61-11.22]\'','\'(23.97-27.08]\'','\'(32-40.5]\'','\'(2.2-3.1]\'','\'(-inf-0.64]\'',7.02
'\'(5.8-6.6]\'','\'(4.8-5.5]\'',mar,wed,'\'(88.45-inf)\'','\'(-inf-30.12]\'','\'(-inf-93.17]\'','\'(5.61-11.22]\'','\'(11.53-14.64]\'','\'(23.5-32]\'','\'(4.9-5.8]\'','\'(-inf-0.64]\'',0
'\'(1.8-2.6]\'','\'(3.4-4.1]\'',aug,sun,'\'(88.45-inf)\'','\'(175.22-204.24]\'','\'(604.79-690.06]\'','\'(5.61-11.22]\'','\'(23.97-27.08]\'','\'(40.5-49]\'','\'(4.9-5.8]\'','\'(-inf-0.64]\'',2.44
'\'(1.8-2.6]\'','\'(4.8-5.5]\'',aug,sun,'\'(88.45-inf)\'','\'(175.22-204.24]\'','\'(604.79-690.06]\'','\'(5.61-11.22]\'','\'(23.97-27.08]\'','\'(32-40.5]\'','\'(3.1-4]\'','\'(-inf-0.64]\'',3.05
'\'(7.4-8.2]\'','\'(7.6-8.3]\'',aug,wed,'\'(88.45-inf)\'','\'(175.22-204.24]\'','\'(604.79-690.06]\'','\'(5.61-11.22]\'','\'(23.97-27.08]\'','\'(32-40.5]\'','\'(4-4.9]\'','\'(-inf-0.64]\'',185.76
'\'(1.8-2.6]\'','\'(3.4-4.1]\'',aug,wed,'\'(88.45-inf)\'','\'(204.24-233.26]\'','\'(604.79-690.06]\'','\'(16.83-22.44]\'','\'(30.19-inf)\'','\'(-inf-23.5]\'','\'(4-4.9]\'','\'(-inf-0.64]\'',0
'\'(7.4-8.2]\'','\'(5.5-6.2]\'',jul,sun,'\'(88.45-inf)\'','\'(262.28-inf)\'','\'(775.33-inf)\'','\'(-inf-5.61]\'','\'(27.08-30.19]\'','\'(23.5-32]\'','\'(3.1-4]\'','\'(-inf-0.64]\'',6.3
'\'(-inf-1.8]\'','\'(2.7-3.4]\'',sep,sat,'\'(88.45-inf)\'','\'(88.16-117.18]\'','\'(690.06-775.33]\'','\'(5.61-11.22]\'','\'(20.86-23.97]\'','\'(40.5-49]\'','\'(3.1-4]\'','\'(-inf-0.64]\'',0.72
'\'(7.4-8.2]\'','\'(5.5-6.2]\'',aug,sat,'\'(88.45-inf)\'','\'(204.24-233.26]\'','\'(690.06-775.33]\'','\'(5.61-11.22]\'','\'(23.97-27.08]\'','\'(23.5-32]\'','\'(3.1-4]\'','\'(-inf-0.64]\'',4.96
'\'(1.8-2.6]\'','\'(-inf-2.7]\'',aug,thu,'\'(88.45-inf)\'','\'(233.26-262.28]\'','\'(690.06-775.33]\'','\'(5.61-11.22]\'','\'(17.75-20.86]\'','\'(49-57.5]\'','\'(1.3-2.2]\'','\'(-inf-0.64]\'',0
'\'(7.4-8.2]\'','\'(5.5-6.2]\'',aug,thu,'\'(88.45-inf)\'','\'(233.26-262.28]\'','\'(690.06-775.33]\'','\'(5.61-11.22]\'','\'(17.75-20.86]\'','\'(49-57.5]\'','\'(1.3-2.2]\'','\'(-inf-0.64]\'',0
'\'(1.8-2.6]\'','\'(3.4-4.1]\'',aug,mon,'\'(88.45-inf)\'','\'(204.24-233.26]\'','\'(604.79-690.06]\'','\'(5.61-11.22]\'','\'(27.08-30.19]\'','\'(32-40.5]\'','\'(1.3-2.2]\'','\'(-inf-0.64]\'',2.35
'\'(-inf-1.8]\'','\'(2.7-3.4]\'',aug,thu,'\'(88.45-inf)\'','\'(204.24-233.26]\'','\'(690.06-775.33]\'','\'(11.22-16.83]\'','\'(23.97-27.08]\'','\'(32-40.5]\'','\'(4.9-5.8]\'','\'(-inf-0.64]\'',0
'\'(2.6-3.4]\'','\'(3.4-4.1]\'',aug,sun,'\'(88.45-inf)\'','\'(175.22-204.24]\'','\'(604.79-690.06]\'','\'(5.61-11.22]\'','\'(23.97-27.08]\'','\'(40.5-49]\'','\'(3.1-4]\'','\'(-inf-0.64]\'',3.2
'\'(6.6-7.4]\'','\'(3.4-4.1]\'',sep,thu,'\'(88.45-inf)\'','\'(262.28-inf)\'','\'(775.33-inf)\'','\'(5.61-11.22]\'','\'(17.75-20.86]\'','\'(40.5-49]\'','\'(3.1-4]\'','\'(-inf-0.64]\'',0
'\'(-inf-1.8]\'','\'(2.7-3.4]\'',aug,sat,'\'(88.45-inf)\'','\'(175.22-204.24]\'','\'(604.79-690.06]\'','\'(5.61-11.22]\'','\'(20.86-23.97]\'','\'(32-40.5]\'','\'(3.1-4]\'','\'(-inf-0.64]\'',6.36
'\'(7.4-8.2]\'','\'(5.5-6.2]\'',aug,thu,'\'(88.45-inf)\'','\'(204.24-233.26]\'','\'(690.06-775.33]\'','\'(11.22-16.83]\'','\'(20.86-23.97]\'','\'(32-40.5]\'','\'(5.8-6.7]\'','\'(-inf-0.64]\'',0
'\'(1.8-2.6]\'','\'(3.4-4.1]\'',aug,sun,'\'(88.45-inf)\'','\'(233.26-262.28]\'','\'(690.06-775.33]\'','\'(5.61-11.22]\'','\'(20.86-23.97]\'','\'(57.5-66]\'','\'(4-4.9]\'','\'(-inf-0.64]\'',15.34
'\'(-inf-1.8]\'','\'(3.4-4.1]\'',aug,fri,'\'(88.45-inf)\'','\'(262.28-inf)\'','\'(775.33-inf)\'','\'(-inf-5.61]\'','\'(20.86-23.97]\'','\'(40.5-49]\'','\'(3.1-4]\'','\'(-inf-0.64]\'',0
'\'(1.8-2.6]\'','\'(4.8-5.5]\'',jul,sat,'\'(88.45-inf)\'','\'(59.14-88.16]\'','\'(348.98-434.25]\'','\'(-inf-5.61]\'','\'(20.86-23.97]\'','\'(49-57.5]\'','\'(1.3-2.2]\'','\'(-inf-0.64]\'',0
'\'(7.4-8.2]\'','\'(5.5-6.2]\'',aug,mon,'\'(88.45-inf)\'','\'(204.24-233.26]\'','\'(604.79-690.06]\'','\'(5.61-11.22]\'','\'(23.97-27.08]\'','\'(32-40.5]\'','\'(-inf-1.3]\'','\'(-inf-0.64]\'',0.54
'\'(7.4-8.2]\'','\'(5.5-6.2]\'',aug,sat,'\'(88.45-inf)\'','\'(233.26-262.28]\'','\'(690.06-775.33]\'','\'(5.61-11.22]\'','\'(11.53-14.64]\'','\'(66-74.5]\'','\'(2.2-3.1]\'','\'(-inf-0.64]\'',0
'\'(1.8-2.6]\'','\'(4.8-5.5]\'',aug,sat,'\'(88.45-inf)\'','\'(204.24-233.26]\'','\'(690.06-775.33]\'','\'(5.61-11.22]\'','\'(20.86-23.97]\'','\'(49-57.5]\'','\'(3.1-4]\'','\'(-inf-0.64]\'',6.43
'\'(-inf-1.8]\'','\'(2.7-3.4]\'',sep,fri,'\'(88.45-inf)\'','\'(88.16-117.18]\'','\'(690.06-775.33]\'','\'(5.61-11.22]\'','\'(17.75-20.86]\'','\'(40.5-49]\'','\'(1.3-2.2]\'','\'(-inf-0.64]\'',0.33
'\'(4.2-5]\'','\'(3.4-4.1]\'',sep,fri,'\'(88.45-inf)\'','\'(262.28-inf)\'','\'(775.33-inf)\'','\'(5.61-11.22]\'','\'(14.64-17.75]\'','\'(57.5-66]\'','\'(3.1-4]\'','\'(-inf-0.64]\'',0
'\'(7.4-8.2]\'','\'(5.5-6.2]\'',aug,mon,'\'(88.45-inf)\'','\'(204.24-233.26]\'','\'(604.79-690.06]\'','\'(5.61-11.22]\'','\'(23.97-27.08]\'','\'(23.5-32]\'','\'(1.3-2.2]\'','\'(-inf-0.64]\'',1.23
'\'(5.8-6.6]\'','\'(4.8-5.5]\'',apr,mon,'\'(80.7-88.45]\'','\'(-inf-30.12]\'','\'(-inf-93.17]\'','\'(-inf-5.61]\'','\'(8.42-11.53]\'','\'(57.5-66]\'','\'(2.2-3.1]\'','\'(-inf-0.64]\'',3.35
'\'(-inf-1.8]\'','\'(-inf-2.7]\'',jul,fri,'\'(88.45-inf)\'','\'(59.14-88.16]\'','\'(348.98-434.25]\'','\'(11.22-16.83]\'','\'(14.64-17.75]\'','\'(74.5-83]\'','\'(7.6-8.5]\'','\'(-inf-0.64]\'',0
'\'(1.8-2.6]\'','\'(4.8-5.5]\'',sep,fri,'\'(88.45-inf)\'','\'(262.28-inf)\'','\'(775.33-inf)\'','\'(5.61-11.22]\'','\'(14.64-17.75]\'','\'(57.5-66]\'','\'(3.1-4]\'','\'(-inf-0.64]\'',9.96
'\'(4.2-5]\'','\'(4.8-5.5]\'',aug,sun,'\'(88.45-inf)\'','\'(30.12-59.14]\'','\'(93.17-178.44]\'','\'(5.61-11.22]\'','\'(14.64-17.75]\'','\'(74.5-83]\'','\'(4-4.9]\'','\'(-inf-0.64]\'',0
'\'(5.8-6.6]\'','\'(4.8-5.5]\'',aug,sun,'\'(88.45-inf)\'','\'(175.22-204.24]\'','\'(604.79-690.06]\'','\'(5.61-11.22]\'','\'(17.75-20.86]\'','\'(66-74.5]\'','\'(1.3-2.2]\'','\'(-inf-0.64]\'',0
'\'(2.6-3.4]\'','\'(3.4-4.1]\'',mar,wed,'\'(88.45-inf)\'','\'(-inf-30.12]\'','\'(-inf-93.17]\'','\'(5.61-11.22]\'','\'(8.42-11.53]\'','\'(32-40.5]\'','\'(7.6-8.5]\'','\'(-inf-0.64]\'',0
'\'(6.6-7.4]\'','\'(3.4-4.1]\'',sep,wed,'\'(88.45-inf)\'','\'(262.28-inf)\'','\'(775.33-inf)\'','\'(5.61-11.22]\'','\'(8.42-11.53]\'','\'(74.5-83]\'','\'(3.1-4]\'','\'(-inf-0.64]\'',0
'\'(6.6-7.4]\'','\'(3.4-4.1]\'',aug,sun,'\'(88.45-inf)\'','\'(175.22-204.24]\'','\'(604.79-690.06]\'','\'(5.61-11.22]\'','\'(17.75-20.86]\'','\'(57.5-66]\'','\'(4-4.9]\'','\'(-inf-0.64]\'',0
'\'(3.4-4.2]\'','\'(4.8-5.5]\'',aug,wed,'\'(88.45-inf)\'','\'(204.24-233.26]\'','\'(604.79-690.06]\'','\'(16.83-22.44]\'','\'(20.86-23.97]\'','\'(40.5-49]\'','\'(4.9-5.8]\'','\'(-inf-0.64]\'',6.43
'\'(-inf-1.8]\'','\'(3.4-4.1]\'',aug,fri,'\'(88.45-inf)\'','\'(175.22-204.24]\'','\'(604.79-690.06]\'','\'(11.22-16.83]\'','\'(11.53-14.64]\'','\'(83-91.5]\'','\'(4-4.9]\'','\'(-inf-0.64]\'',9.71
'\'(6.6-7.4]\'','\'(3.4-4.1]\'',aug,mon,'\'(88.45-inf)\'','\'(233.26-262.28]\'','\'(690.06-775.33]\'','\'(5.61-11.22]\'','\'(14.64-17.75]\'','\'(57.5-66]\'','\'(3.1-4]\'','\'(-inf-0.64]\'',0
'\'(3.4-4.2]\'','\'(4.8-5.5]\'',aug,thu,'\'(88.45-inf)\'','\'(262.28-inf)\'','\'(775.33-inf)\'','\'(-inf-5.61]\'','\'(14.64-17.75]\'','\'(49-57.5]\'','\'(2.2-3.1]\'','\'(-inf-0.64]\'',0
'\'(2.6-3.4]\'','\'(3.4-4.1]\'',aug,thu,'\'(88.45-inf)\'','\'(233.26-262.28]\'','\'(690.06-775.33]\'','\'(5.61-11.22]\'','\'(14.64-17.75]\'','\'(49-57.5]\'','\'(2.2-3.1]\'','\'(-inf-0.64]\'',0
'\'(2.6-3.4]\'','\'(3.4-4.1]\'',jul,mon,'\'(88.45-inf)\'','\'(146.2-175.22]\'','\'(519.52-604.79]\'','\'(11.22-16.83]\'','\'(17.75-20.86]\'','\'(40.5-49]\'','\'(2.2-3.1]\'','\'(-inf-0.64]\'',0
'\'(1.8-2.6]\'','\'(3.4-4.1]\'',aug,thu,'\'(88.45-inf)\'','\'(233.26-262.28]\'','\'(690.06-775.33]\'','\'(5.61-11.22]\'','\'(14.64-17.75]\'','\'(57.5-66]\'','\'(2.2-3.1]\'','\'(-inf-0.64]\'',0
'\'(-inf-1.8]\'','\'(3.4-4.1]\'',aug,wed,'\'(88.45-inf)\'','\'(175.22-204.24]\'','\'(604.79-690.06]\'','\'(5.61-11.22]\'','\'(17.75-20.86]\'','\'(49-57.5]\'','\'(3.1-4]\'','\'(-inf-0.64]\'',82.75
'\'(7.4-8.2]\'','\'(5.5-6.2]\'',aug,sat,'\'(88.45-inf)\'','\'(204.24-233.26]\'','\'(690.06-775.33]\'','\'(5.61-11.22]\'','\'(17.75-20.86]\'','\'(57.5-66]\'','\'(4-4.9]\'','\'(-inf-0.64]\'',3.32
'\'(6.6-7.4]\'','\'(3.4-4.1]\'',aug,sat,'\'(88.45-inf)\'','\'(262.28-inf)\'','\'(775.33-inf)\'','\'(5.61-11.22]\'','\'(14.64-17.75]\'','\'(66-74.5]\'','\'(7.6-8.5]\'','\'(-inf-0.64]\'',1.94
'\'(1.8-2.6]\'','\'(4.8-5.5]\'',aug,sat,'\'(88.45-inf)\'','\'(204.24-233.26]\'','\'(690.06-775.33]\'','\'(5.61-11.22]\'','\'(17.75-20.86]\'','\'(57.5-66]\'','\'(4-4.9]\'','\'(-inf-0.64]\'',0
'\'(7.4-8.2]\'','\'(5.5-6.2]\'',aug,sat,'\'(88.45-inf)\'','\'(204.24-233.26]\'','\'(690.06-775.33]\'','\'(5.61-11.22]\'','\'(17.75-20.86]\'','\'(57.5-66]\'','\'(4-4.9]\'','\'(-inf-0.64]\'',0
'\'(-inf-1.8]\'','\'(3.4-4.1]\'',sep,sun,'\'(88.45-inf)\'','\'(262.28-inf)\'','\'(775.33-inf)\'','\'(5.61-11.22]\'','\'(11.53-14.64]\'','\'(74.5-83]\'','\'(6.7-7.6]\'','\'(-inf-0.64]\'',3.71
'\'(5.8-6.6]\'','\'(4.8-5.5]\'',feb,tue,'\'(72.95-80.7]\'','\'(-inf-30.12]\'','\'(-inf-93.17]\'','\'(-inf-5.61]\'','\'(-inf-5.31]\'','\'(74.5-83]\'','\'(5.8-6.7]\'','\'(-inf-0.64]\'',5.39
'\'(5.8-6.6]\'','\'(3.4-4.1]\'',feb,tue,'\'(72.95-80.7]\'','\'(-inf-30.12]\'','\'(-inf-93.17]\'','\'(-inf-5.61]\'','\'(-inf-5.31]\'','\'(74.5-83]\'','\'(4.9-5.8]\'','\'(-inf-0.64]\'',2.14
'\'(1.8-2.6]\'','\'(-inf-2.7]\'',feb,sat,'\'(72.95-80.7]\'','\'(-inf-30.12]\'','\'(-inf-93.17]\'','\'(-inf-5.61]\'','\'(-inf-5.31]\'','\'(57.5-66]\'','\'(-inf-1.3]\'','\'(-inf-0.64]\'',6.84
'\'(5.8-6.6]\'','\'(4.8-5.5]\'',mar,mon,'\'(80.7-88.45]\'','\'(-inf-30.12]\'','\'(-inf-93.17]\'','\'(5.61-11.22]\'','\'(8.42-11.53]\'','\'(40.5-49]\'','\'(4.9-5.8]\'','\'(-inf-0.64]\'',3.18
'\'(2.6-3.4]\'','\'(3.4-4.1]\'',mar,wed,'\'(88.45-inf)\'','\'(-inf-30.12]\'','\'(-inf-93.17]\'','\'(5.61-11.22]\'','\'(8.42-11.53]\'','\'(40.5-49]\'','\'(4.9-5.8]\'','\'(-inf-0.64]\'',5.55
'\'(5.8-6.6]\'','\'(4.8-5.5]\'',mar,thu,'\'(88.45-inf)\'','\'(-inf-30.12]\'','\'(-inf-93.17]\'','\'(5.61-11.22]\'','\'(11.53-14.64]\'','\'(23.5-32]\'','\'(3.1-4]\'','\'(-inf-0.64]\'',6.61
'\'(5.8-6.6]\'','\'(2.7-3.4]\'',apr,sun,'\'(88.45-inf)\'','\'(-inf-30.12]\'','\'(-inf-93.17]\'','\'(11.22-16.83]\'','\'(11.53-14.64]\'','\'(32-40.5]\'','\'(8.5-inf)\'','\'(-inf-0.64]\'',61.13
'\'(4.2-5]\'','\'(3.4-4.1]\'',apr,sun,'\'(88.45-inf)\'','\'(-inf-30.12]\'','\'(-inf-93.17]\'','\'(11.22-16.83]\'','\'(14.64-17.75]\'','\'(23.5-32]\'','\'(4.9-5.8]\'','\'(-inf-0.64]\'',0
'\'(3.4-4.2]\'','\'(2.7-3.4]\'',may,fri,'\'(88.45-inf)\'','\'(-inf-30.12]\'','\'(-inf-93.17]\'','\'(5.61-11.22]\'','\'(17.75-20.86]\'','\'(32-40.5]\'','\'(3.1-4]\'','\'(-inf-0.64]\'',38.48
'\'(7.4-8.2]\'','\'(2.7-3.4]\'',jun,mon,'\'(80.7-88.45]\'','\'(88.16-117.18]\'','\'(178.44-263.71]\'','\'(-inf-5.61]\'','\'(11.53-14.64]\'','\'(74.5-83]\'','\'(3.1-4]\'','\'(-inf-0.64]\'',1.94
'\'(8.2-inf)\'','\'(3.4-4.1]\'',jun,sat,'\'(88.45-inf)\'','\'(59.14-88.16]\'','\'(178.44-263.71]\'','\'(5.61-11.22]\'','\'(23.97-27.08]\'','\'(49-57.5]\'','\'(2.2-3.1]\'','\'(-inf-0.64]\'',70.32
'\'(3.4-4.2]\'','\'(2.7-3.4]\'',jun,thu,'\'(88.45-inf)\'','\'(88.16-117.18]\'','\'(263.71-348.98]\'','\'(5.61-11.22]\'','\'(23.97-27.08]\'','\'(32-40.5]\'','\'(2.2-3.1]\'','\'(-inf-0.64]\'',10.08
'\'(1.8-2.6]\'','\'(4.8-5.5]\'',jun,thu,'\'(88.45-inf)\'','\'(117.18-146.2]\'','\'(348.98-434.25]\'','\'(16.83-22.44]\'','\'(20.86-23.97]\'','\'(32-40.5]\'','\'(8.5-inf)\'','\'(-inf-0.64]\'',3.19
'\'(3.4-4.2]\'','\'(2.7-3.4]\'',jul,thu,'\'(88.45-inf)\'','\'(59.14-88.16]\'','\'(348.98-434.25]\'','\'(5.61-11.22]\'','\'(27.08-30.19]\'','\'(23.5-32]\'','\'(-inf-1.3]\'','\'(-inf-0.64]\'',1.76
'\'(3.4-4.2]\'','\'(2.7-3.4]\'',jul,sun,'\'(88.45-inf)\'','\'(88.16-117.18]\'','\'(348.98-434.25]\'','\'(11.22-16.83]\'','\'(23.97-27.08]\'','\'(40.5-49]\'','\'(3.1-4]\'','\'(-inf-0.64]\'',7.36
'\'(6.6-7.4]\'','\'(3.4-4.1]\'',jul,sun,'\'(88.45-inf)\'','\'(88.16-117.18]\'','\'(348.98-434.25]\'','\'(11.22-16.83]\'','\'(17.75-20.86]\'','\'(74.5-83]\'','\'(4-4.9]\'','\'(-inf-0.64]\'',2.21
'\'(6.6-7.4]\'','\'(3.4-4.1]\'',jul,mon,'\'(88.45-inf)\'','\'(88.16-117.18]\'','\'(348.98-434.25]\'','\'(5.61-11.22]\'','\'(20.86-23.97]\'','\'(49-57.5]\'','\'(4-4.9]\'','\'(-inf-0.64]\'',278.53
'\'(8.2-inf)\'','\'(8.3-inf)\'',jul,thu,'\'(88.45-inf)\'','\'(88.16-117.18]\'','\'(519.52-604.79]\'','\'(5.61-11.22]\'','\'(30.19-inf)\'','\'(23.5-32]\'','\'(4-4.9]\'','\'(-inf-0.64]\'',2.75
'\'(3.4-4.2]\'','\'(2.7-3.4]\'',jul,thu,'\'(88.45-inf)\'','\'(88.16-117.18]\'','\'(519.52-604.79]\'','\'(5.61-11.22]\'','\'(30.19-inf)\'','\'(-inf-23.5]\'','\'(4-4.9]\'','\'(-inf-0.64]\'',0
'\'(2.6-3.4]\'','\'(3.4-4.1]\'',aug,sun,'\'(88.45-inf)\'','\'(117.18-146.2]\'','\'(519.52-604.79]\'','\'(11.22-16.83]\'','\'(20.86-23.97]\'','\'(32-40.5]\'','\'(4.9-5.8]\'','\'(-inf-0.64]\'',1.29
'\'(7.4-8.2]\'','\'(5.5-6.2]\'',aug,sun,'\'(88.45-inf)\'','\'(117.18-146.2]\'','\'(519.52-604.79]\'','\'(11.22-16.83]\'','\'(30.19-inf)\'','\'(23.5-32]\'','\'(4.9-5.8]\'','\'(-inf-0.64]\'',0
'\'(1.8-2.6]\'','\'(4.8-5.5]\'',aug,sun,'\'(88.45-inf)\'','\'(117.18-146.2]\'','\'(519.52-604.79]\'','\'(11.22-16.83]\'','\'(30.19-inf)\'','\'(23.5-32]\'','\'(3.1-4]\'','\'(-inf-0.64]\'',26.43
'\'(1.8-2.6]\'','\'(3.4-4.1]\'',aug,mon,'\'(88.45-inf)\'','\'(117.18-146.2]\'','\'(519.52-604.79]\'','\'(16.83-22.44]\'','\'(30.19-inf)\'','\'(23.5-32]\'','\'(3.1-4]\'','\'(-inf-0.64]\'',2.07
'\'(4.2-5]\'','\'(3.4-4.1]\'',aug,tue,'\'(88.45-inf)\'','\'(117.18-146.2]\'','\'(604.79-690.06]\'','\'(16.83-22.44]\'','\'(23.97-27.08]\'','\'(40.5-49]\'','\'(5.8-6.7]\'','\'(-inf-0.64]\'',2
'\'(4.2-5]\'','\'(3.4-4.1]\'',aug,tue,'\'(88.45-inf)\'','\'(117.18-146.2]\'','\'(604.79-690.06]\'','\'(16.83-22.44]\'','\'(23.97-27.08]\'','\'(32-40.5]\'','\'(3.1-4]\'','\'(-inf-0.64]\'',16.4
'\'(3.4-4.2]\'','\'(3.4-4.1]\'',aug,tue,'\'(88.45-inf)\'','\'(117.18-146.2]\'','\'(604.79-690.06]\'','\'(16.83-22.44]\'','\'(17.75-20.86]\'','\'(66-74.5]\'','\'(6.7-7.6]\'','\'(-inf-0.64]\'',46.7
'\'(3.4-4.2]\'','\'(3.4-4.1]\'',aug,wed,'\'(88.45-inf)\'','\'(117.18-146.2]\'','\'(604.79-690.06]\'','\'(16.83-22.44]\'','\'(17.75-20.86]\'','\'(57.5-66]\'','\'(-inf-1.3]\'','\'(-inf-0.64]\'',0
'\'(3.4-4.2]\'','\'(3.4-4.1]\'',aug,wed,'\'(88.45-inf)\'','\'(117.18-146.2]\'','\'(604.79-690.06]\'','\'(16.83-22.44]\'','\'(27.08-30.19]\'','\'(32-40.5]\'','\'(3.1-4]\'','\'(-inf-0.64]\'',0
'\'(3.4-4.2]\'','\'(3.4-4.1]\'',aug,thu,'\'(88.45-inf)\'','\'(146.2-175.22]\'','\'(604.79-690.06]\'','\'(11.22-16.83]\'','\'(30.19-inf)\'','\'(-inf-23.5]\'','\'(4-4.9]\'','\'(-inf-0.64]\'',0
'\'(-inf-1.8]\'','\'(2.7-3.4]\'',aug,fri,'\'(88.45-inf)\'','\'(146.2-175.22]\'','\'(604.79-690.06]\'','\'(11.22-16.83]\'','\'(30.19-inf)\'','\'(23.5-32]\'','\'(1.3-2.2]\'','\'(-inf-0.64]\'',0
'\'(-inf-1.8]\'','\'(2.7-3.4]\'',aug,fri,'\'(88.45-inf)\'','\'(146.2-175.22]\'','\'(604.79-690.06]\'','\'(11.22-16.83]\'','\'(27.08-30.19]\'','\'(23.5-32]\'','\'(4-4.9]\'','\'(-inf-0.64]\'',43.32
'\'(5.8-6.6]\'','\'(5.5-6.2]\'',aug,sat,'\'(88.45-inf)\'','\'(146.2-175.22]\'','\'(604.79-690.06]\'','\'(11.22-16.83]\'','\'(30.19-inf)\'','\'(23.5-32]\'','\'(4-4.9]\'','\'(-inf-0.64]\'',8.59
'\'(5.8-6.6]\'','\'(5.5-6.2]\'',aug,mon,'\'(88.45-inf)\'','\'(175.22-204.24]\'','\'(604.79-690.06]\'','\'(11.22-16.83]\'','\'(20.86-23.97]\'','\'(40.5-49]\'','\'(1.3-2.2]\'','\'(-inf-0.64]\'',0
'\'(3.4-4.2]\'','\'(4.8-5.5]\'',aug,mon,'\'(88.45-inf)\'','\'(175.22-204.24]\'','\'(604.79-690.06]\'','\'(11.22-16.83]\'','\'(30.19-inf)\'','\'(23.5-32]\'','\'(2.2-3.1]\'','\'(-inf-0.64]\'',2.77
'\'(2.6-3.4]\'','\'(3.4-4.1]\'',aug,tue,'\'(88.45-inf)\'','\'(175.22-204.24]\'','\'(604.79-690.06]\'','\'(11.22-16.83]\'','\'(30.19-inf)\'','\'(23.5-32]\'','\'(1.3-2.2]\'','\'(-inf-0.64]\'',14.68
'\'(5.8-6.6]\'','\'(4.8-5.5]\'',aug,tue,'\'(88.45-inf)\'','\'(175.22-204.24]\'','\'(604.79-690.06]\'','\'(11.22-16.83]\'','\'(30.19-inf)\'','\'(23.5-32]\'','\'(2.2-3.1]\'','\'(-inf-0.64]\'',40.54
'\'(6.6-7.4]\'','\'(4.8-5.5]\'',aug,tue,'\'(88.45-inf)\'','\'(175.22-204.24]\'','\'(604.79-690.06]\'','\'(11.22-16.83]\'','\'(27.08-30.19]\'','\'(57.5-66]\'','\'(4-4.9]\'','\'(5.76-inf)\'',10.82
'\'(7.4-8.2]\'','\'(5.5-6.2]\'',aug,tue,'\'(88.45-inf)\'','\'(175.22-204.24]\'','\'(604.79-690.06]\'','\'(11.22-16.83]\'','\'(20.86-23.97]\'','\'(57.5-66]\'','\'(4-4.9]\'','\'(0.64-1.28]\'',0
'\'(6.6-7.4]\'','\'(4.8-5.5]\'',aug,tue,'\'(88.45-inf)\'','\'(175.22-204.24]\'','\'(604.79-690.06]\'','\'(11.22-16.83]\'','\'(20.86-23.97]\'','\'(57.5-66]\'','\'(4-4.9]\'','\'(0.64-1.28]\'',0
'\'(3.4-4.2]\'','\'(3.4-4.1]\'',aug,tue,'\'(88.45-inf)\'','\'(175.22-204.24]\'','\'(604.79-690.06]\'','\'(11.22-16.83]\'','\'(17.75-20.86]\'','\'(66-74.5]\'','\'(4-4.9]\'','\'(-inf-0.64]\'',0
'\'(1.8-2.6]\'','\'(3.4-4.1]\'',aug,wed,'\'(88.45-inf)\'','\'(117.18-146.2]\'','\'(604.79-690.06]\'','\'(16.83-22.44]\'','\'(27.08-30.19]\'','\'(23.5-32]\'','\'(4-4.9]\'','\'(-inf-0.64]\'',1.95
'\'(3.4-4.2]\'','\'(2.7-3.4]\'',aug,wed,'\'(88.45-inf)\'','\'(117.18-146.2]\'','\'(604.79-690.06]\'','\'(16.83-22.44]\'','\'(27.08-30.19]\'','\'(23.5-32]\'','\'(4-4.9]\'','\'(-inf-0.64]\'',49.59
'\'(-inf-1.8]\'','\'(-inf-2.7]\'',aug,thu,'\'(88.45-inf)\'','\'(146.2-175.22]\'','\'(690.06-775.33]\'','\'(5.61-11.22]\'','\'(23.97-27.08]\'','\'(32-40.5]\'','\'(1.3-2.2]\'','\'(-inf-0.64]\'',5.8
'\'(-inf-1.8]\'','\'(-inf-2.7]\'',aug,fri,'\'(88.45-inf)\'','\'(146.2-175.22]\'','\'(690.06-775.33]\'','\'(5.61-11.22]\'','\'(17.75-20.86]\'','\'(66-74.5]\'','\'(7.6-8.5]\'','\'(-inf-0.64]\'',0
'\'(1.8-2.6]\'','\'(3.4-4.1]\'',aug,fri,'\'(88.45-inf)\'','\'(146.2-175.22]\'','\'(690.06-775.33]\'','\'(5.61-11.22]\'','\'(23.97-27.08]\'','\'(40.5-49]\'','\'(3.1-4]\'','\'(-inf-0.64]\'',0
'\'(-inf-1.8]\'','\'(-inf-2.7]\'',aug,fri,'\'(88.45-inf)\'','\'(146.2-175.22]\'','\'(690.06-775.33]\'','\'(5.61-11.22]\'','\'(23.97-27.08]\'','\'(40.5-49]\'','\'(3.1-4]\'','\'(-inf-0.64]\'',0
'\'(4.2-5]\'','\'(3.4-4.1]\'',aug,fri,'\'(88.45-inf)\'','\'(146.2-175.22]\'','\'(690.06-775.33]\'','\'(5.61-11.22]\'','\'(20.86-23.97]\'','\'(66-74.5]\'','\'(6.7-7.6]\'','\'(1.28-1.92]\'',2.17
'\'(5.8-6.6]\'','\'(4.8-5.5]\'',aug,fri,'\'(88.45-inf)\'','\'(146.2-175.22]\'','\'(690.06-775.33]\'','\'(5.61-11.22]\'','\'(17.75-20.86]\'','\'(57.5-66]\'','\'(4.9-5.8]\'','\'(-inf-0.64]\'',0.43
'\'(7.4-8.2]\'','\'(5.5-6.2]\'',aug,sun,'\'(80.7-88.45]\'','\'(30.12-59.14]\'','\'(604.79-690.06]\'','\'(-inf-5.61]\'','\'(27.08-30.19]\'','\'(32-40.5]\'','\'(2.2-3.1]\'','\'(-inf-0.64]\'',0
'\'(3.4-4.2]\'','\'(2.7-3.4]\'',aug,sun,'\'(80.7-88.45]\'','\'(30.12-59.14]\'','\'(604.79-690.06]\'','\'(-inf-5.61]\'','\'(27.08-30.19]\'','\'(23.5-32]\'','\'(2.2-3.1]\'','\'(-inf-0.64]\'',6.44
'\'(1.8-2.6]\'','\'(3.4-4.1]\'',aug,sun,'\'(80.7-88.45]\'','\'(30.12-59.14]\'','\'(604.79-690.06]\'','\'(-inf-5.61]\'','\'(20.86-23.97]\'','\'(66-74.5]\'','\'(4.9-5.8]\'','\'(-inf-0.64]\'',54.29
'\'(6.6-7.4]\'','\'(3.4-4.1]\'',aug,sun,'\'(80.7-88.45]\'','\'(30.12-59.14]\'','\'(604.79-690.06]\'','\'(-inf-5.61]\'','\'(20.86-23.97]\'','\'(66-74.5]\'','\'(5.8-6.7]\'','\'(-inf-0.64]\'',11.16
'\'(-inf-1.8]\'','\'(3.4-4.1]\'',aug,sat,'\'(88.45-inf)\'','\'(117.18-146.2]\'','\'(604.79-690.06]\'','\'(11.22-16.83]\'','\'(23.97-27.08]\'','\'(40.5-49]\'','\'(3.1-4]\'','\'(-inf-0.64]\'',0
'\'(5.8-6.6]\'','\'(2.7-3.4]\'',nov,tue,'\'(72.95-80.7]\'','\'(-inf-30.12]\'','\'(93.17-178.44]\'','\'(-inf-5.61]\'','\'(11.53-14.64]\'','\'(23.5-32]\'','\'(4-4.9]\'','\'(-inf-0.64]\'',0
