1,2,3,4,5,6,7,8,9
'\'(-inf-34.732]\'','\'(-inf-57.1952]\'','\'(-inf-1.8]\'','\'(1.351-2.9104]\'','\'(-inf-1.5439]\'','\'(0.5029-0.7248]\'','\'(-inf-1.1]\'','\'(-inf-1.1]\'',3.74
'\'(-inf-34.732]\'','\'(-inf-57.1952]\'','\'(-inf-1.8]\'','\'(1.351-2.9104]\'','\'(-inf-1.5439]\'','\'(0.5029-0.7248]\'','\'(-inf-1.1]\'','\'(-inf-1.1]\'',4.33
'\'(-inf-34.732]\'','\'(-inf-57.1952]\'','\'(-inf-1.8]\'','\'(4.4698-6.0292]\'','\'(2.6317-3.1756]\'','\'(-inf-0.5029]\'','\'(-inf-1.1]\'','\'(-inf-1.1]\'',7.019
'\'(-inf-34.732]\'','\'(-inf-57.1952]\'','\'(-inf-1.8]\'','\'(4.4698-6.0292]\'','\'(2.6317-3.1756]\'','\'(-inf-0.5029]\'','\'(-inf-1.1]\'','\'(-inf-1.1]\'',6.723
'\'(-inf-34.732]\'','\'(-inf-57.1952]\'','\'(-inf-1.8]\'','\'(2.9104-4.4698]\'','\'(2.6317-3.1756]\'','\'(0.5029-0.7248]\'','\'(-inf-1.1]\'','\'(-inf-1.1]\'',5.979
'\'(208.392-243.124]\'','\'(285.976-343.1712]\'','\'(1.8-3.6]\'','\'(-0.2084-1.351]\'','\'(4.2634-4.8073]\'','\'(1.1686-1.3905]\'','\'(-inf-1.1]\'','\'(3.3-4.4]\'',6.064
'\'(-inf-34.732]\'','\'(-inf-57.1952]\'','\'(-inf-1.8]\'','\'(1.351-2.9104]\'','\'(2.0878-2.6317]\'','\'(0.9467-1.1686]\'','\'(-inf-1.1]\'','\'(-inf-1.1]\'',7.337
'\'(-inf-34.732]\'','\'(-inf-57.1952]\'','\'(-inf-1.8]\'','\'(2.9104-4.4698]\'','\'(2.0878-2.6317]\'','\'(0.9467-1.1686]\'','\'(-inf-1.1]\'','\'(-inf-1.1]\'',4.1
'\'(-inf-34.732]\'','\'(-inf-57.1952]\'','\'(-inf-1.8]\'','\'(1.351-2.9104]\'','\'(1.5439-2.0878]\'','\'(1.1686-1.3905]\'','\'(-inf-1.1]\'','\'(-inf-1.1]\'',3.941
'\'(-inf-34.732]\'','\'(-inf-57.1952]\'','\'(-inf-1.8]\'','\'(1.351-2.9104]\'','\'(1.5439-2.0878]\'','\'(1.3905-1.6124]\'','\'(-inf-1.1]\'','\'(-inf-1.1]\'',3.809
'\'(-inf-34.732]\'','\'(-inf-57.1952]\'','\'(-inf-1.8]\'','\'(2.9104-4.4698]\'','\'(1.5439-2.0878]\'','\'(1.3905-1.6124]\'','\'(-inf-1.1]\'','\'(-inf-1.1]\'',4.34
'\'(-inf-34.732]\'','\'(-inf-57.1952]\'','\'(-inf-1.8]\'','\'(-0.2084-1.351]\'','\'(1.5439-2.0878]\'','\'(1.3905-1.6124]\'','\'(-inf-1.1]\'','\'(-inf-1.1]\'',3.93
'\'(69.464-104.196]\'','\'(57.1952-114.3904]\'','\'(-inf-1.8]\'','\'(2.9104-4.4698]\'','\'(3.7195-4.2634]\'','\'(1.1686-1.3905]\'','\'(-inf-1.1]\'','\'(1.1-2.2]\'',7.371
'\'(-inf-34.732]\'','\'(-inf-57.1952]\'','\'(-inf-1.8]\'','\'(-0.2084-1.351]\'','\'(-inf-1.5439]\'','\'(0.9467-1.1686]\'','\'(-inf-1.1]\'','\'(-inf-1.1]\'',3.78
'\'(69.464-104.196]\'','\'(57.1952-114.3904]\'','\'(-inf-1.8]\'','\'(2.9104-4.4698]\'','\'(3.7195-4.2634]\'','\'(1.1686-1.3905]\'','\'(-inf-1.1]\'','\'(-inf-1.1]\'',4.112
'\'(-inf-34.732]\'','\'(-inf-57.1952]\'','\'(-inf-1.8]\'','\'(1.351-2.9104]\'','\'(1.5439-2.0878]\'','\'(0.7248-0.9467]\'','\'(-inf-1.1]\'','\'(-inf-1.1]\'',3.533
'\'(-inf-34.732]\'','\'(-inf-57.1952]\'','\'(-inf-1.8]\'','\'(-0.2084-1.351]\'','\'(-inf-1.5439]\'','\'(0.5029-0.7248]\'','\'(-inf-1.1]\'','\'(-inf-1.1]\'',4.632
'\'(34.732-69.464]\'','\'(-inf-57.1952]\'','\'(-inf-1.8]\'','\'(4.4698-6.0292]\'','\'(3.7195-4.2634]\'','\'(0.9467-1.1686]\'','\'(-inf-1.1]\'','\'(-inf-1.1]\'',7.693
'\'(-inf-34.732]\'','\'(-inf-57.1952]\'','\'(-inf-1.8]\'','\'(-0.2084-1.351]\'','\'(-inf-1.5439]\'','\'(1.6124-1.8343]\'','\'(-inf-1.1]\'','\'(-inf-1.1]\'',0.673
'\'(-inf-34.732]\'','\'(-inf-57.1952]\'','\'(-inf-1.8]\'','\'(-0.2084-1.351]\'','\'(1.5439-2.0878]\'','\'(1.3905-1.6124]\'','\'(-inf-1.1]\'','\'(-inf-1.1]\'',3.323
'\'(34.732-69.464]\'','\'(57.1952-114.3904]\'','\'(-inf-1.8]\'','\'(2.9104-4.4698]\'','\'(3.1756-3.7195]\'','\'(0.7248-0.9467]\'','\'(-inf-1.1]\'','\'(-inf-1.1]\'',2.955
'\'(34.732-69.464]\'','\'(57.1952-114.3904]\'','\'(1.8-3.6]\'','\'(-0.2084-1.351]\'','\'(2.0878-2.6317]\'','\'(0.9467-1.1686]\'','\'(-inf-1.1]\'','\'(-inf-1.1]\'',4.216
'\'(104.196-138.928]\'','\'(114.3904-171.5856]\'','\'(1.8-3.6]\'','\'(1.351-2.9104]\'','\'(3.1756-3.7195]\'','\'(1.3905-1.6124]\'','\'(4.4-5.5]\'','\'(1.1-2.2]\'',2.593
'\'(-inf-34.732]\'','\'(-inf-57.1952]\'','\'(-inf-1.8]\'','\'(-0.2084-1.351]\'','\'(2.0878-2.6317]\'','\'(1.3905-1.6124]\'','\'(-inf-1.1]\'','\'(-inf-1.1]\'',2.272
'\'(-inf-34.732]\'','\'(-inf-57.1952]\'','\'(-inf-1.8]\'','\'(7.5886-inf)\'','\'(5.3512-5.8951]\'','\'(1.3905-1.6124]\'','\'(-inf-1.1]\'','\'(-inf-1.1]\'',5.96
'\'(-inf-34.732]\'','\'(-inf-57.1952]\'','\'(-inf-1.8]\'','\'(6.0292-7.5886]\'','\'(4.2634-4.8073]\'','\'(1.3905-1.6124]\'','\'(-inf-1.1]\'','\'(-inf-1.1]\'',6.537
'\'(34.732-69.464]\'','\'(-inf-57.1952]\'','\'(-inf-1.8]\'','\'(4.4698-6.0292]\'','\'(3.7195-4.2634]\'','\'(1.3905-1.6124]\'','\'(-inf-1.1]\'','\'(-inf-1.1]\'',7.1
'\'(104.196-138.928]\'','\'(228.7808-285.976]\'','\'(3.6-5.4]\'','\'(1.351-2.9104]\'','\'(3.7195-4.2634]\'','\'(1.1686-1.3905]\'','\'(-inf-1.1]\'','\'(-inf-1.1]\'',6.424
'\'(34.732-69.464]\'','\'(57.1952-114.3904]\'','\'(-inf-1.8]\'','\'(2.9104-4.4698]\'','\'(2.0878-2.6317]\'','\'(0.9467-1.1686]\'','\'(-inf-1.1]\'','\'(-inf-1.1]\'',4.355
'\'(-inf-34.732]\'','\'(-inf-57.1952]\'','\'(-inf-1.8]\'','\'(4.4698-6.0292]\'','\'(3.1756-3.7195]\'','\'(1.1686-1.3905]\'','\'(-inf-1.1]\'','\'(-inf-1.1]\'',5.721
'\'(-inf-34.732]\'','\'(-inf-57.1952]\'','\'(-inf-1.8]\'','\'(2.9104-4.4698]\'','\'(3.1756-3.7195]\'','\'(1.1686-1.3905]\'','\'(-inf-1.1]\'','\'(-inf-1.1]\'',5.102
'\'(-inf-34.732]\'','\'(-inf-57.1952]\'','\'(-inf-1.8]\'','\'(1.351-2.9104]\'','\'(-inf-1.5439]\'','\'(0.5029-0.7248]\'','\'(-inf-1.1]\'','\'(-inf-1.1]\'',3.718
'\'(-inf-34.732]\'','\'(-inf-57.1952]\'','\'(-inf-1.8]\'','\'(1.351-2.9104]\'','\'(-inf-1.5439]\'','\'(0.5029-0.7248]\'','\'(-inf-1.1]\'','\'(-inf-1.1]\'',3.577
'\'(34.732-69.464]\'','\'(-inf-57.1952]\'','\'(-inf-1.8]\'','\'(2.9104-4.4698]\'','\'(2.0878-2.6317]\'','\'(0.7248-0.9467]\'','\'(-inf-1.1]\'','\'(-inf-1.1]\'',6.458
'\'(-inf-34.732]\'','\'(-inf-57.1952]\'','\'(-inf-1.8]\'','\'(1.351-2.9104]\'','\'(1.5439-2.0878]\'','\'(1.6124-1.8343]\'','\'(-inf-1.1]\'','\'(-inf-1.1]\'',2.352
'\'(69.464-104.196]\'','\'(114.3904-171.5856]\'','\'(1.8-3.6]\'','\'(-0.2084-1.351]\'','\'(2.6317-3.1756]\'','\'(1.3905-1.6124]\'','\'(1.1-2.2]\'','\'(-inf-1.1]\'',2.958
'\'(104.196-138.928]\'','\'(171.5856-228.7808]\'','\'(1.8-3.6]\'','\'(4.4698-6.0292]\'','\'(4.8073-5.3512]\'','\'(0.9467-1.1686]\'','\'(3.3-4.4]\'','\'(-inf-1.1]\'',5.44
'\'(34.732-69.464]\'','\'(57.1952-114.3904]\'','\'(1.8-3.6]\'','\'(4.4698-6.0292]\'','\'(2.6317-3.1756]\'','\'(-inf-0.5029]\'','\'(-inf-1.1]\'','\'(-inf-1.1]\'',4.838
'\'(-inf-34.732]\'','\'(-inf-57.1952]\'','\'(-inf-1.8]\'','\'(4.4698-6.0292]\'','\'(2.6317-3.1756]\'','\'(0.7248-0.9467]\'','\'(-inf-1.1]\'','\'(-inf-1.1]\'',6.858
'\'(-inf-34.732]\'','\'(-inf-57.1952]\'','\'(-inf-1.8]\'','\'(2.9104-4.4698]\'','\'(2.0878-2.6317]\'','\'(1.1686-1.3905]\'','\'(-inf-1.1]\'','\'(-inf-1.1]\'',6.36
'\'(34.732-69.464]\'','\'(57.1952-114.3904]\'','\'(1.8-3.6]\'','\'(2.9104-4.4698]\'','\'(2.6317-3.1756]\'','\'(0.7248-0.9467]\'','\'(-inf-1.1]\'','\'(-inf-1.1]\'',4.301
'\'(-inf-34.732]\'','\'(-inf-57.1952]\'','\'(-inf-1.8]\'','\'(2.9104-4.4698]\'','\'(1.5439-2.0878]\'','\'(0.9467-1.1686]\'','\'(-inf-1.1]\'','\'(-inf-1.1]\'',3.772
'\'(-inf-34.732]\'','\'(-inf-57.1952]\'','\'(1.8-3.6]\'','\'(1.351-2.9104]\'','\'(1.5439-2.0878]\'','\'(0.9467-1.1686]\'','\'(-inf-1.1]\'','\'(-inf-1.1]\'',4.179
'\'(-inf-34.732]\'','\'(-inf-57.1952]\'','\'(-inf-1.8]\'','\'(1.351-2.9104]\'','\'(1.5439-2.0878]\'','\'(1.1686-1.3905]\'','\'(-inf-1.1]\'','\'(-inf-1.1]\'',3.061
'\'(-inf-34.732]\'','\'(-inf-57.1952]\'','\'(-inf-1.8]\'','\'(2.9104-4.4698]\'','\'(2.0878-2.6317]\'','\'(1.1686-1.3905]\'','\'(-inf-1.1]\'','\'(-inf-1.1]\'',4.867
'\'(-inf-34.732]\'','\'(-inf-57.1952]\'','\'(-inf-1.8]\'','\'(2.9104-4.4698]\'','\'(2.0878-2.6317]\'','\'(1.1686-1.3905]\'','\'(-inf-1.1]\'','\'(-inf-1.1]\'',5.373
'\'(-inf-34.732]\'','\'(-inf-57.1952]\'','\'(-inf-1.8]\'','\'(2.9104-4.4698]\'','\'(2.0878-2.6317]\'','\'(1.1686-1.3905]\'','\'(-inf-1.1]\'','\'(-inf-1.1]\'',3.522
'\'(-inf-34.732]\'','\'(-inf-57.1952]\'','\'(-inf-1.8]\'','\'(-1.7678--0.2084]\'','\'(-inf-1.5439]\'','\'(1.6124-1.8343]\'','\'(-inf-1.1]\'','\'(-inf-1.1]\'',0.55
'\'(-inf-34.732]\'','\'(-inf-57.1952]\'','\'(-inf-1.8]\'','\'(2.9104-4.4698]\'','\'(2.0878-2.6317]\'','\'(0.7248-0.9467]\'','\'(-inf-1.1]\'','\'(-inf-1.1]\'',4.714
'\'(34.732-69.464]\'','\'(57.1952-114.3904]\'','\'(-inf-1.8]\'','\'(-0.2084-1.351]\'','\'(-inf-1.5439]\'','\'(1.3905-1.6124]\'','\'(-inf-1.1]\'','\'(-inf-1.1]\'',3.17
'\'(34.732-69.464]\'','\'(57.1952-114.3904]\'','\'(1.8-3.6]\'','\'(-0.2084-1.351]\'','\'(1.5439-2.0878]\'','\'(1.3905-1.6124]\'','\'(-inf-1.1]\'','\'(-inf-1.1]\'',1.22
'\'(-inf-34.732]\'','\'(-inf-57.1952]\'','\'(-inf-1.8]\'','\'(1.351-2.9104]\'','\'(-inf-1.5439]\'','\'(0.7248-0.9467]\'','\'(-inf-1.1]\'','\'(-inf-1.1]\'',3.631
'\'(69.464-104.196]\'','\'(114.3904-171.5856]\'','\'(-inf-1.8]\'','\'(2.9104-4.4698]\'','\'(2.6317-3.1756]\'','\'(1.1686-1.3905]\'','\'(2.2-3.3]\'','\'(-inf-1.1]\'',3.725
'\'(104.196-138.928]\'','\'(114.3904-171.5856]\'','\'(-inf-1.8]\'','\'(1.351-2.9104]\'','\'(2.0878-2.6317]\'','\'(0.9467-1.1686]\'','\'(1.1-2.2]\'','\'(-inf-1.1]\'',6
'\'(34.732-69.464]\'','\'(-inf-57.1952]\'','\'(-inf-1.8]\'','\'(1.351-2.9104]\'','\'(2.0878-2.6317]\'','\'(1.1686-1.3905]\'','\'(-inf-1.1]\'','\'(-inf-1.1]\'',6.32
'\'(69.464-104.196]\'','\'(57.1952-114.3904]\'','\'(1.8-3.6]\'','\'(-0.2084-1.351]\'','\'(2.6317-3.1756]\'','\'(0.9467-1.1686]\'','\'(1.1-2.2]\'','\'(1.1-2.2]\'',2.201
'\'(-inf-34.732]\'','\'(-inf-57.1952]\'','\'(-inf-1.8]\'','\'(-0.2084-1.351]\'','\'(-inf-1.5439]\'','\'(1.6124-1.8343]\'','\'(-inf-1.1]\'','\'(-inf-1.1]\'',2.815
'\'(69.464-104.196]\'','\'(114.3904-171.5856]\'','\'(1.8-3.6]\'','\'(1.351-2.9104]\'','\'(3.1756-3.7195]\'','\'(1.1686-1.3905]\'','\'(1.1-2.2]\'','\'(-inf-1.1]\'',3.819
'\'(34.732-69.464]\'','\'(57.1952-114.3904]\'','\'(-inf-1.8]\'','\'(-0.2084-1.351]\'','\'(1.5439-2.0878]\'','\'(1.3905-1.6124]\'','\'(-inf-1.1]\'','\'(-inf-1.1]\'',3.16
'\'(34.732-69.464]\'','\'(-inf-57.1952]\'','\'(-inf-1.8]\'','\'(2.9104-4.4698]\'','\'(3.1756-3.7195]\'','\'(0.9467-1.1686]\'','\'(2.2-3.3]\'','\'(-inf-1.1]\'',4.72
'\'(69.464-104.196]\'','\'(114.3904-171.5856]\'','\'(1.8-3.6]\'','\'(1.351-2.9104]\'','\'(3.7195-4.2634]\'','\'(1.1686-1.3905]\'','\'(-inf-1.1]\'','\'(-inf-1.1]\'',4.333
'\'(-inf-34.732]\'','\'(-inf-57.1952]\'','\'(-inf-1.8]\'','\'(2.9104-4.4698]\'','\'(-inf-1.5439]\'','\'(1.6124-1.8343]\'','\'(-inf-1.1]\'','\'(-inf-1.1]\'',3.87
'\'(34.732-69.464]\'','\'(57.1952-114.3904]\'','\'(-inf-1.8]\'','\'(-0.2084-1.351]\'','\'(1.5439-2.0878]\'','\'(1.3905-1.6124]\'','\'(-inf-1.1]\'','\'(-inf-1.1]\'',3.358
'\'(34.732-69.464]\'','\'(57.1952-114.3904]\'','\'(-inf-1.8]\'','\'(1.351-2.9104]\'','\'(1.5439-2.0878]\'','\'(1.3905-1.6124]\'','\'(-inf-1.1]\'','\'(-inf-1.1]\'',3.08
'\'(-inf-34.732]\'','\'(-inf-57.1952]\'','\'(-inf-1.8]\'','\'(1.351-2.9104]\'','\'(1.5439-2.0878]\'','\'(1.3905-1.6124]\'','\'(-inf-1.1]\'','\'(-inf-1.1]\'',3.115
'\'(34.732-69.464]\'','\'(57.1952-114.3904]\'','\'(-inf-1.8]\'','\'(4.4698-6.0292]\'','\'(3.7195-4.2634]\'','\'(1.3905-1.6124]\'','\'(-inf-1.1]\'','\'(1.1-2.2]\'',5.749
'\'(34.732-69.464]\'','\'(57.1952-114.3904]\'','\'(-inf-1.8]\'','\'(4.4698-6.0292]\'','\'(3.7195-4.2634]\'','\'(1.3905-1.6124]\'','\'(-inf-1.1]\'','\'(1.1-2.2]\'',4.55
'\'(34.732-69.464]\'','\'(-inf-57.1952]\'','\'(-inf-1.8]\'','\'(4.4698-6.0292]\'','\'(3.1756-3.7195]\'','\'(1.3905-1.6124]\'','\'(-inf-1.1]\'','\'(-inf-1.1]\'',6.383
'\'(-inf-34.732]\'','\'(-inf-57.1952]\'','\'(-inf-1.8]\'','\'(2.9104-4.4698]\'','\'(1.5439-2.0878]\'','\'(1.6124-1.8343]\'','\'(-inf-1.1]\'','\'(-inf-1.1]\'',4.34
'\'(69.464-104.196]\'','\'(114.3904-171.5856]\'','\'(-inf-1.8]\'','\'(4.4698-6.0292]\'','\'(4.2634-4.8073]\'','\'(1.3905-1.6124]\'','\'(-inf-1.1]\'','\'(2.2-3.3]\'',4.85
'\'(-inf-34.732]\'','\'(-inf-57.1952]\'','\'(-inf-1.8]\'','\'(4.4698-6.0292]\'','\'(2.6317-3.1756]\'','\'(1.1686-1.3905]\'','\'(-inf-1.1]\'','\'(-inf-1.1]\'',6.064
'\'(-inf-34.732]\'','\'(-inf-57.1952]\'','\'(-inf-1.8]\'','\'(4.4698-6.0292]\'','\'(2.6317-3.1756]\'','\'(1.1686-1.3905]\'','\'(-inf-1.1]\'','\'(-inf-1.1]\'',6.36
'\'(34.732-69.464]\'','\'(-inf-57.1952]\'','\'(-inf-1.8]\'','\'(2.9104-4.4698]\'','\'(2.6317-3.1756]\'','\'(1.1686-1.3905]\'','\'(-inf-1.1]\'','\'(-inf-1.1]\'',6.074
'\'(-inf-34.732]\'','\'(-inf-57.1952]\'','\'(-inf-1.8]\'','\'(1.351-2.9104]\'','\'(1.5439-2.0878]\'','\'(1.3905-1.6124]\'','\'(-inf-1.1]\'','\'(-inf-1.1]\'',3.226
'\'(104.196-138.928]\'','\'(171.5856-228.7808]\'','\'(1.8-3.6]\'','\'(-0.2084-1.351]\'','\'(3.1756-3.7195]\'','\'(1.3905-1.6124]\'','\'(2.2-3.3]\'','\'(-inf-1.1]\'',2.626
'\'(34.732-69.464]\'','\'(-inf-57.1952]\'','\'(-inf-1.8]\'','\'(1.351-2.9104]\'','\'(2.0878-2.6317]\'','\'(1.1686-1.3905]\'','\'(-inf-1.1]\'','\'(-inf-1.1]\'',4.474
'\'(34.732-69.464]\'','\'(-inf-57.1952]\'','\'(-inf-1.8]\'','\'(1.351-2.9104]\'','\'(1.5439-2.0878]\'','\'(0.7248-0.9467]\'','\'(-inf-1.1]\'','\'(-inf-1.1]\'',5.429
'\'(34.732-69.464]\'','\'(-inf-57.1952]\'','\'(-inf-1.8]\'','\'(1.351-2.9104]\'','\'(2.0878-2.6317]\'','\'(0.5029-0.7248]\'','\'(-inf-1.1]\'','\'(-inf-1.1]\'',6.848
'\'(69.464-104.196]\'','\'(-inf-57.1952]\'','\'(1.8-3.6]\'','\'(-0.2084-1.351]\'','\'(1.5439-2.0878]\'','\'(0.7248-0.9467]\'','\'(1.1-2.2]\'','\'(-inf-1.1]\'',3.85
'\'(34.732-69.464]\'','\'(57.1952-114.3904]\'','\'(-inf-1.8]\'','\'(2.9104-4.4698]\'','\'(3.1756-3.7195]\'','\'(1.1686-1.3905]\'','\'(-inf-1.1]\'','\'(1.1-2.2]\'',4.878
'\'(34.732-69.464]\'','\'(57.1952-114.3904]\'','\'(-inf-1.8]\'','\'(2.9104-4.4698]\'','\'(3.1756-3.7195]\'','\'(0.9467-1.1686]\'','\'(-inf-1.1]\'','\'(1.1-2.2]\'',5.19
'\'(-inf-34.732]\'','\'(-inf-57.1952]\'','\'(-inf-1.8]\'','\'(1.351-2.9104]\'','\'(2.0878-2.6317]\'','\'(1.6124-1.8343]\'','\'(-inf-1.1]\'','\'(-inf-1.1]\'',3.7
'\'(34.732-69.464]\'','\'(-inf-57.1952]\'','\'(-inf-1.8]\'','\'(1.351-2.9104]\'','\'(3.7195-4.2634]\'','\'(1.3905-1.6124]\'','\'(-inf-1.1]\'','\'(-inf-1.1]\'',5.291
'\'(34.732-69.464]\'','\'(-inf-57.1952]\'','\'(-inf-1.8]\'','\'(2.9104-4.4698]\'','\'(2.6317-3.1756]\'','\'(1.6124-1.8343]\'','\'(-inf-1.1]\'','\'(-inf-1.1]\'',6.042
'\'(-inf-34.732]\'','\'(-inf-57.1952]\'','\'(-inf-1.8]\'','\'(2.9104-4.4698]\'','\'(2.0878-2.6317]\'','\'(0.9467-1.1686]\'','\'(-inf-1.1]\'','\'(-inf-1.1]\'',5.548
'\'(34.732-69.464]\'','\'(-inf-57.1952]\'','\'(-inf-1.8]\'','\'(1.351-2.9104]\'','\'(2.0878-2.6317]\'','\'(1.1686-1.3905]\'','\'(-inf-1.1]\'','\'(-inf-1.1]\'',4.608
'\'(104.196-138.928]\'','\'(-inf-57.1952]\'','\'(-inf-1.8]\'','\'(1.351-2.9104]\'','\'(2.6317-3.1756]\'','\'(0.7248-0.9467]\'','\'(1.1-2.2]\'','\'(-inf-1.1]\'',6.188
'\'(69.464-104.196]\'','\'(114.3904-171.5856]\'','\'(-inf-1.8]\'','\'(2.9104-4.4698]\'','\'(2.6317-3.1756]\'','\'(1.1686-1.3905]\'','\'(2.2-3.3]\'','\'(-inf-1.1]\'',6.24
'\'(-inf-34.732]\'','\'(-inf-57.1952]\'','\'(-inf-1.8]\'','\'(-0.2084-1.351]\'','\'(-inf-1.5439]\'','\'(1.6124-1.8343]\'','\'(-inf-1.1]\'','\'(-inf-1.1]\'',0.935
'\'(34.732-69.464]\'','\'(57.1952-114.3904]\'','\'(-inf-1.8]\'','\'(-0.2084-1.351]\'','\'(2.0878-2.6317]\'','\'(1.8343-2.0562]\'','\'(1.1-2.2]\'','\'(-inf-1.1]\'',3.25
'\'(34.732-69.464]\'','\'(-inf-57.1952]\'','\'(-inf-1.8]\'','\'(1.351-2.9104]\'','\'(-inf-1.5439]\'','\'(1.1686-1.3905]\'','\'(-inf-1.1]\'','\'(-inf-1.1]\'',6.102
'\'(69.464-104.196]\'','\'(-inf-57.1952]\'','\'(-inf-1.8]\'','\'(1.351-2.9104]\'','\'(2.0878-2.6317]\'','\'(0.9467-1.1686]\'','\'(-inf-1.1]\'','\'(-inf-1.1]\'',6.579
'\'(69.464-104.196]\'','\'(57.1952-114.3904]\'','\'(1.8-3.6]\'','\'(1.351-2.9104]\'','\'(2.6317-3.1756]\'','\'(0.9467-1.1686]\'','\'(2.2-3.3]\'','\'(-inf-1.1]\'',7.044
'\'(69.464-104.196]\'','\'(57.1952-114.3904]\'','\'(-inf-1.8]\'','\'(1.351-2.9104]\'','\'(2.6317-3.1756]\'','\'(1.3905-1.6124]\'','\'(2.2-3.3]\'','\'(-inf-1.1]\'',9.14
'\'(34.732-69.464]\'','\'(-inf-57.1952]\'','\'(-inf-1.8]\'','\'(1.351-2.9104]\'','\'(-inf-1.5439]\'','\'(0.7248-0.9467]\'','\'(-inf-1.1]\'','\'(-inf-1.1]\'',5.308
'\'(34.732-69.464]\'','\'(-inf-57.1952]\'','\'(1.8-3.6]\'','\'(-0.2084-1.351]\'','\'(1.5439-2.0878]\'','\'(0.9467-1.1686]\'','\'(1.1-2.2]\'','\'(-inf-1.1]\'',2.838
'\'(34.732-69.464]\'','\'(-inf-57.1952]\'','\'(1.8-3.6]\'','\'(1.351-2.9104]\'','\'(2.0878-2.6317]\'','\'(0.7248-0.9467]\'','\'(1.1-2.2]\'','\'(-inf-1.1]\'',3.351
'\'(34.732-69.464]\'','\'(57.1952-114.3904]\'','\'(1.8-3.6]\'','\'(1.351-2.9104]\'','\'(2.0878-2.6317]\'','\'(1.1686-1.3905]\'','\'(4.4-5.5]\'','\'(-inf-1.1]\'',3.331
'\'(69.464-104.196]\'','\'(114.3904-171.5856]\'','\'(1.8-3.6]\'','\'(1.351-2.9104]\'','\'(2.6317-3.1756]\'','\'(1.1686-1.3905]\'','\'(5.5-6.6]\'','\'(-inf-1.1]\'',6.447
'\'(-inf-34.732]\'','\'(-inf-57.1952]\'','\'(-inf-1.8]\'','\'(-0.2084-1.351]\'','\'(-inf-1.5439]\'','\'(1.8343-2.0562]\'','\'(-inf-1.1]\'','\'(-inf-1.1]\'',0.59
'\'(104.196-138.928]\'','\'(171.5856-228.7808]\'','\'(-inf-1.8]\'','\'(2.9104-4.4698]\'','\'(3.7195-4.2634]\'','\'(0.9467-1.1686]\'','\'(-inf-1.1]\'','\'(1.1-2.2]\'',5.03
'\'(-inf-34.732]\'','\'(-inf-57.1952]\'','\'(-inf-1.8]\'','\'(-0.2084-1.351]\'','\'(1.5439-2.0878]\'','\'(1.6124-1.8343]\'','\'(-inf-1.1]\'','\'(-inf-1.1]\'',2.827
'\'(34.732-69.464]\'','\'(57.1952-114.3904]\'','\'(-inf-1.8]\'','\'(-0.2084-1.351]\'','\'(2.0878-2.6317]\'','\'(1.6124-1.8343]\'','\'(-inf-1.1]\'','\'(1.1-2.2]\'',2.899
'\'(104.196-138.928]\'','\'(57.1952-114.3904]\'','\'(-inf-1.8]\'','\'(-0.2084-1.351]\'','\'(2.6317-3.1756]\'','\'(0.9467-1.1686]\'','\'(-inf-1.1]\'','\'(1.1-2.2]\'',8.349
'\'(34.732-69.464]\'','\'(57.1952-114.3904]\'','\'(-inf-1.8]\'','\'(1.351-2.9104]\'','\'(2.6317-3.1756]\'','\'(1.1686-1.3905]\'','\'(-inf-1.1]\'','\'(1.1-2.2]\'',3.603
'\'(34.732-69.464]\'','\'(57.1952-114.3904]\'','\'(-inf-1.8]\'','\'(-0.2084-1.351]\'','\'(2.0878-2.6317]\'','\'(1.3905-1.6124]\'','\'(-inf-1.1]\'','\'(-inf-1.1]\'',2.668
'\'(-inf-34.732]\'','\'(-inf-57.1952]\'','\'(-inf-1.8]\'','\'(-0.2084-1.351]\'','\'(-inf-1.5439]\'','\'(1.8343-2.0562]\'','\'(-inf-1.1]\'','\'(-inf-1.1]\'',1.73
'\'(69.464-104.196]\'','\'(57.1952-114.3904]\'','\'(-inf-1.8]\'','\'(1.351-2.9104]\'','\'(2.6317-3.1756]\'','\'(1.6124-1.8343]\'','\'(-inf-1.1]\'','\'(-inf-1.1]\'',9.141
'\'(104.196-138.928]\'','\'(-inf-57.1952]\'','\'(-inf-1.8]\'','\'(2.9104-4.4698]\'','\'(2.6317-3.1756]\'','\'(0.7248-0.9467]\'','\'(-inf-1.1]\'','\'(-inf-1.1]\'',6.442
'\'(69.464-104.196]\'','\'(-inf-57.1952]\'','\'(-inf-1.8]\'','\'(1.351-2.9104]\'','\'(2.6317-3.1756]\'','\'(1.3905-1.6124]\'','\'(1.1-2.2]\'','\'(-inf-1.1]\'',8.564
'\'(104.196-138.928]\'','\'(57.1952-114.3904]\'','\'(-inf-1.8]\'','\'(1.351-2.9104]\'','\'(2.6317-3.1756]\'','\'(1.1686-1.3905]\'','\'(-inf-1.1]\'','\'(-inf-1.1]\'',8.15
'\'(69.464-104.196]\'','\'(-inf-57.1952]\'','\'(-inf-1.8]\'','\'(2.9104-4.4698]\'','\'(2.6317-3.1756]\'','\'(1.1686-1.3905]\'','\'(-inf-1.1]\'','\'(-inf-1.1]\'',8.849
'\'(104.196-138.928]\'','\'(-inf-57.1952]\'','\'(-inf-1.8]\'','\'(1.351-2.9104]\'','\'(2.0878-2.6317]\'','\'(0.9467-1.1686]\'','\'(-inf-1.1]\'','\'(-inf-1.1]\'',8.207
'\'(34.732-69.464]\'','\'(57.1952-114.3904]\'','\'(-inf-1.8]\'','\'(1.351-2.9104]\'','\'(2.6317-3.1756]\'','\'(1.1686-1.3905]\'','\'(-inf-1.1]\'','\'(1.1-2.2]\'',3.072
'\'(-inf-34.732]\'','\'(-inf-57.1952]\'','\'(-inf-1.8]\'','\'(1.351-2.9104]\'','\'(2.6317-3.1756]\'','\'(1.1686-1.3905]\'','\'(-inf-1.1]\'','\'(-inf-1.1]\'',5.036
'\'(69.464-104.196]\'','\'(-inf-57.1952]\'','\'(-inf-1.8]\'','\'(1.351-2.9104]\'','\'(2.0878-2.6317]\'','\'(0.7248-0.9467]\'','\'(-inf-1.1]\'','\'(-inf-1.1]\'',7.483
'\'(34.732-69.464]\'','\'(-inf-57.1952]\'','\'(-inf-1.8]\'','\'(-0.2084-1.351]\'','\'(-inf-1.5439]\'','\'(1.1686-1.3905]\'','\'(-inf-1.1]\'','\'(-inf-1.1]\'',5.562
'\'(34.732-69.464]\'','\'(-inf-57.1952]\'','\'(-inf-1.8]\'','\'(1.351-2.9104]\'','\'(2.0878-2.6317]\'','\'(0.9467-1.1686]\'','\'(-inf-1.1]\'','\'(-inf-1.1]\'',4.437
'\'(104.196-138.928]\'','\'(-inf-57.1952]\'','\'(-inf-1.8]\'','\'(-0.2084-1.351]\'','\'(2.0878-2.6317]\'','\'(0.9467-1.1686]\'','\'(-inf-1.1]\'','\'(-inf-1.1]\'',7.128
'\'(173.66-208.392]\'','\'(285.976-343.1712]\'','\'(3.6-5.4]\'','\'(-0.2084-1.351]\'','\'(4.2634-4.8073]\'','\'(1.3905-1.6124]\'','\'(-inf-1.1]\'','\'(-inf-1.1]\'',3.277
'\'(173.66-208.392]\'','\'(285.976-343.1712]\'','\'(3.6-5.4]\'','\'(-0.2084-1.351]\'','\'(4.2634-4.8073]\'','\'(1.3905-1.6124]\'','\'(1.1-2.2]\'','\'(-inf-1.1]\'',3.795
'\'(173.66-208.392]\'','\'(285.976-343.1712]\'','\'(3.6-5.4]\'','\'(-0.2084-1.351]\'','\'(4.2634-4.8073]\'','\'(1.3905-1.6124]\'','\'(-inf-1.1]\'','\'(-inf-1.1]\'',4.602
'\'(34.732-69.464]\'','\'(57.1952-114.3904]\'','\'(-inf-1.8]\'','\'(4.4698-6.0292]\'','\'(3.1756-3.7195]\'','\'(0.9467-1.1686]\'','\'(1.1-2.2]\'','\'(1.1-2.2]\'',4.307
'\'(-inf-34.732]\'','\'(-inf-57.1952]\'','\'(1.8-3.6]\'','\'(1.351-2.9104]\'','\'(1.5439-2.0878]\'','\'(0.9467-1.1686]\'','\'(-inf-1.1]\'','\'(-inf-1.1]\'',6.13
'\'(-inf-34.732]\'','\'(-inf-57.1952]\'','\'(-inf-1.8]\'','\'(1.351-2.9104]\'','\'(1.5439-2.0878]\'','\'(1.1686-1.3905]\'','\'(-inf-1.1]\'','\'(-inf-1.1]\'',3.481
'\'(69.464-104.196]\'','\'(57.1952-114.3904]\'','\'(3.6-5.4]\'','\'(2.9104-4.4698]\'','\'(2.6317-3.1756]\'','\'(0.7248-0.9467]\'','\'(3.3-4.4]\'','\'(-inf-1.1]\'',4.632
'\'(69.464-104.196]\'','\'(114.3904-171.5856]\'','\'(1.8-3.6]\'','\'(1.351-2.9104]\'','\'(3.1756-3.7195]\'','\'(1.1686-1.3905]\'','\'(2.2-3.3]\'','\'(-inf-1.1]\'',3.432
'\'(-inf-34.732]\'','\'(-inf-57.1952]\'','\'(-inf-1.8]\'','\'(-0.2084-1.351]\'','\'(1.5439-2.0878]\'','\'(2.0562-2.2781]\'','\'(1.1-2.2]\'','\'(-inf-1.1]\'',1.601
'\'(34.732-69.464]\'','\'(57.1952-114.3904]\'','\'(-inf-1.8]\'','\'(1.351-2.9104]\'','\'(2.6317-3.1756]\'','\'(1.6124-1.8343]\'','\'(3.3-4.4]\'','\'(-inf-1.1]\'',7.037
'\'(34.732-69.464]\'','\'(-inf-57.1952]\'','\'(-inf-1.8]\'','\'(-0.2084-1.351]\'','\'(1.5439-2.0878]\'','\'(1.1686-1.3905]\'','\'(1.1-2.2]\'','\'(-inf-1.1]\'',2.232
'\'(34.732-69.464]\'','\'(-inf-57.1952]\'','\'(1.8-3.6]\'','\'(-1.7678--0.2084]\'','\'(-inf-1.5439]\'','\'(0.7248-0.9467]\'','\'(1.1-2.2]\'','\'(-inf-1.1]\'',3.392
'\'(69.464-104.196]\'','\'(-inf-57.1952]\'','\'(-inf-1.8]\'','\'(-0.2084-1.351]\'','\'(1.5439-2.0878]\'','\'(0.7248-0.9467]\'','\'(1.1-2.2]\'','\'(-inf-1.1]\'',4.858
'\'(104.196-138.928]\'','\'(-inf-57.1952]\'','\'(-inf-1.8]\'','\'(-0.2084-1.351]\'','\'(2.0878-2.6317]\'','\'(0.5029-0.7248]\'','\'(1.1-2.2]\'','\'(-inf-1.1]\'',6.059
'\'(138.928-173.66]\'','\'(114.3904-171.5856]\'','\'(3.6-5.4]\'','\'(-1.7678--0.2084]\'','\'(2.0878-2.6317]\'','\'(0.7248-0.9467]\'','\'(2.2-3.3]\'','\'(-inf-1.1]\'',7.378
'\'(34.732-69.464]\'','\'(-inf-57.1952]\'','\'(-inf-1.8]\'','\'(1.351-2.9104]\'','\'(1.5439-2.0878]\'','\'(2.0562-2.2781]\'','\'(2.2-3.3]\'','\'(-inf-1.1]\'',1.43
'\'(173.66-208.392]\'','\'(285.976-343.1712]\'','\'(5.4-7.2]\'','\'(-1.7678--0.2084]\'','\'(3.1756-3.7195]\'','\'(0.7248-0.9467]\'','\'(1.1-2.2]\'','\'(-inf-1.1]\'',3.573
'\'(173.66-208.392]\'','\'(285.976-343.1712]\'','\'(5.4-7.2]\'','\'(-1.7678--0.2084]\'','\'(3.1756-3.7195]\'','\'(0.7248-0.9467]\'','\'(1.1-2.2]\'','\'(-inf-1.1]\'',6.43
'\'(-inf-34.732]\'','\'(-inf-57.1952]\'','\'(-inf-1.8]\'','\'(1.351-2.9104]\'','\'(1.5439-2.0878]\'','\'(1.1686-1.3905]\'','\'(-inf-1.1]\'','\'(-inf-1.1]\'',4.385
'\'(34.732-69.464]\'','\'(-inf-57.1952]\'','\'(1.8-3.6]\'','\'(1.351-2.9104]\'','\'(2.0878-2.6317]\'','\'(0.7248-0.9467]\'','\'(1.1-2.2]\'','\'(-inf-1.1]\'',3.298
'\'(104.196-138.928]\'','\'(57.1952-114.3904]\'','\'(1.8-3.6]\'','\'(-0.2084-1.351]\'','\'(3.1756-3.7195]\'','\'(1.1686-1.3905]\'','\'(3.3-4.4]\'','\'(-inf-1.1]\'',2.685
'\'(-inf-34.732]\'','\'(-inf-57.1952]\'','\'(-inf-1.8]\'','\'(-0.2084-1.351]\'','\'(2.0878-2.6317]\'','\'(1.1686-1.3905]\'','\'(1.1-2.2]\'','\'(-inf-1.1]\'',4.733
'\'(69.464-104.196]\'','\'(114.3904-171.5856]\'','\'(-inf-1.8]\'','\'(-0.2084-1.351]\'','\'(3.1756-3.7195]\'','\'(1.1686-1.3905]\'','\'(2.2-3.3]\'','\'(-inf-1.1]\'',3.674
'\'(34.732-69.464]\'','\'(-inf-57.1952]\'','\'(-inf-1.8]\'','\'(-0.2084-1.351]\'','\'(1.5439-2.0878]\'','\'(0.7248-0.9467]\'','\'(1.1-2.2]\'','\'(-inf-1.1]\'',5.47
'\'(69.464-104.196]\'','\'(57.1952-114.3904]\'','\'(-inf-1.8]\'','\'(-0.2084-1.351]\'','\'(2.0878-2.6317]\'','\'(2.0562-2.2781]\'','\'(-inf-1.1]\'','\'(-inf-1.1]\'',5.76
'\'(104.196-138.928]\'','\'(-inf-57.1952]\'','\'(-inf-1.8]\'','\'(-1.7678--0.2084]\'','\'(2.0878-2.6317]\'','\'(0.9467-1.1686]\'','\'(-inf-1.1]\'','\'(-inf-1.1]\'',5.13
'\'(69.464-104.196]\'','\'(57.1952-114.3904]\'','\'(-inf-1.8]\'','\'(-1.7678--0.2084]\'','\'(2.0878-2.6317]\'','\'(1.1686-1.3905]\'','\'(2.2-3.3]\'','\'(1.1-2.2]\'',5.12
'\'(69.464-104.196]\'','\'(114.3904-171.5856]\'','\'(-inf-1.8]\'','\'(-0.2084-1.351]\'','\'(2.0878-2.6317]\'','\'(1.6124-1.8343]\'','\'(1.1-2.2]\'','\'(-inf-1.1]\'',5.9
'\'(69.464-104.196]\'','\'(57.1952-114.3904]\'','\'(-inf-1.8]\'','\'(-0.2084-1.351]\'','\'(2.0878-2.6317]\'','\'(1.1686-1.3905]\'','\'(1.1-2.2]\'','\'(-inf-1.1]\'',5.551
'\'(34.732-69.464]\'','\'(57.1952-114.3904]\'','\'(-inf-1.8]\'','\'(1.351-2.9104]\'','\'(2.6317-3.1756]\'','\'(1.1686-1.3905]\'','\'(-inf-1.1]\'','\'(-inf-1.1]\'',6.52
'\'(34.732-69.464]\'','\'(57.1952-114.3904]\'','\'(-inf-1.8]\'','\'(-0.2084-1.351]\'','\'(2.6317-3.1756]\'','\'(1.1686-1.3905]\'','\'(-inf-1.1]\'','\'(-inf-1.1]\'',6.883
'\'(34.732-69.464]\'','\'(-inf-57.1952]\'','\'(-inf-1.8]\'','\'(1.351-2.9104]\'','\'(2.6317-3.1756]\'','\'(0.9467-1.1686]\'','\'(-inf-1.1]\'','\'(-inf-1.1]\'',5.942
'\'(69.464-104.196]\'','\'(-inf-57.1952]\'','\'(1.8-3.6]\'','\'(-1.7678--0.2084]\'','\'(-inf-1.5439]\'','\'(0.5029-0.7248]\'','\'(1.1-2.2]\'','\'(-inf-1.1]\'',3.979
'\'(34.732-69.464]\'','\'(-inf-57.1952]\'','\'(-inf-1.8]\'','\'(-0.2084-1.351]\'','\'(1.5439-2.0878]\'','\'(0.9467-1.1686]\'','\'(1.1-2.2]\'','\'(-inf-1.1]\'',2.188
'\'(69.464-104.196]\'','\'(57.1952-114.3904]\'','\'(1.8-3.6]\'','\'(-0.2084-1.351]\'','\'(2.6317-3.1756]\'','\'(1.1686-1.3905]\'','\'(2.2-3.3]\'','\'(-inf-1.1]\'',3.008
'\'(-inf-34.732]\'','\'(-inf-57.1952]\'','\'(-inf-1.8]\'','\'(1.351-2.9104]\'','\'(1.5439-2.0878]\'','\'(0.9467-1.1686]\'','\'(-inf-1.1]\'','\'(-inf-1.1]\'',5.79
'\'(-inf-34.732]\'','\'(-inf-57.1952]\'','\'(-inf-1.8]\'','\'(-1.7678--0.2084]\'','\'(-inf-1.5439]\'','\'(2.2781-inf)\'','\'(-inf-1.1]\'','\'(-inf-1.1]\'',0.989
'\'(69.464-104.196]\'','\'(114.3904-171.5856]\'','\'(-inf-1.8]\'','\'(2.9104-4.4698]\'','\'(3.7195-4.2634]\'','\'(1.1686-1.3905]\'','\'(1.1-2.2]\'','\'(-inf-1.1]\'',5.742
'\'(34.732-69.464]\'','\'(57.1952-114.3904]\'','\'(-inf-1.8]\'','\'(2.9104-4.4698]\'','\'(3.7195-4.2634]\'','\'(0.9467-1.1686]\'','\'(2.2-3.3]\'','\'(-inf-1.1]\'',6.756
'\'(138.928-173.66]\'','\'(114.3904-171.5856]\'','\'(3.6-5.4]\'','\'(-0.2084-1.351]\'','\'(3.1756-3.7195]\'','\'(0.7248-0.9467]\'','\'(3.3-4.4]\'','\'(-inf-1.1]\'',4.33
'\'(69.464-104.196]\'','\'(57.1952-114.3904]\'','\'(1.8-3.6]\'','\'(1.351-2.9104]\'','\'(3.1756-3.7195]\'','\'(0.9467-1.1686]\'','\'(1.1-2.2]\'','\'(-inf-1.1]\'',4.652
'\'(34.732-69.464]\'','\'(57.1952-114.3904]\'','\'(-inf-1.8]\'','\'(1.351-2.9104]\'','\'(2.0878-2.6317]\'','\'(1.1686-1.3905]\'','\'(-inf-1.1]\'','\'(1.1-2.2]\'',3.77
'\'(34.732-69.464]\'','\'(-inf-57.1952]\'','\'(-inf-1.8]\'','\'(2.9104-4.4698]\'','\'(3.1756-3.7195]\'','\'(1.3905-1.6124]\'','\'(-inf-1.1]\'','\'(-inf-1.1]\'',5.475
'\'(34.732-69.464]\'','\'(57.1952-114.3904]\'','\'(-inf-1.8]\'','\'(1.351-2.9104]\'','\'(2.6317-3.1756]\'','\'(1.3905-1.6124]\'','\'(-inf-1.1]\'','\'(1.1-2.2]\'',3.536
'\'(-inf-34.732]\'','\'(-inf-57.1952]\'','\'(-inf-1.8]\'','\'(2.9104-4.4698]\'','\'(2.6317-3.1756]\'','\'(1.1686-1.3905]\'','\'(-inf-1.1]\'','\'(-inf-1.1]\'',4.339
'\'(-inf-34.732]\'','\'(-inf-57.1952]\'','\'(-inf-1.8]\'','\'(-0.2084-1.351]\'','\'(1.5439-2.0878]\'','\'(1.8343-2.0562]\'','\'(-inf-1.1]\'','\'(-inf-1.1]\'',0.59
'\'(34.732-69.464]\'','\'(-inf-57.1952]\'','\'(-inf-1.8]\'','\'(-0.2084-1.351]\'','\'(1.5439-2.0878]\'','\'(1.8343-2.0562]\'','\'(-inf-1.1]\'','\'(-inf-1.1]\'',2.511
'\'(34.732-69.464]\'','\'(57.1952-114.3904]\'','\'(-inf-1.8]\'','\'(-0.2084-1.351]\'','\'(2.0878-2.6317]\'','\'(1.8343-2.0562]\'','\'(-inf-1.1]\'','\'(-inf-1.1]\'',1.888
'\'(34.732-69.464]\'','\'(57.1952-114.3904]\'','\'(-inf-1.8]\'','\'(-0.2084-1.351]\'','\'(1.5439-2.0878]\'','\'(1.3905-1.6124]\'','\'(-inf-1.1]\'','\'(-inf-1.1]\'',7.699
'\'(69.464-104.196]\'','\'(57.1952-114.3904]\'','\'(-inf-1.8]\'','\'(-1.7678--0.2084]\'','\'(1.5439-2.0878]\'','\'(1.3905-1.6124]\'','\'(-inf-1.1]\'','\'(-inf-1.1]\'',4.107
'\'(69.464-104.196]\'','\'(-inf-57.1952]\'','\'(1.8-3.6]\'','\'(-1.7678--0.2084]\'','\'(1.5439-2.0878]\'','\'(1.1686-1.3905]\'','\'(-inf-1.1]\'','\'(-inf-1.1]\'',6.618
'\'(104.196-138.928]\'','\'(57.1952-114.3904]\'','\'(-inf-1.8]\'','\'(1.351-2.9104]\'','\'(2.6317-3.1756]\'','\'(1.1686-1.3905]\'','\'(-inf-1.1]\'','\'(-inf-1.1]\'',7.671
'\'(104.196-138.928]\'','\'(57.1952-114.3904]\'','\'(-inf-1.8]\'','\'(1.351-2.9104]\'','\'(2.6317-3.1756]\'','\'(1.1686-1.3905]\'','\'(-inf-1.1]\'','\'(-inf-1.1]\'',7.341
'\'(104.196-138.928]\'','\'(57.1952-114.3904]\'','\'(-inf-1.8]\'','\'(-0.2084-1.351]\'','\'(2.6317-3.1756]\'','\'(0.7248-0.9467]\'','\'(2.2-3.3]\'','\'(-inf-1.1]\'',7.858
'\'(-inf-34.732]\'','\'(-inf-57.1952]\'','\'(-inf-1.8]\'','\'(2.9104-4.4698]\'','\'(2.0878-2.6317]\'','\'(0.5029-0.7248]\'','\'(-inf-1.1]\'','\'(-inf-1.1]\'',7.012
'\'(-inf-34.732]\'','\'(-inf-57.1952]\'','\'(-inf-1.8]\'','\'(2.9104-4.4698]\'','\'(2.0878-2.6317]\'','\'(0.5029-0.7248]\'','\'(-inf-1.1]\'','\'(-inf-1.1]\'',6.176
'\'(-inf-34.732]\'','\'(-inf-57.1952]\'','\'(-inf-1.8]\'','\'(1.351-2.9104]\'','\'(2.0878-2.6317]\'','\'(0.5029-0.7248]\'','\'(-inf-1.1]\'','\'(-inf-1.1]\'',5.527
'\'(69.464-104.196]\'','\'(57.1952-114.3904]\'','\'(-inf-1.8]\'','\'(2.9104-4.4698]\'','\'(2.6317-3.1756]\'','\'(1.1686-1.3905]\'','\'(1.1-2.2]\'','\'(-inf-1.1]\'',5.636
'\'(-inf-34.732]\'','\'(-inf-57.1952]\'','\'(-inf-1.8]\'','\'(1.351-2.9104]\'','\'(2.0878-2.6317]\'','\'(0.5029-0.7248]\'','\'(-inf-1.1]\'','\'(-inf-1.1]\'',5.372
'\'(34.732-69.464]\'','\'(-inf-57.1952]\'','\'(1.8-3.6]\'','\'(-0.2084-1.351]\'','\'(1.5439-2.0878]\'','\'(0.9467-1.1686]\'','\'(-inf-1.1]\'','\'(-inf-1.1]\'',5.571
'\'(34.732-69.464]\'','\'(57.1952-114.3904]\'','\'(-inf-1.8]\'','\'(1.351-2.9104]\'','\'(2.0878-2.6317]\'','\'(1.1686-1.3905]\'','\'(1.1-2.2]\'','\'(-inf-1.1]\'',3.155
'\'(69.464-104.196]\'','\'(57.1952-114.3904]\'','\'(-inf-1.8]\'','\'(-0.2084-1.351]\'','\'(3.1756-3.7195]\'','\'(0.9467-1.1686]\'','\'(2.2-3.3]\'','\'(-inf-1.1]\'',3.594
'\'(34.732-69.464]\'','\'(-inf-57.1952]\'','\'(1.8-3.6]\'','\'(-0.2084-1.351]\'','\'(1.5439-2.0878]\'','\'(0.9467-1.1686]\'','\'(-inf-1.1]\'','\'(-inf-1.1]\'',5.642
'\'(-inf-34.732]\'','\'(-inf-57.1952]\'','\'(-inf-1.8]\'','\'(-0.2084-1.351]\'','\'(1.5439-2.0878]\'','\'(0.9467-1.1686]\'','\'(-inf-1.1]\'','\'(-inf-1.1]\'',3.48
'\'(-inf-34.732]\'','\'(-inf-57.1952]\'','\'(-inf-1.8]\'','\'(1.351-2.9104]\'','\'(1.5439-2.0878]\'','\'(0.9467-1.1686]\'','\'(-inf-1.1]\'','\'(-inf-1.1]\'',3.432
'\'(34.732-69.464]\'','\'(-inf-57.1952]\'','\'(1.8-3.6]\'','\'(-0.2084-1.351]\'','\'(1.5439-2.0878]\'','\'(0.9467-1.1686]\'','\'(-inf-1.1]\'','\'(-inf-1.1]\'',4.011
'\'(-inf-34.732]\'','\'(-inf-57.1952]\'','\'(-inf-1.8]\'','\'(-0.2084-1.351]\'','\'(1.5439-2.0878]\'','\'(0.9467-1.1686]\'','\'(-inf-1.1]\'','\'(-inf-1.1]\'',3.68
'\'(69.464-104.196]\'','\'(57.1952-114.3904]\'','\'(1.8-3.6]\'','\'(1.351-2.9104]\'','\'(4.2634-4.8073]\'','\'(0.9467-1.1686]\'','\'(1.1-2.2]\'','\'(-inf-1.1]\'',5.132
'\'(69.464-104.196]\'','\'(-inf-57.1952]\'','\'(-inf-1.8]\'','\'(1.351-2.9104]\'','\'(2.6317-3.1756]\'','\'(1.1686-1.3905]\'','\'(-inf-1.1]\'','\'(-inf-1.1]\'',6.79
'\'(69.464-104.196]\'','\'(57.1952-114.3904]\'','\'(1.8-3.6]\'','\'(2.9104-4.4698]\'','\'(2.6317-3.1756]\'','\'(0.9467-1.1686]\'','\'(4.4-5.5]\'','\'(-inf-1.1]\'',4.485
'\'(69.464-104.196]\'','\'(57.1952-114.3904]\'','\'(1.8-3.6]\'','\'(1.351-2.9104]\'','\'(2.0878-2.6317]\'','\'(0.9467-1.1686]\'','\'(4.4-5.5]\'','\'(-inf-1.1]\'',4.288
'\'(-inf-34.732]\'','\'(-inf-57.1952]\'','\'(-inf-1.8]\'','\'(2.9104-4.4698]\'','\'(1.5439-2.0878]\'','\'(0.9467-1.1686]\'','\'(-inf-1.1]\'','\'(-inf-1.1]\'',5.45
'\'(-inf-34.732]\'','\'(-inf-57.1952]\'','\'(-inf-1.8]\'','\'(2.9104-4.4698]\'','\'(1.5439-2.0878]\'','\'(0.9467-1.1686]\'','\'(-inf-1.1]\'','\'(-inf-1.1]\'',4.53
'\'(-inf-34.732]\'','\'(-inf-57.1952]\'','\'(-inf-1.8]\'','\'(1.351-2.9104]\'','\'(1.5439-2.0878]\'','\'(0.9467-1.1686]\'','\'(-inf-1.1]\'','\'(-inf-1.1]\'',4.765
'\'(-inf-34.732]\'','\'(-inf-57.1952]\'','\'(-inf-1.8]\'','\'(2.9104-4.4698]\'','\'(1.5439-2.0878]\'','\'(0.9467-1.1686]\'','\'(-inf-1.1]\'','\'(-inf-1.1]\'',3.524
'\'(69.464-104.196]\'','\'(114.3904-171.5856]\'','\'(1.8-3.6]\'','\'(1.351-2.9104]\'','\'(2.6317-3.1756]\'','\'(0.7248-0.9467]\'','\'(-inf-1.1]\'','\'(-inf-1.1]\'',4.14
'\'(-inf-34.732]\'','\'(-inf-57.1952]\'','\'(-inf-1.8]\'','\'(2.9104-4.4698]\'','\'(2.0878-2.6317]\'','\'(0.9467-1.1686]\'','\'(-inf-1.1]\'','\'(-inf-1.1]\'',4.317
'\'(-inf-34.732]\'','\'(-inf-57.1952]\'','\'(-inf-1.8]\'','\'(2.9104-4.4698]\'','\'(1.5439-2.0878]\'','\'(0.7248-0.9467]\'','\'(-inf-1.1]\'','\'(-inf-1.1]\'',4.933
'\'(-inf-34.732]\'','\'(-inf-57.1952]\'','\'(-inf-1.8]\'','\'(1.351-2.9104]\'','\'(1.5439-2.0878]\'','\'(0.9467-1.1686]\'','\'(-inf-1.1]\'','\'(-inf-1.1]\'',3.71
'\'(-inf-34.732]\'','\'(-inf-57.1952]\'','\'(-inf-1.8]\'','\'(1.351-2.9104]\'','\'(2.0878-2.6317]\'','\'(0.9467-1.1686]\'','\'(-inf-1.1]\'','\'(-inf-1.1]\'',3.618
'\'(-inf-34.732]\'','\'(-inf-57.1952]\'','\'(-inf-1.8]\'','\'(2.9104-4.4698]\'','\'(2.0878-2.6317]\'','\'(0.7248-0.9467]\'','\'(-inf-1.1]\'','\'(-inf-1.1]\'',4.98
'\'(-inf-34.732]\'','\'(-inf-57.1952]\'','\'(-inf-1.8]\'','\'(2.9104-4.4698]\'','\'(2.0878-2.6317]\'','\'(0.5029-0.7248]\'','\'(-inf-1.1]\'','\'(-inf-1.1]\'',4.025
'\'(-inf-34.732]\'','\'(-inf-57.1952]\'','\'(-inf-1.8]\'','\'(2.9104-4.4698]\'','\'(1.5439-2.0878]\'','\'(0.9467-1.1686]\'','\'(-inf-1.1]\'','\'(-inf-1.1]\'',3.653
'\'(-inf-34.732]\'','\'(-inf-57.1952]\'','\'(1.8-3.6]\'','\'(1.351-2.9104]\'','\'(1.5439-2.0878]\'','\'(0.7248-0.9467]\'','\'(-inf-1.1]\'','\'(-inf-1.1]\'',5.168
'\'(-inf-34.732]\'','\'(-inf-57.1952]\'','\'(-inf-1.8]\'','\'(1.351-2.9104]\'','\'(1.5439-2.0878]\'','\'(0.9467-1.1686]\'','\'(-inf-1.1]\'','\'(-inf-1.1]\'',3.76
'\'(34.732-69.464]\'','\'(-inf-57.1952]\'','\'(-inf-1.8]\'','\'(1.351-2.9104]\'','\'(2.0878-2.6317]\'','\'(0.7248-0.9467]\'','\'(-inf-1.1]\'','\'(-inf-1.1]\'',4.04
'\'(-inf-34.732]\'','\'(-inf-57.1952]\'','\'(-inf-1.8]\'','\'(2.9104-4.4698]\'','\'(2.0878-2.6317]\'','\'(0.7248-0.9467]\'','\'(-inf-1.1]\'','\'(-inf-1.1]\'',5.001
'\'(-inf-34.732]\'','\'(-inf-57.1952]\'','\'(-inf-1.8]\'','\'(2.9104-4.4698]\'','\'(1.5439-2.0878]\'','\'(0.9467-1.1686]\'','\'(-inf-1.1]\'','\'(-inf-1.1]\'',3.791
'\'(-inf-34.732]\'','\'(-inf-57.1952]\'','\'(-inf-1.8]\'','\'(1.351-2.9104]\'','\'(1.5439-2.0878]\'','\'(0.9467-1.1686]\'','\'(-inf-1.1]\'','\'(-inf-1.1]\'',3.863
'\'(69.464-104.196]\'','\'(114.3904-171.5856]\'','\'(1.8-3.6]\'','\'(-0.2084-1.351]\'','\'(2.6317-3.1756]\'','\'(1.1686-1.3905]\'','\'(1.1-2.2]\'','\'(-inf-1.1]\'',2.359
'\'(-inf-34.732]\'','\'(-inf-57.1952]\'','\'(-inf-1.8]\'','\'(2.9104-4.4698]\'','\'(2.0878-2.6317]\'','\'(0.5029-0.7248]\'','\'(-inf-1.1]\'','\'(-inf-1.1]\'',4.756
'\'(-inf-34.732]\'','\'(-inf-57.1952]\'','\'(-inf-1.8]\'','\'(1.351-2.9104]\'','\'(-inf-1.5439]\'','\'(1.3905-1.6124]\'','\'(-inf-1.1]\'','\'(-inf-1.1]\'',4.002
'\'(-inf-34.732]\'','\'(-inf-57.1952]\'','\'(-inf-1.8]\'','\'(1.351-2.9104]\'','\'(-inf-1.5439]\'','\'(0.5029-0.7248]\'','\'(-inf-1.1]\'','\'(-inf-1.1]\'',3.28
'\'(34.732-69.464]\'','\'(-inf-57.1952]\'','\'(-inf-1.8]\'','\'(4.4698-6.0292]\'','\'(3.7195-4.2634]\'','\'(0.7248-0.9467]\'','\'(-inf-1.1]\'','\'(-inf-1.1]\'',8.067
'\'(-inf-34.732]\'','\'(-inf-57.1952]\'','\'(-inf-1.8]\'','\'(1.351-2.9104]\'','\'(-inf-1.5439]\'','\'(0.9467-1.1686]\'','\'(-inf-1.1]\'','\'(-inf-1.1]\'',2.576
'\'(-inf-34.732]\'','\'(-inf-57.1952]\'','\'(-inf-1.8]\'','\'(2.9104-4.4698]\'','\'(1.5439-2.0878]\'','\'(1.8343-2.0562]\'','\'(-inf-1.1]\'','\'(-inf-1.1]\'',4.927
'\'(-inf-34.732]\'','\'(-inf-57.1952]\'','\'(-inf-1.8]\'','\'(2.9104-4.4698]\'','\'(-inf-1.5439]\'','\'(0.5029-0.7248]\'','\'(-inf-1.1]\'','\'(-inf-1.1]\'',4.186
'\'(-inf-34.732]\'','\'(-inf-57.1952]\'','\'(-inf-1.8]\'','\'(1.351-2.9104]\'','\'(-inf-1.5439]\'','\'(0.5029-0.7248]\'','\'(-inf-1.1]\'','\'(-inf-1.1]\'',3.46
'\'(-inf-34.732]\'','\'(-inf-57.1952]\'','\'(-inf-1.8]\'','\'(1.351-2.9104]\'','\'(-inf-1.5439]\'','\'(0.7248-0.9467]\'','\'(-inf-1.1]\'','\'(-inf-1.1]\'',3.954
'\'(-inf-34.732]\'','\'(-inf-57.1952]\'','\'(-inf-1.8]\'','\'(6.0292-7.5886]\'','\'(2.6317-3.1756]\'','\'(0.5029-0.7248]\'','\'(-inf-1.1]\'','\'(-inf-1.1]\'',8.271
'\'(-inf-34.732]\'','\'(-inf-57.1952]\'','\'(-inf-1.8]\'','\'(1.351-2.9104]\'','\'(-inf-1.5439]\'','\'(2.2781-inf)\'','\'(-inf-1.1]\'','\'(-inf-1.1]\'',3.643
'\'(-inf-34.732]\'','\'(-inf-57.1952]\'','\'(-inf-1.8]\'','\'(1.351-2.9104]\'','\'(-inf-1.5439]\'','\'(-inf-0.5029]\'','\'(-inf-1.1]\'','\'(-inf-1.1]\'',3.254
'\'(-inf-34.732]\'','\'(-inf-57.1952]\'','\'(-inf-1.8]\'','\'(2.9104-4.4698]\'','\'(1.5439-2.0878]\'','\'(0.9467-1.1686]\'','\'(-inf-1.1]\'','\'(-inf-1.1]\'',6.72
'\'(-inf-34.732]\'','\'(-inf-57.1952]\'','\'(-inf-1.8]\'','\'(2.9104-4.4698]\'','\'(2.6317-3.1756]\'','\'(0.5029-0.7248]\'','\'(-inf-1.1]\'','\'(-inf-1.1]\'',6.508
'\'(34.732-69.464]\'','\'(57.1952-114.3904]\'','\'(-inf-1.8]\'','\'(2.9104-4.4698]\'','\'(2.6317-3.1756]\'','\'(0.9467-1.1686]\'','\'(-inf-1.1]\'','\'(-inf-1.1]\'',5.3
'\'(-inf-34.732]\'','\'(-inf-57.1952]\'','\'(-inf-1.8]\'','\'(2.9104-4.4698]\'','\'(2.6317-3.1756]\'','\'(0.5029-0.7248]\'','\'(-inf-1.1]\'','\'(-inf-1.1]\'',6.21
'\'(-inf-34.732]\'','\'(-inf-57.1952]\'','\'(-inf-1.8]\'','\'(4.4698-6.0292]\'','\'(2.0878-2.6317]\'','\'(-inf-0.5029]\'','\'(-inf-1.1]\'','\'(-inf-1.1]\'',6.777
'\'(-inf-34.732]\'','\'(-inf-57.1952]\'','\'(-inf-1.8]\'','\'(4.4698-6.0292]\'','\'(2.0878-2.6317]\'','\'(-inf-0.5029]\'','\'(-inf-1.1]\'','\'(-inf-1.1]\'',6.623
'\'(-inf-34.732]\'','\'(-inf-57.1952]\'','\'(-inf-1.8]\'','\'(1.351-2.9104]\'','\'(-inf-1.5439]\'','\'(-inf-0.5029]\'','\'(-inf-1.1]\'','\'(-inf-1.1]\'',3.485
'\'(-inf-34.732]\'','\'(-inf-57.1952]\'','\'(-inf-1.8]\'','\'(1.351-2.9104]\'','\'(-inf-1.5439]\'','\'(0.5029-0.7248]\'','\'(-inf-1.1]\'','\'(-inf-1.1]\'',2.642
'\'(-inf-34.732]\'','\'(-inf-57.1952]\'','\'(-inf-1.8]\'','\'(1.351-2.9104]\'','\'(1.5439-2.0878]\'','\'(0.5029-0.7248]\'','\'(-inf-1.1]\'','\'(-inf-1.1]\'',3.655
'\'(-inf-34.732]\'','\'(-inf-57.1952]\'','\'(-inf-1.8]\'','\'(1.351-2.9104]\'','\'(-inf-1.5439]\'','\'(0.5029-0.7248]\'','\'(-inf-1.1]\'','\'(-inf-1.1]\'',3.842
'\'(-inf-34.732]\'','\'(-inf-57.1952]\'','\'(-inf-1.8]\'','\'(1.351-2.9104]\'','\'(-inf-1.5439]\'','\'(0.7248-0.9467]\'','\'(-inf-1.1]\'','\'(-inf-1.1]\'',3.339
'\'(-inf-34.732]\'','\'(-inf-57.1952]\'','\'(-inf-1.8]\'','\'(-0.2084-1.351]\'','\'(1.5439-2.0878]\'','\'(0.9467-1.1686]\'','\'(-inf-1.1]\'','\'(-inf-1.1]\'',3.587
'\'(-inf-34.732]\'','\'(-inf-57.1952]\'','\'(-inf-1.8]\'','\'(1.351-2.9104]\'','\'(-inf-1.5439]\'','\'(0.5029-0.7248]\'','\'(-inf-1.1]\'','\'(-inf-1.1]\'',4.322
'\'(-inf-34.732]\'','\'(-inf-57.1952]\'','\'(-inf-1.8]\'','\'(1.351-2.9104]\'','\'(-inf-1.5439]\'','\'(0.5029-0.7248]\'','\'(-inf-1.1]\'','\'(-inf-1.1]\'',2.49
'\'(-inf-34.732]\'','\'(-inf-57.1952]\'','\'(-inf-1.8]\'','\'(1.351-2.9104]\'','\'(2.0878-2.6317]\'','\'(1.1686-1.3905]\'','\'(-inf-1.1]\'','\'(-inf-1.1]\'',2.937
'\'(34.732-69.464]\'','\'(57.1952-114.3904]\'','\'(1.8-3.6]\'','\'(-1.7678--0.2084]\'','\'(1.5439-2.0878]\'','\'(1.6124-1.8343]\'','\'(-inf-1.1]\'','\'(-inf-1.1]\'',3.044
'\'(-inf-34.732]\'','\'(-inf-57.1952]\'','\'(-inf-1.8]\'','\'(4.4698-6.0292]\'','\'(1.5439-2.0878]\'','\'(-inf-0.5029]\'','\'(-inf-1.1]\'','\'(-inf-1.1]\'',5.6
'\'(-inf-34.732]\'','\'(-inf-57.1952]\'','\'(-inf-1.8]\'','\'(2.9104-4.4698]\'','\'(1.5439-2.0878]\'','\'(-inf-0.5029]\'','\'(-inf-1.1]\'','\'(-inf-1.1]\'',4.75
'\'(-inf-34.732]\'','\'(-inf-57.1952]\'','\'(-inf-1.8]\'','\'(2.9104-4.4698]\'','\'(2.0878-2.6317]\'','\'(-inf-0.5029]\'','\'(-inf-1.1]\'','\'(-inf-1.1]\'',5.56
'\'(-inf-34.732]\'','\'(-inf-57.1952]\'','\'(-inf-1.8]\'','\'(6.0292-7.5886]\'','\'(2.6317-3.1756]\'','\'(-inf-0.5029]\'','\'(-inf-1.1]\'','\'(-inf-1.1]\'',7.61
'\'(-inf-34.732]\'','\'(-inf-57.1952]\'','\'(-inf-1.8]\'','\'(6.0292-7.5886]\'','\'(2.6317-3.1756]\'','\'(-inf-0.5029]\'','\'(-inf-1.1]\'','\'(-inf-1.1]\'',8.78
'\'(-inf-34.732]\'','\'(-inf-57.1952]\'','\'(-inf-1.8]\'','\'(2.9104-4.4698]\'','\'(1.5439-2.0878]\'','\'(0.5029-0.7248]\'','\'(-inf-1.1]\'','\'(-inf-1.1]\'',5.632
'\'(-inf-34.732]\'','\'(-inf-57.1952]\'','\'(-inf-1.8]\'','\'(4.4698-6.0292]\'','\'(1.5439-2.0878]\'','\'(-inf-0.5029]\'','\'(-inf-1.1]\'','\'(-inf-1.1]\'',4.874
'\'(-inf-34.732]\'','\'(-inf-57.1952]\'','\'(-inf-1.8]\'','\'(2.9104-4.4698]\'','\'(1.5439-2.0878]\'','\'(-inf-0.5029]\'','\'(-inf-1.1]\'','\'(-inf-1.1]\'',4.495
'\'(-inf-34.732]\'','\'(-inf-57.1952]\'','\'(-inf-1.8]\'','\'(4.4698-6.0292]\'','\'(1.5439-2.0878]\'','\'(-inf-0.5029]\'','\'(-inf-1.1]\'','\'(-inf-1.1]\'',4.674
'\'(-inf-34.732]\'','\'(-inf-57.1952]\'','\'(1.8-3.6]\'','\'(2.9104-4.4698]\'','\'(1.5439-2.0878]\'','\'(-inf-0.5029]\'','\'(-inf-1.1]\'','\'(-inf-1.1]\'',4.761
'\'(-inf-34.732]\'','\'(-inf-57.1952]\'','\'(-inf-1.8]\'','\'(2.9104-4.4698]\'','\'(1.5439-2.0878]\'','\'(-inf-0.5029]\'','\'(-inf-1.1]\'','\'(-inf-1.1]\'',4.864
'\'(-inf-34.732]\'','\'(-inf-57.1952]\'','\'(-inf-1.8]\'','\'(6.0292-7.5886]\'','\'(2.6317-3.1756]\'','\'(-inf-0.5029]\'','\'(-inf-1.1]\'','\'(-inf-1.1]\'',8.44
'\'(-inf-34.732]\'','\'(-inf-57.1952]\'','\'(-inf-1.8]\'','\'(4.4698-6.0292]\'','\'(2.6317-3.1756]\'','\'(0.5029-0.7248]\'','\'(-inf-1.1]\'','\'(-inf-1.1]\'',5.64
'\'(34.732-69.464]\'','\'(57.1952-114.3904]\'','\'(-inf-1.8]\'','\'(2.9104-4.4698]\'','\'(2.6317-3.1756]\'','\'(0.5029-0.7248]\'','\'(-inf-1.1]\'','\'(-inf-1.1]\'',5.878
'\'(34.732-69.464]\'','\'(-inf-57.1952]\'','\'(-inf-1.8]\'','\'(2.9104-4.4698]\'','\'(2.0878-2.6317]\'','\'(-inf-0.5029]\'','\'(-inf-1.1]\'','\'(-inf-1.1]\'',4.434
'\'(69.464-104.196]\'','\'(171.5856-228.7808]\'','\'(-inf-1.8]\'','\'(2.9104-4.4698]\'','\'(3.1756-3.7195]\'','\'(0.7248-0.9467]\'','\'(-inf-1.1]\'','\'(-inf-1.1]\'',4.257
'\'(-inf-34.732]\'','\'(-inf-57.1952]\'','\'(-inf-1.8]\'','\'(1.351-2.9104]\'','\'(1.5439-2.0878]\'','\'(0.7248-0.9467]\'','\'(-inf-1.1]\'','\'(-inf-1.1]\'',5.691
'\'(-inf-34.732]\'','\'(-inf-57.1952]\'','\'(-inf-1.8]\'','\'(2.9104-4.4698]\'','\'(1.5439-2.0878]\'','\'(0.5029-0.7248]\'','\'(-inf-1.1]\'','\'(-inf-1.1]\'',5.42
'\'(34.732-69.464]\'','\'(57.1952-114.3904]\'','\'(-inf-1.8]\'','\'(2.9104-4.4698]\'','\'(3.1756-3.7195]\'','\'(0.9467-1.1686]\'','\'(2.2-3.3]\'','\'(-inf-1.1]\'',4.713
'\'(-inf-34.732]\'','\'(-inf-57.1952]\'','\'(-inf-1.8]\'','\'(2.9104-4.4698]\'','\'(1.5439-2.0878]\'','\'(-inf-0.5029]\'','\'(-inf-1.1]\'','\'(-inf-1.1]\'',4.83
'\'(-inf-34.732]\'','\'(-inf-57.1952]\'','\'(1.8-3.6]\'','\'(1.351-2.9104]\'','\'(1.5439-2.0878]\'','\'(-inf-0.5029]\'','\'(-inf-1.1]\'','\'(-inf-1.1]\'',5.43
'\'(-inf-34.732]\'','\'(-inf-57.1952]\'','\'(-inf-1.8]\'','\'(1.351-2.9104]\'','\'(1.5439-2.0878]\'','\'(-inf-0.5029]\'','\'(-inf-1.1]\'','\'(-inf-1.1]\'',4.797
'\'(34.732-69.464]\'','\'(-inf-57.1952]\'','\'(-inf-1.8]\'','\'(2.9104-4.4698]\'','\'(2.0878-2.6317]\'','\'(-inf-0.5029]\'','\'(-inf-1.1]\'','\'(-inf-1.1]\'',4.66
'\'(-inf-34.732]\'','\'(-inf-57.1952]\'','\'(-inf-1.8]\'','\'(4.4698-6.0292]\'','\'(2.6317-3.1756]\'','\'(0.5029-0.7248]\'','\'(-inf-1.1]\'','\'(-inf-1.1]\'',6.989
'\'(-inf-34.732]\'','\'(-inf-57.1952]\'','\'(1.8-3.6]\'','\'(1.351-2.9104]\'','\'(1.5439-2.0878]\'','\'(-inf-0.5029]\'','\'(-inf-1.1]\'','\'(-inf-1.1]\'',4.742
'\'(-inf-34.732]\'','\'(-inf-57.1952]\'','\'(-inf-1.8]\'','\'(2.9104-4.4698]\'','\'(2.6317-3.1756]\'','\'(0.5029-0.7248]\'','\'(-inf-1.1]\'','\'(-inf-1.1]\'',6.109
'\'(34.732-69.464]\'','\'(-inf-57.1952]\'','\'(-inf-1.8]\'','\'(1.351-2.9104]\'','\'(2.0878-2.6317]\'','\'(0.7248-0.9467]\'','\'(-inf-1.1]\'','\'(-inf-1.1]\'',4.268
'\'(69.464-104.196]\'','\'(57.1952-114.3904]\'','\'(1.8-3.6]\'','\'(4.4698-6.0292]\'','\'(3.1756-3.7195]\'','\'(0.5029-0.7248]\'','\'(4.4-5.5]\'','\'(-inf-1.1]\'',6.65
'\'(-inf-34.732]\'','\'(-inf-57.1952]\'','\'(-inf-1.8]\'','\'(2.9104-4.4698]\'','\'(1.5439-2.0878]\'','\'(0.5029-0.7248]\'','\'(-inf-1.1]\'','\'(-inf-1.1]\'',4.138
'\'(34.732-69.464]\'','\'(57.1952-114.3904]\'','\'(-inf-1.8]\'','\'(2.9104-4.4698]\'','\'(3.1756-3.7195]\'','\'(0.9467-1.1686]\'','\'(1.1-2.2]\'','\'(-inf-1.1]\'',4.992
'\'(34.732-69.464]\'','\'(-inf-57.1952]\'','\'(-inf-1.8]\'','\'(4.4698-6.0292]\'','\'(2.6317-3.1756]\'','\'(0.7248-0.9467]\'','\'(-inf-1.1]\'','\'(-inf-1.1]\'',4.711
'\'(34.732-69.464]\'','\'(-inf-57.1952]\'','\'(-inf-1.8]\'','\'(1.351-2.9104]\'','\'(2.0878-2.6317]\'','\'(0.5029-0.7248]\'','\'(-inf-1.1]\'','\'(-inf-1.1]\'',4.31
'\'(-inf-34.732]\'','\'(-inf-57.1952]\'','\'(-inf-1.8]\'','\'(4.4698-6.0292]\'','\'(2.6317-3.1756]\'','\'(0.5029-0.7248]\'','\'(-inf-1.1]\'','\'(-inf-1.1]\'',6.209
'\'(-inf-34.732]\'','\'(-inf-57.1952]\'','\'(-inf-1.8]\'','\'(2.9104-4.4698]\'','\'(2.0878-2.6317]\'','\'(0.5029-0.7248]\'','\'(-inf-1.1]\'','\'(-inf-1.1]\'',5.626
'\'(-inf-34.732]\'','\'(-inf-57.1952]\'','\'(-inf-1.8]\'','\'(4.4698-6.0292]\'','\'(2.6317-3.1756]\'','\'(0.5029-0.7248]\'','\'(-inf-1.1]\'','\'(-inf-1.1]\'',8.16
'\'(-inf-34.732]\'','\'(-inf-57.1952]\'','\'(-inf-1.8]\'','\'(4.4698-6.0292]\'','\'(2.6317-3.1756]\'','\'(0.5029-0.7248]\'','\'(-inf-1.1]\'','\'(-inf-1.1]\'',6.99
'\'(-inf-34.732]\'','\'(-inf-57.1952]\'','\'(-inf-1.8]\'','\'(2.9104-4.4698]\'','\'(3.1756-3.7195]\'','\'(0.7248-0.9467]\'','\'(2.2-3.3]\'','\'(-inf-1.1]\'',6.212
'\'(-inf-34.732]\'','\'(-inf-57.1952]\'','\'(-inf-1.8]\'','\'(2.9104-4.4698]\'','\'(2.0878-2.6317]\'','\'(0.5029-0.7248]\'','\'(-inf-1.1]\'','\'(-inf-1.1]\'',5.5
'\'(-inf-34.732]\'','\'(-inf-57.1952]\'','\'(-inf-1.8]\'','\'(2.9104-4.4698]\'','\'(1.5439-2.0878]\'','\'(0.5029-0.7248]\'','\'(-inf-1.1]\'','\'(-inf-1.1]\'',4.304
'\'(34.732-69.464]\'','\'(-inf-57.1952]\'','\'(-inf-1.8]\'','\'(1.351-2.9104]\'','\'(2.0878-2.6317]\'','\'(0.5029-0.7248]\'','\'(-inf-1.1]\'','\'(-inf-1.1]\'',3.84
'\'(-inf-34.732]\'','\'(-inf-57.1952]\'','\'(-inf-1.8]\'','\'(2.9104-4.4698]\'','\'(2.0878-2.6317]\'','\'(0.5029-0.7248]\'','\'(-inf-1.1]\'','\'(-inf-1.1]\'',5.641
'\'(-inf-34.732]\'','\'(-inf-57.1952]\'','\'(-inf-1.8]\'','\'(2.9104-4.4698]\'','\'(2.0878-2.6317]\'','\'(0.5029-0.7248]\'','\'(-inf-1.1]\'','\'(-inf-1.1]\'',5.009
'\'(-inf-34.732]\'','\'(-inf-57.1952]\'','\'(-inf-1.8]\'','\'(1.351-2.9104]\'','\'(1.5439-2.0878]\'','\'(0.5029-0.7248]\'','\'(-inf-1.1]\'','\'(-inf-1.1]\'',3.918
'\'(-inf-34.732]\'','\'(-inf-57.1952]\'','\'(-inf-1.8]\'','\'(2.9104-4.4698]\'','\'(1.5439-2.0878]\'','\'(0.5029-0.7248]\'','\'(-inf-1.1]\'','\'(-inf-1.1]\'',4.787
'\'(69.464-104.196]\'','\'(57.1952-114.3904]\'','\'(-inf-1.8]\'','\'(-0.2084-1.351]\'','\'(2.0878-2.6317]\'','\'(1.3905-1.6124]\'','\'(3.3-4.4]\'','\'(-inf-1.1]\'',2.572
'\'(-inf-34.732]\'','\'(57.1952-114.3904]\'','\'(-inf-1.8]\'','\'(2.9104-4.4698]\'','\'(3.1756-3.7195]\'','\'(0.9467-1.1686]\'','\'(-inf-1.1]\'','\'(-inf-1.1]\'',4.9
'\'(34.732-69.464]\'','\'(57.1952-114.3904]\'','\'(-inf-1.8]\'','\'(-0.2084-1.351]\'','\'(2.0878-2.6317]\'','\'(1.3905-1.6124]\'','\'(3.3-4.4]\'','\'(-inf-1.1]\'',3.028
'\'(-inf-34.732]\'','\'(57.1952-114.3904]\'','\'(-inf-1.8]\'','\'(1.351-2.9104]\'','\'(-inf-1.5439]\'','\'(1.8343-2.0562]\'','\'(-inf-1.1]\'','\'(-inf-1.1]\'',2.018
'\'(34.732-69.464]\'','\'(57.1952-114.3904]\'','\'(1.8-3.6]\'','\'(-1.7678--0.2084]\'','\'(1.5439-2.0878]\'','\'(0.9467-1.1686]\'','\'(1.1-2.2]\'','\'(-inf-1.1]\'',3.716
'\'(69.464-104.196]\'','\'(114.3904-171.5856]\'','\'(1.8-3.6]\'','\'(1.351-2.9104]\'','\'(3.1756-3.7195]\'','\'(0.9467-1.1686]\'','\'(2.2-3.3]\'','\'(-inf-1.1]\'',3.742
'\'(34.732-69.464]\'','\'(57.1952-114.3904]\'','\'(-inf-1.8]\'','\'(2.9104-4.4698]\'','\'(3.1756-3.7195]\'','\'(0.7248-0.9467]\'','\'(2.2-3.3]\'','\'(-inf-1.1]\'',4.579
'\'(34.732-69.464]\'','\'(57.1952-114.3904]\'','\'(-inf-1.8]\'','\'(2.9104-4.4698]\'','\'(3.7195-4.2634]\'','\'(0.9467-1.1686]\'','\'(-inf-1.1]\'','\'(-inf-1.1]\'',5.754
'\'(34.732-69.464]\'','\'(57.1952-114.3904]\'','\'(-inf-1.8]\'','\'(2.9104-4.4698]\'','\'(3.7195-4.2634]\'','\'(1.1686-1.3905]\'','\'(3.3-4.4]\'','\'(1.1-2.2]\'',4.835
'\'(34.732-69.464]\'','\'(57.1952-114.3904]\'','\'(-inf-1.8]\'','\'(4.4698-6.0292]\'','\'(3.7195-4.2634]\'','\'(0.9467-1.1686]\'','\'(-inf-1.1]\'','\'(1.1-2.2]\'',8.582
'\'(34.732-69.464]\'','\'(114.3904-171.5856]\'','\'(-inf-1.8]\'','\'(2.9104-4.4698]\'','\'(3.7195-4.2634]\'','\'(0.9467-1.1686]\'','\'(-inf-1.1]\'','\'(1.1-2.2]\'',8.678
'\'(34.732-69.464]\'','\'(57.1952-114.3904]\'','\'(-inf-1.8]\'','\'(4.4698-6.0292]\'','\'(3.7195-4.2634]\'','\'(0.5029-0.7248]\'','\'(-inf-1.1]\'','\'(1.1-2.2]\'',9.945
'\'(34.732-69.464]\'','\'(57.1952-114.3904]\'','\'(-inf-1.8]\'','\'(2.9104-4.4698]\'','\'(3.7195-4.2634]\'','\'(0.7248-0.9467]\'','\'(-inf-1.1]\'','\'(1.1-2.2]\'',9.063
'\'(104.196-138.928]\'','\'(57.1952-114.3904]\'','\'(1.8-3.6]\'','\'(-0.2084-1.351]\'','\'(2.6317-3.1756]\'','\'(0.9467-1.1686]\'','\'(5.5-6.6]\'','\'(-inf-1.1]\'',2.533
'\'(69.464-104.196]\'','\'(57.1952-114.3904]\'','\'(-inf-1.8]\'','\'(2.9104-4.4698]\'','\'(2.6317-3.1756]\'','\'(0.9467-1.1686]\'','\'(-inf-1.1]\'','\'(1.1-2.2]\'',6.475
'\'(69.464-104.196]\'','\'(57.1952-114.3904]\'','\'(-inf-1.8]\'','\'(-0.2084-1.351]\'','\'(1.5439-2.0878]\'','\'(0.7248-0.9467]\'','\'(1.1-2.2]\'','\'(1.1-2.2]\'',6.251
'\'(34.732-69.464]\'','\'(57.1952-114.3904]\'','\'(-inf-1.8]\'','\'(2.9104-4.4698]\'','\'(3.7195-4.2634]\'','\'(0.7248-0.9467]\'','\'(-inf-1.1]\'','\'(1.1-2.2]\'',9.133
'\'(34.732-69.464]\'','\'(57.1952-114.3904]\'','\'(-inf-1.8]\'','\'(2.9104-4.4698]\'','\'(3.7195-4.2634]\'','\'(0.7248-0.9467]\'','\'(-inf-1.1]\'','\'(1.1-2.2]\'',10.047
'\'(34.732-69.464]\'','\'(57.1952-114.3904]\'','\'(-inf-1.8]\'','\'(2.9104-4.4698]\'','\'(3.1756-3.7195]\'','\'(0.9467-1.1686]\'','\'(1.1-2.2]\'','\'(-inf-1.1]\'',4.92
'\'(34.732-69.464]\'','\'(57.1952-114.3904]\'','\'(-inf-1.8]\'','\'(-1.7678--0.2084]\'','\'(1.5439-2.0878]\'','\'(0.9467-1.1686]\'','\'(2.2-3.3]\'','\'(-inf-1.1]\'',3.34
'\'(208.392-243.124]\'','\'(171.5856-228.7808]\'','\'(7.2-9]\'','\'(-0.2084-1.351]\'','\'(3.1756-3.7195]\'','\'(0.9467-1.1686]\'','\'(6.6-7.7]\'','\'(-inf-1.1]\'',2.928
'\'(34.732-69.464]\'','\'(57.1952-114.3904]\'','\'(1.8-3.6]\'','\'(-1.7678--0.2084]\'','\'(-inf-1.5439]\'','\'(0.9467-1.1686]\'','\'(-inf-1.1]\'','\'(-inf-1.1]\'',2.649
'\'(138.928-173.66]\'','\'(228.7808-285.976]\'','\'(5.4-7.2]\'','\'(1.351-2.9104]\'','\'(5.3512-5.8951]\'','\'(0.9467-1.1686]\'','\'(5.5-6.6]\'','\'(3.3-4.4]\'',4.27
'\'(34.732-69.464]\'','\'(57.1952-114.3904]\'','\'(1.8-3.6]\'','\'(1.351-2.9104]\'','\'(2.6317-3.1756]\'','\'(0.7248-0.9467]\'','\'(1.1-2.2]\'','\'(-inf-1.1]\'',4.234
'\'(34.732-69.464]\'','\'(57.1952-114.3904]\'','\'(1.8-3.6]\'','\'(1.351-2.9104]\'','\'(2.0878-2.6317]\'','\'(0.5029-0.7248]\'','\'(-inf-1.1]\'','\'(-inf-1.1]\'',2.348
'\'(69.464-104.196]\'','\'(57.1952-114.3904]\'','\'(3.6-5.4]\'','\'(-1.7678--0.2084]\'','\'(-inf-1.5439]\'','\'(-inf-0.5029]\'','\'(1.1-2.2]\'','\'(-inf-1.1]\'',3.884
'\'(69.464-104.196]\'','\'(-inf-57.1952]\'','\'(1.8-3.6]\'','\'(-0.2084-1.351]\'','\'(2.0878-2.6317]\'','\'(0.5029-0.7248]\'','\'(1.1-2.2]\'','\'(-inf-1.1]\'',3.476
'\'(-inf-34.732]\'','\'(-inf-57.1952]\'','\'(1.8-3.6]\'','\'(-0.2084-1.351]\'','\'(-inf-1.5439]\'','\'(1.1686-1.3905]\'','\'(-inf-1.1]\'','\'(-inf-1.1]\'',3.133
'\'(34.732-69.464]\'','\'(57.1952-114.3904]\'','\'(3.6-5.4]\'','\'(-1.7678--0.2084]\'','\'(-inf-1.5439]\'','\'(1.3905-1.6124]\'','\'(1.1-2.2]\'','\'(-inf-1.1]\'',3.358
'\'(34.732-69.464]\'','\'(57.1952-114.3904]\'','\'(1.8-3.6]\'','\'(-1.7678--0.2084]\'','\'(2.0878-2.6317]\'','\'(0.7248-0.9467]\'','\'(2.2-3.3]\'','\'(-inf-1.1]\'',3.775
'\'(-inf-34.732]\'','\'(-inf-57.1952]\'','\'(1.8-3.6]\'','\'(1.351-2.9104]\'','\'(1.5439-2.0878]\'','\'(-inf-0.5029]\'','\'(-inf-1.1]\'','\'(-inf-1.1]\'',5.16
'\'(-inf-34.732]\'','\'(-inf-57.1952]\'','\'(1.8-3.6]\'','\'(2.9104-4.4698]\'','\'(1.5439-2.0878]\'','\'(-inf-0.5029]\'','\'(-inf-1.1]\'','\'(-inf-1.1]\'',5.43
'\'(-inf-34.732]\'','\'(-inf-57.1952]\'','\'(1.8-3.6]\'','\'(1.351-2.9104]\'','\'(1.5439-2.0878]\'','\'(0.5029-0.7248]\'','\'(-inf-1.1]\'','\'(-inf-1.1]\'',6.409
'\'(34.732-69.464]\'','\'(57.1952-114.3904]\'','\'(3.6-5.4]\'','\'(-0.2084-1.351]\'','\'(1.5439-2.0878]\'','\'(0.7248-0.9467]\'','\'(1.1-2.2]\'','\'(-inf-1.1]\'',4.263
'\'(-inf-34.732]\'','\'(-inf-57.1952]\'','\'(1.8-3.6]\'','\'(1.351-2.9104]\'','\'(1.5439-2.0878]\'','\'(0.7248-0.9467]\'','\'(-inf-1.1]\'','\'(-inf-1.1]\'',5.371
'\'(69.464-104.196]\'','\'(114.3904-171.5856]\'','\'(1.8-3.6]\'','\'(-0.2084-1.351]\'','\'(2.6317-3.1756]\'','\'(1.1686-1.3905]\'','\'(2.2-3.3]\'','\'(-inf-1.1]\'',2.072
'\'(104.196-138.928]\'','\'(114.3904-171.5856]\'','\'(5.4-7.2]\'','\'(1.351-2.9104]\'','\'(2.6317-3.1756]\'','\'(0.7248-0.9467]\'','\'(6.6-7.7]\'','\'(-inf-1.1]\'',4.404
'\'(-inf-34.732]\'','\'(-inf-57.1952]\'','\'(-inf-1.8]\'','\'(-1.7678--0.2084]\'','\'(-inf-1.5439]\'','\'(1.6124-1.8343]\'','\'(-inf-1.1]\'','\'(-inf-1.1]\'',2.332
'\'(-inf-34.732]\'','\'(-inf-57.1952]\'','\'(-inf-1.8]\'','\'(1.351-2.9104]\'','\'(2.0878-2.6317]\'','\'(0.9467-1.1686]\'','\'(-inf-1.1]\'','\'(-inf-1.1]\'',4.018
'\'(69.464-104.196]\'','\'(114.3904-171.5856]\'','\'(-inf-1.8]\'','\'(2.9104-4.4698]\'','\'(2.6317-3.1756]\'','\'(0.9467-1.1686]\'','\'(1.1-2.2]\'','\'(-inf-1.1]\'',5.301
'\'(-inf-34.732]\'','\'(57.1952-114.3904]\'','\'(-inf-1.8]\'','\'(4.4698-6.0292]\'','\'(3.7195-4.2634]\'','\'(0.9467-1.1686]\'','\'(-inf-1.1]\'','\'(-inf-1.1]\'',8.112
'\'(34.732-69.464]\'','\'(114.3904-171.5856]\'','\'(1.8-3.6]\'','\'(2.9104-4.4698]\'','\'(3.1756-3.7195]\'','\'(0.7248-0.9467]\'','\'(1.1-2.2]\'','\'(-inf-1.1]\'',7.802
'\'(34.732-69.464]\'','\'(57.1952-114.3904]\'','\'(1.8-3.6]\'','\'(2.9104-4.4698]\'','\'(2.6317-3.1756]\'','\'(0.5029-0.7248]\'','\'(1.1-2.2]\'','\'(-inf-1.1]\'',7.478
'\'(-inf-34.732]\'','\'(-inf-57.1952]\'','\'(-inf-1.8]\'','\'(4.4698-6.0292]\'','\'(2.6317-3.1756]\'','\'(-inf-0.5029]\'','\'(-inf-1.1]\'','\'(-inf-1.1]\'',6.394
'\'(-inf-34.732]\'','\'(-inf-57.1952]\'','\'(-inf-1.8]\'','\'(1.351-2.9104]\'','\'(1.5439-2.0878]\'','\'(0.9467-1.1686]\'','\'(-inf-1.1]\'','\'(-inf-1.1]\'',5.001
'\'(-inf-34.732]\'','\'(-inf-57.1952]\'','\'(-inf-1.8]\'','\'(1.351-2.9104]\'','\'(2.0878-2.6317]\'','\'(0.7248-0.9467]\'','\'(-inf-1.1]\'','\'(-inf-1.1]\'',5.545
'\'(34.732-69.464]\'','\'(57.1952-114.3904]\'','\'(1.8-3.6]\'','\'(2.9104-4.4698]\'','\'(3.1756-3.7195]\'','\'(1.1686-1.3905]\'','\'(1.1-2.2]\'','\'(1.1-2.2]\'',4.249
'\'(34.732-69.464]\'','\'(57.1952-114.3904]\'','\'(-inf-1.8]\'','\'(2.9104-4.4698]\'','\'(2.6317-3.1756]\'','\'(0.9467-1.1686]\'','\'(-inf-1.1]\'','\'(-inf-1.1]\'',5.17
'\'(69.464-104.196]\'','\'(57.1952-114.3904]\'','\'(1.8-3.6]\'','\'(-1.7678--0.2084]\'','\'(1.5439-2.0878]\'','\'(0.5029-0.7248]\'','\'(1.1-2.2]\'','\'(-inf-1.1]\'',3.769
'\'(104.196-138.928]\'','\'(114.3904-171.5856]\'','\'(-inf-1.8]\'','\'(-0.2084-1.351]\'','\'(2.6317-3.1756]\'','\'(0.9467-1.1686]\'','\'(3.3-4.4]\'','\'(-inf-1.1]\'',3.508
'\'(34.732-69.464]\'','\'(57.1952-114.3904]\'','\'(1.8-3.6]\'','\'(-1.7678--0.2084]\'','\'(1.5439-2.0878]\'','\'(1.3905-1.6124]\'','\'(1.1-2.2]\'','\'(-inf-1.1]\'',1.188
'\'(173.66-208.392]\'','\'(285.976-343.1712]\'','\'(3.6-5.4]\'','\'(1.351-2.9104]\'','\'(5.3512-5.8951]\'','\'(1.1686-1.3905]\'','\'(-inf-1.1]\'','\'(-inf-1.1]\'',3.884
'\'(173.66-208.392]\'','\'(343.1712-400.3664]\'','\'(5.4-7.2]\'','\'(-0.2084-1.351]\'','\'(5.3512-5.8951]\'','\'(1.1686-1.3905]\'','\'(-inf-1.1]\'','\'(-inf-1.1]\'',4.566
'\'(-inf-34.732]\'','\'(-inf-57.1952]\'','\'(-inf-1.8]\'','\'(-0.2084-1.351]\'','\'(1.5439-2.0878]\'','\'(1.3905-1.6124]\'','\'(-inf-1.1]\'','\'(-inf-1.1]\'',3.788
'\'(-inf-34.732]\'','\'(-inf-57.1952]\'','\'(-inf-1.8]\'','\'(-1.7678--0.2084]\'','\'(-inf-1.5439]\'','\'(2.0562-2.2781]\'','\'(-inf-1.1]\'','\'(-inf-1.1]\'',0.704
'\'(69.464-104.196]\'','\'(114.3904-171.5856]\'','\'(1.8-3.6]\'','\'(-0.2084-1.351]\'','\'(2.0878-2.6317]\'','\'(0.7248-0.9467]\'','\'(-inf-1.1]\'','\'(-inf-1.1]\'',3.669
'\'(-inf-34.732]\'','\'(-inf-57.1952]\'','\'(-inf-1.8]\'','\'(1.351-2.9104]\'','\'(1.5439-2.0878]\'','\'(0.7248-0.9467]\'','\'(-inf-1.1]\'','\'(-inf-1.1]\'',3.976
'\'(34.732-69.464]\'','\'(57.1952-114.3904]\'','\'(-inf-1.8]\'','\'(-0.2084-1.351]\'','\'(2.0878-2.6317]\'','\'(0.7248-0.9467]\'','\'(-inf-1.1]\'','\'(-inf-1.1]\'',4.024
'\'(-inf-34.732]\'','\'(-inf-57.1952]\'','\'(-inf-1.8]\'','\'(2.9104-4.4698]\'','\'(2.6317-3.1756]\'','\'(0.7248-0.9467]\'','\'(1.1-2.2]\'','\'(-inf-1.1]\'',4.403
'\'(34.732-69.464]\'','\'(-inf-57.1952]\'','\'(-inf-1.8]\'','\'(4.4698-6.0292]\'','\'(3.1756-3.7195]\'','\'(1.3905-1.6124]\'','\'(-inf-1.1]\'','\'(-inf-1.1]\'',5.512
'\'(69.464-104.196]\'','\'(57.1952-114.3904]\'','\'(-inf-1.8]\'','\'(1.351-2.9104]\'','\'(3.1756-3.7195]\'','\'(0.9467-1.1686]\'','\'(2.2-3.3]\'','\'(-inf-1.1]\'',4.225
'\'(34.732-69.464]\'','\'(-inf-57.1952]\'','\'(-inf-1.8]\'','\'(1.351-2.9104]\'','\'(2.0878-2.6317]\'','\'(0.9467-1.1686]\'','\'(-inf-1.1]\'','\'(-inf-1.1]\'',4.072
'\'(34.732-69.464]\'','\'(-inf-57.1952]\'','\'(-inf-1.8]\'','\'(1.351-2.9104]\'','\'(2.6317-3.1756]\'','\'(0.9467-1.1686]\'','\'(-inf-1.1]\'','\'(-inf-1.1]\'',4.57
'\'(34.732-69.464]\'','\'(-inf-57.1952]\'','\'(-inf-1.8]\'','\'(2.9104-4.4698]\'','\'(2.6317-3.1756]\'','\'(0.7248-0.9467]\'','\'(-inf-1.1]\'','\'(-inf-1.1]\'',6.075
'\'(69.464-104.196]\'','\'(57.1952-114.3904]\'','\'(1.8-3.6]\'','\'(-1.7678--0.2084]\'','\'(1.5439-2.0878]\'','\'(0.5029-0.7248]\'','\'(1.1-2.2]\'','\'(-inf-1.1]\'',4.221
'\'(-inf-34.732]\'','\'(-inf-57.1952]\'','\'(-inf-1.8]\'','\'(1.351-2.9104]\'','\'(2.0878-2.6317]\'','\'(0.7248-0.9467]\'','\'(-inf-1.1]\'','\'(-inf-1.1]\'',4.032
'\'(34.732-69.464]\'','\'(57.1952-114.3904]\'','\'(-inf-1.8]\'','\'(1.351-2.9104]\'','\'(2.6317-3.1756]\'','\'(1.3905-1.6124]\'','\'(3.3-4.4]\'','\'(-inf-1.1]\'',3.22
'\'(34.732-69.464]\'','\'(-inf-57.1952]\'','\'(-inf-1.8]\'','\'(1.351-2.9104]\'','\'(2.6317-3.1756]\'','\'(0.7248-0.9467]\'','\'(-inf-1.1]\'','\'(-inf-1.1]\'',4.001
'\'(104.196-138.928]\'','\'(171.5856-228.7808]\'','\'(-inf-1.8]\'','\'(2.9104-4.4698]\'','\'(3.7195-4.2634]\'','\'(0.9467-1.1686]\'','\'(-inf-1.1]\'','\'(1.1-2.2]\'',4.501
'\'(34.732-69.464]\'','\'(57.1952-114.3904]\'','\'(-inf-1.8]\'','\'(2.9104-4.4698]\'','\'(2.6317-3.1756]\'','\'(0.7248-0.9467]\'','\'(-inf-1.1]\'','\'(-inf-1.1]\'',3.599
'\'(34.732-69.464]\'','\'(57.1952-114.3904]\'','\'(-inf-1.8]\'','\'(4.4698-6.0292]\'','\'(2.6317-3.1756]\'','\'(0.9467-1.1686]\'','\'(-inf-1.1]\'','\'(-inf-1.1]\'',4.56
'\'(104.196-138.928]\'','\'(171.5856-228.7808]\'','\'(1.8-3.6]\'','\'(-1.7678--0.2084]\'','\'(2.0878-2.6317]\'','\'(1.3905-1.6124]\'','\'(-inf-1.1]\'','\'(2.2-3.3]\'',2.736
'\'(34.732-69.464]\'','\'(57.1952-114.3904]\'','\'(-inf-1.8]\'','\'(1.351-2.9104]\'','\'(2.0878-2.6317]\'','\'(0.7248-0.9467]\'','\'(-inf-1.1]\'','\'(-inf-1.1]\'',3.047
'\'(34.732-69.464]\'','\'(57.1952-114.3904]\'','\'(-inf-1.8]\'','\'(1.351-2.9104]\'','\'(2.0878-2.6317]\'','\'(0.7248-0.9467]\'','\'(-inf-1.1]\'','\'(-inf-1.1]\'',3.783
'\'(69.464-104.196]\'','\'(171.5856-228.7808]\'','\'(1.8-3.6]\'','\'(1.351-2.9104]\'','\'(3.1756-3.7195]\'','\'(0.9467-1.1686]\'','\'(-inf-1.1]\'','\'(1.1-2.2]\'',4.187
'\'(34.732-69.464]\'','\'(57.1952-114.3904]\'','\'(1.8-3.6]\'','\'(1.351-2.9104]\'','\'(2.0878-2.6317]\'','\'(0.7248-0.9467]\'','\'(-inf-1.1]\'','\'(-inf-1.1]\'',3.068
'\'(69.464-104.196]\'','\'(114.3904-171.5856]\'','\'(1.8-3.6]\'','\'(-0.2084-1.351]\'','\'(2.0878-2.6317]\'','\'(-inf-0.5029]\'','\'(1.1-2.2]\'','\'(-inf-1.1]\'',3.644
'\'(34.732-69.464]\'','\'(57.1952-114.3904]\'','\'(-inf-1.8]\'','\'(2.9104-4.4698]\'','\'(2.6317-3.1756]\'','\'(0.9467-1.1686]\'','\'(2.2-3.3]\'','\'(-inf-1.1]\'',4.01
'\'(34.732-69.464]\'','\'(57.1952-114.3904]\'','\'(1.8-3.6]\'','\'(1.351-2.9104]\'','\'(3.1756-3.7195]\'','\'(1.3905-1.6124]\'','\'(-inf-1.1]\'','\'(-inf-1.1]\'',3.917
'\'(69.464-104.196]\'','\'(114.3904-171.5856]\'','\'(3.6-5.4]\'','\'(-0.2084-1.351]\'','\'(3.1756-3.7195]\'','\'(1.1686-1.3905]\'','\'(1.1-2.2]\'','\'(-inf-1.1]\'',3.902
'\'(69.464-104.196]\'','\'(114.3904-171.5856]\'','\'(3.6-5.4]\'','\'(1.351-2.9104]\'','\'(3.1756-3.7195]\'','\'(1.1686-1.3905]\'','\'(-inf-1.1]\'','\'(-inf-1.1]\'',3.277
'\'(34.732-69.464]\'','\'(57.1952-114.3904]\'','\'(1.8-3.6]\'','\'(1.351-2.9104]\'','\'(3.1756-3.7195]\'','\'(0.9467-1.1686]\'','\'(1.1-2.2]\'','\'(-inf-1.1]\'',4.305
'\'(69.464-104.196]\'','\'(171.5856-228.7808]\'','\'(1.8-3.6]\'','\'(1.351-2.9104]\'','\'(3.1756-3.7195]\'','\'(0.7248-0.9467]\'','\'(-inf-1.1]\'','\'(-inf-1.1]\'',3.961
'\'(-inf-34.732]\'','\'(-inf-57.1952]\'','\'(-inf-1.8]\'','\'(-0.2084-1.351]\'','\'(-inf-1.5439]\'','\'(1.6124-1.8343]\'','\'(-inf-1.1]\'','\'(-inf-1.1]\'',1.82
'\'(-inf-34.732]\'','\'(-inf-57.1952]\'','\'(-inf-1.8]\'','\'(-0.2084-1.351]\'','\'(-inf-1.5439]\'','\'(-inf-0.5029]\'','\'(-inf-1.1]\'','\'(-inf-1.1]\'',3.002
'\'(34.732-69.464]\'','\'(57.1952-114.3904]\'','\'(1.8-3.6]\'','\'(-1.7678--0.2084]\'','\'(1.5439-2.0878]\'','\'(1.6124-1.8343]\'','\'(-inf-1.1]\'','\'(-inf-1.1]\'',2.957
'\'(34.732-69.464]\'','\'(57.1952-114.3904]\'','\'(1.8-3.6]\'','\'(-1.7678--0.2084]\'','\'(-inf-1.5439]\'','\'(1.6124-1.8343]\'','\'(-inf-1.1]\'','\'(-inf-1.1]\'',0.122
'\'(-inf-34.732]\'','\'(-inf-57.1952]\'','\'(-inf-1.8]\'','\'(-0.2084-1.351]\'','\'(1.5439-2.0878]\'','\'(1.8343-2.0562]\'','\'(-inf-1.1]\'','\'(-inf-1.1]\'',1.07
'\'(34.732-69.464]\'','\'(57.1952-114.3904]\'','\'(-inf-1.8]\'','\'(-0.2084-1.351]\'','\'(2.0878-2.6317]\'','\'(1.8343-2.0562]\'','\'(-inf-1.1]\'','\'(-inf-1.1]\'',1.53
'\'(312.588-inf)\'','\'(514.7568-inf)\'','\'(14.4-16.2]\'','\'(-inf--4.8866]\'','\'(4.2634-4.8073]\'','\'(1.1686-1.3905]\'','\'(6.6-7.7]\'','\'(-inf-1.1]\'',3.077
'\'(104.196-138.928]\'','\'(171.5856-228.7808]\'','\'(1.8-3.6]\'','\'(-0.2084-1.351]\'','\'(2.6317-3.1756]\'','\'(0.7248-0.9467]\'','\'(1.1-2.2]\'','\'(-inf-1.1]\'',3.025
'\'(312.588-inf)\'','\'(514.7568-inf)\'','\'(16.2-inf)\'','\'(-inf--4.8866]\'','\'(4.2634-4.8073]\'','\'(1.1686-1.3905]\'','\'(4.4-5.5]\'','\'(-inf-1.1]\'',3.088
'\'(69.464-104.196]\'','\'(171.5856-228.7808]\'','\'(3.6-5.4]\'','\'(-1.7678--0.2084]\'','\'(2.0878-2.6317]\'','\'(0.9467-1.1686]\'','\'(-inf-1.1]\'','\'(-inf-1.1]\'',3.177
'\'(104.196-138.928]\'','\'(228.7808-285.976]\'','\'(5.4-7.2]\'','\'(1.351-2.9104]\'','\'(3.7195-4.2634]\'','\'(1.1686-1.3905]\'','\'(-inf-1.1]\'','\'(-inf-1.1]\'',5.291
'\'(-inf-34.732]\'','\'(-inf-57.1952]\'','\'(-inf-1.8]\'','\'(1.351-2.9104]\'','\'(1.5439-2.0878]\'','\'(0.7248-0.9467]\'','\'(-inf-1.1]\'','\'(-inf-1.1]\'',4.852
'\'(-inf-34.732]\'','\'(-inf-57.1952]\'','\'(-inf-1.8]\'','\'(1.351-2.9104]\'','\'(1.5439-2.0878]\'','\'(0.5029-0.7248]\'','\'(-inf-1.1]\'','\'(-inf-1.1]\'',4.464
'\'(-inf-34.732]\'','\'(-inf-57.1952]\'','\'(-inf-1.8]\'','\'(1.351-2.9104]\'','\'(1.5439-2.0878]\'','\'(0.5029-0.7248]\'','\'(-inf-1.1]\'','\'(-inf-1.1]\'',4.426
'\'(34.732-69.464]\'','\'(57.1952-114.3904]\'','\'(-inf-1.8]\'','\'(-0.2084-1.351]\'','\'(2.0878-2.6317]\'','\'(0.7248-0.9467]\'','\'(-inf-1.1]\'','\'(-inf-1.1]\'',4.016
'\'(-inf-34.732]\'','\'(-inf-57.1952]\'','\'(-inf-1.8]\'','\'(2.9104-4.4698]\'','\'(2.0878-2.6317]\'','\'(0.7248-0.9467]\'','\'(-inf-1.1]\'','\'(-inf-1.1]\'',4.668
'\'(34.732-69.464]\'','\'(57.1952-114.3904]\'','\'(1.8-3.6]\'','\'(2.9104-4.4698]\'','\'(2.6317-3.1756]\'','\'(0.9467-1.1686]\'','\'(-inf-1.1]\'','\'(-inf-1.1]\'',4.962
'\'(-inf-34.732]\'','\'(-inf-57.1952]\'','\'(-inf-1.8]\'','\'(1.351-2.9104]\'','\'(2.0878-2.6317]\'','\'(0.7248-0.9467]\'','\'(-inf-1.1]\'','\'(-inf-1.1]\'',4.61
'\'(-inf-34.732]\'','\'(-inf-57.1952]\'','\'(-inf-1.8]\'','\'(1.351-2.9104]\'','\'(1.5439-2.0878]\'','\'(0.7248-0.9467]\'','\'(-inf-1.1]\'','\'(-inf-1.1]\'',3.85
'\'(-inf-34.732]\'','\'(-inf-57.1952]\'','\'(-inf-1.8]\'','\'(1.351-2.9104]\'','\'(1.5439-2.0878]\'','\'(0.5029-0.7248]\'','\'(-inf-1.1]\'','\'(-inf-1.1]\'',4.238
'\'(-inf-34.732]\'','\'(-inf-57.1952]\'','\'(-inf-1.8]\'','\'(2.9104-4.4698]\'','\'(2.0878-2.6317]\'','\'(0.7248-0.9467]\'','\'(-inf-1.1]\'','\'(-inf-1.1]\'',5.38
'\'(34.732-69.464]\'','\'(-inf-57.1952]\'','\'(1.8-3.6]\'','\'(-1.7678--0.2084]\'','\'(1.5439-2.0878]\'','\'(0.5029-0.7248]\'','\'(1.1-2.2]\'','\'(-inf-1.1]\'',3.589
'\'(34.732-69.464]\'','\'(-inf-57.1952]\'','\'(-inf-1.8]\'','\'(2.9104-4.4698]\'','\'(2.0878-2.6317]\'','\'(0.5029-0.7248]\'','\'(-inf-1.1]\'','\'(1.1-2.2]\'',4.932
'\'(34.732-69.464]\'','\'(-inf-57.1952]\'','\'(-inf-1.8]\'','\'(2.9104-4.4698]\'','\'(2.0878-2.6317]\'','\'(0.7248-0.9467]\'','\'(-inf-1.1]\'','\'(-inf-1.1]\'',6.099
'\'(34.732-69.464]\'','\'(-inf-57.1952]\'','\'(-inf-1.8]\'','\'(2.9104-4.4698]\'','\'(2.0878-2.6317]\'','\'(0.5029-0.7248]\'','\'(-inf-1.1]\'','\'(-inf-1.1]\'',6.54
'\'(69.464-104.196]\'','\'(-inf-57.1952]\'','\'(-inf-1.8]\'','\'(2.9104-4.4698]\'','\'(2.0878-2.6317]\'','\'(0.5029-0.7248]\'','\'(1.1-2.2]\'','\'(1.1-2.2]\'',6.399
'\'(34.732-69.464]\'','\'(-inf-57.1952]\'','\'(-inf-1.8]\'','\'(2.9104-4.4698]\'','\'(2.0878-2.6317]\'','\'(0.5029-0.7248]\'','\'(-inf-1.1]\'','\'(-inf-1.1]\'',6.131
'\'(34.732-69.464]\'','\'(-inf-57.1952]\'','\'(-inf-1.8]\'','\'(-0.2084-1.351]\'','\'(-inf-1.5439]\'','\'(1.3905-1.6124]\'','\'(-inf-1.1]\'','\'(-inf-1.1]\'',4.56
'\'(34.732-69.464]\'','\'(-inf-57.1952]\'','\'(-inf-1.8]\'','\'(-0.2084-1.351]\'','\'(2.0878-2.6317]\'','\'(0.9467-1.1686]\'','\'(2.2-3.3]\'','\'(-inf-1.1]\'',2.54
'\'(69.464-104.196]\'','\'(-inf-57.1952]\'','\'(-inf-1.8]\'','\'(1.351-2.9104]\'','\'(2.0878-2.6317]\'','\'(0.7248-0.9467]\'','\'(-inf-1.1]\'','\'(-inf-1.1]\'',4.494
'\'(104.196-138.928]\'','\'(57.1952-114.3904]\'','\'(3.6-5.4]\'','\'(-0.2084-1.351]\'','\'(1.5439-2.0878]\'','\'(0.9467-1.1686]\'','\'(-inf-1.1]\'','\'(-inf-1.1]\'',3.758
'\'(69.464-104.196]\'','\'(57.1952-114.3904]\'','\'(-inf-1.8]\'','\'(1.351-2.9104]\'','\'(2.6317-3.1756]\'','\'(0.9467-1.1686]\'','\'(4.4-5.5]\'','\'(-inf-1.1]\'',4.168
'\'(138.928-173.66]\'','\'(171.5856-228.7808]\'','\'(-inf-1.8]\'','\'(-0.2084-1.351]\'','\'(2.0878-2.6317]\'','\'(1.6124-1.8343]\'','\'(2.2-3.3]\'','\'(-inf-1.1]\'',3.85
'\'(104.196-138.928]\'','\'(114.3904-171.5856]\'','\'(-inf-1.8]\'','\'(-0.2084-1.351]\'','\'(2.0878-2.6317]\'','\'(1.8343-2.0562]\'','\'(1.1-2.2]\'','\'(-inf-1.1]\'',3.339
'\'(69.464-104.196]\'','\'(57.1952-114.3904]\'','\'(-inf-1.8]\'','\'(1.351-2.9104]\'','\'(2.0878-2.6317]\'','\'(0.7248-0.9467]\'','\'(1.1-2.2]\'','\'(-inf-1.1]\'',5.441
'\'(104.196-138.928]\'','\'(114.3904-171.5856]\'','\'(1.8-3.6]\'','\'(1.351-2.9104]\'','\'(2.0878-2.6317]\'','\'(0.7248-0.9467]\'','\'(2.2-3.3]\'','\'(-inf-1.1]\'',3.138
'\'(104.196-138.928]\'','\'(114.3904-171.5856]\'','\'(-inf-1.8]\'','\'(1.351-2.9104]\'','\'(2.0878-2.6317]\'','\'(0.7248-0.9467]\'','\'(1.1-2.2]\'','\'(-inf-1.1]\'',4.79
'\'(104.196-138.928]\'','\'(114.3904-171.5856]\'','\'(-inf-1.8]\'','\'(1.351-2.9104]\'','\'(2.0878-2.6317]\'','\'(0.7248-0.9467]\'','\'(2.2-3.3]\'','\'(-inf-1.1]\'',4.39
'\'(138.928-173.66]\'','\'(171.5856-228.7808]\'','\'(-inf-1.8]\'','\'(1.351-2.9104]\'','\'(2.0878-2.6317]\'','\'(0.5029-0.7248]\'','\'(2.2-3.3]\'','\'(-inf-1.1]\'',3.43
'\'(34.732-69.464]\'','\'(-inf-57.1952]\'','\'(-inf-1.8]\'','\'(1.351-2.9104]\'','\'(2.0878-2.6317]\'','\'(0.9467-1.1686]\'','\'(-inf-1.1]\'','\'(-inf-1.1]\'',3.978
'\'(69.464-104.196]\'','\'(57.1952-114.3904]\'','\'(1.8-3.6]\'','\'(1.351-2.9104]\'','\'(2.0878-2.6317]\'','\'(0.5029-0.7248]\'','\'(1.1-2.2]\'','\'(-inf-1.1]\'',4.489
'\'(69.464-104.196]\'','\'(57.1952-114.3904]\'','\'(-inf-1.8]\'','\'(1.351-2.9104]\'','\'(2.0878-2.6317]\'','\'(0.7248-0.9467]\'','\'(1.1-2.2]\'','\'(-inf-1.1]\'',3.718
'\'(69.464-104.196]\'','\'(57.1952-114.3904]\'','\'(-inf-1.8]\'','\'(1.351-2.9104]\'','\'(2.0878-2.6317]\'','\'(0.5029-0.7248]\'','\'(1.1-2.2]\'','\'(-inf-1.1]\'',5.402
'\'(104.196-138.928]\'','\'(114.3904-171.5856]\'','\'(-inf-1.8]\'','\'(1.351-2.9104]\'','\'(2.0878-2.6317]\'','\'(0.5029-0.7248]\'','\'(1.1-2.2]\'','\'(-inf-1.1]\'',4.606
'\'(69.464-104.196]\'','\'(57.1952-114.3904]\'','\'(-inf-1.8]\'','\'(1.351-2.9104]\'','\'(2.0878-2.6317]\'','\'(0.7248-0.9467]\'','\'(1.1-2.2]\'','\'(-inf-1.1]\'',3.591
'\'(34.732-69.464]\'','\'(-inf-57.1952]\'','\'(-inf-1.8]\'','\'(1.351-2.9104]\'','\'(2.0878-2.6317]\'','\'(0.9467-1.1686]\'','\'(-inf-1.1]\'','\'(-inf-1.1]\'',4.558
'\'(34.732-69.464]\'','\'(-inf-57.1952]\'','\'(-inf-1.8]\'','\'(1.351-2.9104]\'','\'(2.0878-2.6317]\'','\'(0.7248-0.9467]\'','\'(-inf-1.1]\'','\'(-inf-1.1]\'',4.611
'\'(34.732-69.464]\'','\'(-inf-57.1952]\'','\'(-inf-1.8]\'','\'(2.9104-4.4698]\'','\'(2.0878-2.6317]\'','\'(-inf-0.5029]\'','\'(-inf-1.1]\'','\'(-inf-1.1]\'',4.62
'\'(34.732-69.464]\'','\'(-inf-57.1952]\'','\'(-inf-1.8]\'','\'(1.351-2.9104]\'','\'(1.5439-2.0878]\'','\'(0.7248-0.9467]\'','\'(-inf-1.1]\'','\'(-inf-1.1]\'',3.615
'\'(34.732-69.464]\'','\'(-inf-57.1952]\'','\'(-inf-1.8]\'','\'(1.351-2.9104]\'','\'(2.0878-2.6317]\'','\'(0.7248-0.9467]\'','\'(-inf-1.1]\'','\'(-inf-1.1]\'',4.14
'\'(-inf-34.732]\'','\'(-inf-57.1952]\'','\'(-inf-1.8]\'','\'(2.9104-4.4698]\'','\'(2.0878-2.6317]\'','\'(0.7248-0.9467]\'','\'(-inf-1.1]\'','\'(-inf-1.1]\'',3.575
'\'(-inf-34.732]\'','\'(-inf-57.1952]\'','\'(-inf-1.8]\'','\'(1.351-2.9104]\'','\'(2.6317-3.1756]\'','\'(0.9467-1.1686]\'','\'(1.1-2.2]\'','\'(-inf-1.1]\'',5.01
'\'(-inf-34.732]\'','\'(-inf-57.1952]\'','\'(-inf-1.8]\'','\'(2.9104-4.4698]\'','\'(2.6317-3.1756]\'','\'(0.7248-0.9467]\'','\'(-inf-1.1]\'','\'(-inf-1.1]\'',5.433
'\'(-inf-34.732]\'','\'(-inf-57.1952]\'','\'(-inf-1.8]\'','\'(2.9104-4.4698]\'','\'(2.0878-2.6317]\'','\'(0.7248-0.9467]\'','\'(-inf-1.1]\'','\'(-inf-1.1]\'',4.909
'\'(-inf-34.732]\'','\'(-inf-57.1952]\'','\'(-inf-1.8]\'','\'(1.351-2.9104]\'','\'(2.0878-2.6317]\'','\'(0.7248-0.9467]\'','\'(-inf-1.1]\'','\'(-inf-1.1]\'',4.7
'\'(-inf-34.732]\'','\'(-inf-57.1952]\'','\'(-inf-1.8]\'','\'(1.351-2.9104]\'','\'(2.0878-2.6317]\'','\'(0.7248-0.9467]\'','\'(-inf-1.1]\'','\'(-inf-1.1]\'',5.069
'\'(-inf-34.732]\'','\'(-inf-57.1952]\'','\'(-inf-1.8]\'','\'(4.4698-6.0292]\'','\'(3.1756-3.7195]\'','\'(0.5029-0.7248]\'','\'(-inf-1.1]\'','\'(-inf-1.1]\'',6.004
'\'(-inf-34.732]\'','\'(-inf-57.1952]\'','\'(-inf-1.8]\'','\'(4.4698-6.0292]\'','\'(2.6317-3.1756]\'','\'(0.5029-0.7248]\'','\'(-inf-1.1]\'','\'(-inf-1.1]\'',6.281
'\'(-inf-34.732]\'','\'(-inf-57.1952]\'','\'(-inf-1.8]\'','\'(2.9104-4.4698]\'','\'(2.6317-3.1756]\'','\'(0.7248-0.9467]\'','\'(-inf-1.1]\'','\'(-inf-1.1]\'',5.406
'\'(-inf-34.732]\'','\'(-inf-57.1952]\'','\'(-inf-1.8]\'','\'(2.9104-4.4698]\'','\'(2.6317-3.1756]\'','\'(0.7248-0.9467]\'','\'(-inf-1.1]\'','\'(-inf-1.1]\'',6.7
'\'(-inf-34.732]\'','\'(-inf-57.1952]\'','\'(-inf-1.8]\'','\'(2.9104-4.4698]\'','\'(2.6317-3.1756]\'','\'(0.7248-0.9467]\'','\'(-inf-1.1]\'','\'(-inf-1.1]\'',4.737
'\'(-inf-34.732]\'','\'(-inf-57.1952]\'','\'(-inf-1.8]\'','\'(4.4698-6.0292]\'','\'(2.6317-3.1756]\'','\'(0.5029-0.7248]\'','\'(-inf-1.1]\'','\'(-inf-1.1]\'',6.027
'\'(-inf-34.732]\'','\'(-inf-57.1952]\'','\'(-inf-1.8]\'','\'(2.9104-4.4698]\'','\'(2.0878-2.6317]\'','\'(0.7248-0.9467]\'','\'(-inf-1.1]\'','\'(-inf-1.1]\'',4.147
'\'(-inf-34.732]\'','\'(-inf-57.1952]\'','\'(-inf-1.8]\'','\'(1.351-2.9104]\'','\'(2.0878-2.6317]\'','\'(0.7248-0.9467]\'','\'(-inf-1.1]\'','\'(-inf-1.1]\'',3.711
'\'(-inf-34.732]\'','\'(-inf-57.1952]\'','\'(-inf-1.8]\'','\'(2.9104-4.4698]\'','\'(2.6317-3.1756]\'','\'(0.7248-0.9467]\'','\'(-inf-1.1]\'','\'(-inf-1.1]\'',4.851
'\'(-inf-34.732]\'','\'(-inf-57.1952]\'','\'(-inf-1.8]\'','\'(1.351-2.9104]\'','\'(2.0878-2.6317]\'','\'(0.7248-0.9467]\'','\'(-inf-1.1]\'','\'(-inf-1.1]\'',3.53
'\'(104.196-138.928]\'','\'(-inf-57.1952]\'','\'(-inf-1.8]\'','\'(1.351-2.9104]\'','\'(3.1756-3.7195]\'','\'(0.5029-0.7248]\'','\'(1.1-2.2]\'','\'(-inf-1.1]\'',3.619
'\'(-inf-34.732]\'','\'(-inf-57.1952]\'','\'(-inf-1.8]\'','\'(2.9104-4.4698]\'','\'(2.0878-2.6317]\'','\'(0.5029-0.7248]\'','\'(-inf-1.1]\'','\'(-inf-1.1]\'',5.597
'\'(-inf-34.732]\'','\'(-inf-57.1952]\'','\'(-inf-1.8]\'','\'(1.351-2.9104]\'','\'(2.0878-2.6317]\'','\'(0.5029-0.7248]\'','\'(-inf-1.1]\'','\'(-inf-1.1]\'',3.357
'\'(-inf-34.732]\'','\'(-inf-57.1952]\'','\'(-inf-1.8]\'','\'(-0.2084-1.351]\'','\'(1.5439-2.0878]\'','\'(0.9467-1.1686]\'','\'(-inf-1.1]\'','\'(-inf-1.1]\'',1.815
'\'(-inf-34.732]\'','\'(-inf-57.1952]\'','\'(-inf-1.8]\'','\'(-0.2084-1.351]\'','\'(1.5439-2.0878]\'','\'(0.5029-0.7248]\'','\'(-inf-1.1]\'','\'(-inf-1.1]\'',2.421
'\'(69.464-104.196]\'','\'(57.1952-114.3904]\'','\'(1.8-3.6]\'','\'(-0.2084-1.351]\'','\'(2.6317-3.1756]\'','\'(0.9467-1.1686]\'','\'(4.4-5.5]\'','\'(-inf-1.1]\'',5.054
'\'(-inf-34.732]\'','\'(-inf-57.1952]\'','\'(-inf-1.8]\'','\'(1.351-2.9104]\'','\'(1.5439-2.0878]\'','\'(0.7248-0.9467]\'','\'(-inf-1.1]\'','\'(-inf-1.1]\'',3.89
'\'(277.856-312.588]\'','\'(400.3664-457.5616]\'','\'(3.6-5.4]\'','\'(-1.7678--0.2084]\'','\'(5.8951-inf)\'','\'(1.3905-1.6124]\'','\'(9.9-inf)\'','\'(9.9-inf)\'',4.779
'\'(-inf-34.732]\'','\'(-inf-57.1952]\'','\'(-inf-1.8]\'','\'(2.9104-4.4698]\'','\'(1.5439-2.0878]\'','\'(1.1686-1.3905]\'','\'(-inf-1.1]\'','\'(-inf-1.1]\'',3.792
'\'(-inf-34.732]\'','\'(-inf-57.1952]\'','\'(-inf-1.8]\'','\'(-0.2084-1.351]\'','\'(-inf-1.5439]\'','\'(1.1686-1.3905]\'','\'(-inf-1.1]\'','\'(-inf-1.1]\'',5.993
'\'(-inf-34.732]\'','\'(-inf-57.1952]\'','\'(-inf-1.8]\'','\'(-1.7678--0.2084]\'','\'(-inf-1.5439]\'','\'(1.3905-1.6124]\'','\'(-inf-1.1]\'','\'(-inf-1.1]\'',1.057
'\'(-inf-34.732]\'','\'(-inf-57.1952]\'','\'(-inf-1.8]\'','\'(1.351-2.9104]\'','\'(2.0878-2.6317]\'','\'(1.3905-1.6124]\'','\'(-inf-1.1]\'','\'(-inf-1.1]\'',4.886
'\'(34.732-69.464]\'','\'(57.1952-114.3904]\'','\'(-inf-1.8]\'','\'(2.9104-4.4698]\'','\'(3.1756-3.7195]\'','\'(0.9467-1.1686]\'','\'(-inf-1.1]\'','\'(-inf-1.1]\'',5.541
'\'(34.732-69.464]\'','\'(-inf-57.1952]\'','\'(1.8-3.6]\'','\'(-1.7678--0.2084]\'','\'(-inf-1.5439]\'','\'(0.5029-0.7248]\'','\'(-inf-1.1]\'','\'(-inf-1.1]\'',3.638
'\'(34.732-69.464]\'','\'(57.1952-114.3904]\'','\'(1.8-3.6]\'','\'(-0.2084-1.351]\'','\'(1.5439-2.0878]\'','\'(1.3905-1.6124]\'','\'(-inf-1.1]\'','\'(-inf-1.1]\'',1.22
'\'(-inf-34.732]\'','\'(-inf-57.1952]\'','\'(-inf-1.8]\'','\'(1.351-2.9104]\'','\'(2.0878-2.6317]\'','\'(1.1686-1.3905]\'','\'(-inf-1.1]\'','\'(-inf-1.1]\'',2.614
'\'(34.732-69.464]\'','\'(-inf-57.1952]\'','\'(-inf-1.8]\'','\'(1.351-2.9104]\'','\'(2.0878-2.6317]\'','\'(0.9467-1.1686]\'','\'(-inf-1.1]\'','\'(-inf-1.1]\'',4.762
'\'(34.732-69.464]\'','\'(-inf-57.1952]\'','\'(-inf-1.8]\'','\'(-0.2084-1.351]\'','\'(1.5439-2.0878]\'','\'(1.8343-2.0562]\'','\'(-inf-1.1]\'','\'(-inf-1.1]\'',2.829
'\'(34.732-69.464]\'','\'(57.1952-114.3904]\'','\'(1.8-3.6]\'','\'(2.9104-4.4698]\'','\'(2.6317-3.1756]\'','\'(0.9467-1.1686]\'','\'(-inf-1.1]\'','\'(-inf-1.1]\'',5.37
'\'(-inf-34.732]\'','\'(-inf-57.1952]\'','\'(-inf-1.8]\'','\'(2.9104-4.4698]\'','\'(1.5439-2.0878]\'','\'(1.3905-1.6124]\'','\'(-inf-1.1]\'','\'(-inf-1.1]\'',4.819
'\'(-inf-34.732]\'','\'(-inf-57.1952]\'','\'(-inf-1.8]\'','\'(1.351-2.9104]\'','\'(1.5439-2.0878]\'','\'(1.3905-1.6124]\'','\'(-inf-1.1]\'','\'(-inf-1.1]\'',4.039
'\'(-inf-34.732]\'','\'(-inf-57.1952]\'','\'(-inf-1.8]\'','\'(2.9104-4.4698]\'','\'(1.5439-2.0878]\'','\'(1.6124-1.8343]\'','\'(-inf-1.1]\'','\'(-inf-1.1]\'',5.47
'\'(-inf-34.732]\'','\'(-inf-57.1952]\'','\'(-inf-1.8]\'','\'(4.4698-6.0292]\'','\'(2.0878-2.6317]\'','\'(1.3905-1.6124]\'','\'(-inf-1.1]\'','\'(-inf-1.1]\'',5.299
'\'(34.732-69.464]\'','\'(57.1952-114.3904]\'','\'(-inf-1.8]\'','\'(6.0292-7.5886]\'','\'(3.7195-4.2634]\'','\'(1.3905-1.6124]\'','\'(-inf-1.1]\'','\'(1.1-2.2]\'',6.194
'\'(34.732-69.464]\'','\'(-inf-57.1952]\'','\'(1.8-3.6]\'','\'(1.351-2.9104]\'','\'(2.0878-2.6317]\'','\'(0.9467-1.1686]\'','\'(1.1-2.2]\'','\'(-inf-1.1]\'',3.52
'\'(34.732-69.464]\'','\'(-inf-57.1952]\'','\'(-inf-1.8]\'','\'(2.9104-4.4698]\'','\'(2.6317-3.1756]\'','\'(1.8343-2.0562]\'','\'(-inf-1.1]\'','\'(-inf-1.1]\'',4.862
'\'(69.464-104.196]\'','\'(-inf-57.1952]\'','\'(-inf-1.8]\'','\'(2.9104-4.4698]\'','\'(2.6317-3.1756]\'','\'(0.7248-0.9467]\'','\'(-inf-1.1]\'','\'(-inf-1.1]\'',7.676
'\'(34.732-69.464]\'','\'(-inf-57.1952]\'','\'(-inf-1.8]\'','\'(2.9104-4.4698]\'','\'(3.1756-3.7195]\'','\'(0.9467-1.1686]\'','\'(2.2-3.3]\'','\'(-inf-1.1]\'',4.943
'\'(69.464-104.196]\'','\'(57.1952-114.3904]\'','\'(-inf-1.8]\'','\'(2.9104-4.4698]\'','\'(2.6317-3.1756]\'','\'(1.1686-1.3905]\'','\'(2.2-3.3]\'','\'(-inf-1.1]\'',7.012
'\'(34.732-69.464]\'','\'(-inf-57.1952]\'','\'(-inf-1.8]\'','\'(2.9104-4.4698]\'','\'(2.6317-3.1756]\'','\'(0.9467-1.1686]\'','\'(-inf-1.1]\'','\'(-inf-1.1]\'',5.548
'\'(-inf-34.732]\'','\'(-inf-57.1952]\'','\'(-inf-1.8]\'','\'(1.351-2.9104]\'','\'(2.0878-2.6317]\'','\'(1.1686-1.3905]\'','\'(-inf-1.1]\'','\'(-inf-1.1]\'',3.078
'\'(104.196-138.928]\'','\'(-inf-57.1952]\'','\'(-inf-1.8]\'','\'(1.351-2.9104]\'','\'(2.6317-3.1756]\'','\'(0.7248-0.9467]\'','\'(1.1-2.2]\'','\'(-inf-1.1]\'',5.976
'\'(69.464-104.196]\'','\'(-inf-57.1952]\'','\'(1.8-3.6]\'','\'(-1.7678--0.2084]\'','\'(1.5439-2.0878]\'','\'(0.7248-0.9467]\'','\'(1.1-2.2]\'','\'(-inf-1.1]\'',3.936
'\'(-inf-34.732]\'','\'(-inf-57.1952]\'','\'(-inf-1.8]\'','\'(-0.2084-1.351]\'','\'(-inf-1.5439]\'','\'(1.8343-2.0562]\'','\'(-inf-1.1]\'','\'(-inf-1.1]\'',3.118
'\'(-inf-34.732]\'','\'(-inf-57.1952]\'','\'(-inf-1.8]\'','\'(1.351-2.9104]\'','\'(2.0878-2.6317]\'','\'(0.9467-1.1686]\'','\'(-inf-1.1]\'','\'(-inf-1.1]\'',5.46
'\'(34.732-69.464]\'','\'(57.1952-114.3904]\'','\'(1.8-3.6]\'','\'(1.351-2.9104]\'','\'(2.0878-2.6317]\'','\'(1.1686-1.3905]\'','\'(4.4-5.5]\'','\'(-inf-1.1]\'',3.601
'\'(69.464-104.196]\'','\'(57.1952-114.3904]\'','\'(1.8-3.6]\'','\'(1.351-2.9104]\'','\'(2.0878-2.6317]\'','\'(0.9467-1.1686]\'','\'(4.4-5.5]\'','\'(-inf-1.1]\'',3.63
'\'(-inf-34.732]\'','\'(-inf-57.1952]\'','\'(-inf-1.8]\'','\'(-0.2084-1.351]\'','\'(1.5439-2.0878]\'','\'(1.8343-2.0562]\'','\'(-inf-1.1]\'','\'(-inf-1.1]\'',2.09
'\'(104.196-138.928]\'','\'(-inf-57.1952]\'','\'(-inf-1.8]\'','\'(-0.2084-1.351]\'','\'(2.0878-2.6317]\'','\'(1.1686-1.3905]\'','\'(-inf-1.1]\'','\'(-inf-1.1]\'',5.762
'\'(34.732-69.464]\'','\'(-inf-57.1952]\'','\'(-inf-1.8]\'','\'(2.9104-4.4698]\'','\'(2.6317-3.1756]\'','\'(1.3905-1.6124]\'','\'(-inf-1.1]\'','\'(-inf-1.1]\'',6.56
'\'(69.464-104.196]\'','\'(-inf-57.1952]\'','\'(-inf-1.8]\'','\'(2.9104-4.4698]\'','\'(2.6317-3.1756]\'','\'(1.3905-1.6124]\'','\'(-inf-1.1]\'','\'(-inf-1.1]\'',8.113
'\'(104.196-138.928]\'','\'(-inf-57.1952]\'','\'(-inf-1.8]\'','\'(-0.2084-1.351]\'','\'(2.6317-3.1756]\'','\'(1.3905-1.6124]\'','\'(-inf-1.1]\'','\'(-inf-1.1]\'',9.15
'\'(-inf-34.732]\'','\'(-inf-57.1952]\'','\'(-inf-1.8]\'','\'(2.9104-4.4698]\'','\'(1.5439-2.0878]\'','\'(0.9467-1.1686]\'','\'(-inf-1.1]\'','\'(-inf-1.1]\'',4.502
'\'(69.464-104.196]\'','\'(114.3904-171.5856]\'','\'(3.6-5.4]\'','\'(-1.7678--0.2084]\'','\'(1.5439-2.0878]\'','\'(1.6124-1.8343]\'','\'(4.4-5.5]\'','\'(-inf-1.1]\'',1.983
'\'(-inf-34.732]\'','\'(-inf-57.1952]\'','\'(-inf-1.8]\'','\'(4.4698-6.0292]\'','\'(3.1756-3.7195]\'','\'(0.9467-1.1686]\'','\'(-inf-1.1]\'','\'(-inf-1.1]\'',5.551
'\'(34.732-69.464]\'','\'(-inf-57.1952]\'','\'(-inf-1.8]\'','\'(-0.2084-1.351]\'','\'(-inf-1.5439]\'','\'(0.5029-0.7248]\'','\'(-inf-1.1]\'','\'(-inf-1.1]\'',5.418
'\'(-inf-34.732]\'','\'(-inf-57.1952]\'','\'(-inf-1.8]\'','\'(-0.2084-1.351]\'','\'(-inf-1.5439]\'','\'(2.0562-2.2781]\'','\'(-inf-1.1]\'','\'(-inf-1.1]\'',2.958
'\'(69.464-104.196]\'','\'(57.1952-114.3904]\'','\'(-inf-1.8]\'','\'(-0.2084-1.351]\'','\'(2.0878-2.6317]\'','\'(0.9467-1.1686]\'','\'(1.1-2.2]\'','\'(-inf-1.1]\'',6.964
'\'(34.732-69.464]\'','\'(57.1952-114.3904]\'','\'(-inf-1.8]\'','\'(1.351-2.9104]\'','\'(2.6317-3.1756]\'','\'(1.1686-1.3905]\'','\'(-inf-1.1]\'','\'(-inf-1.1]\'',4.91
'\'(34.732-69.464]\'','\'(-inf-57.1952]\'','\'(1.8-3.6]\'','\'(-1.7678--0.2084]\'','\'(1.5439-2.0878]\'','\'(0.7248-0.9467]\'','\'(1.1-2.2]\'','\'(-inf-1.1]\'',3.825
'\'(-inf-34.732]\'','\'(57.1952-114.3904]\'','\'(-inf-1.8]\'','\'(2.9104-4.4698]\'','\'(3.1756-3.7195]\'','\'(0.9467-1.1686]\'','\'(-inf-1.1]\'','\'(-inf-1.1]\'',5.783
'\'(69.464-104.196]\'','\'(114.3904-171.5856]\'','\'(-inf-1.8]\'','\'(2.9104-4.4698]\'','\'(3.7195-4.2634]\'','\'(0.9467-1.1686]\'','\'(2.2-3.3]\'','\'(1.1-2.2]\'',6.389
'\'(104.196-138.928]\'','\'(114.3904-171.5856]\'','\'(-inf-1.8]\'','\'(1.351-2.9104]\'','\'(3.1756-3.7195]\'','\'(1.1686-1.3905]\'','\'(1.1-2.2]\'','\'(1.1-2.2]\'',4.071
'\'(34.732-69.464]\'','\'(57.1952-114.3904]\'','\'(1.8-3.6]\'','\'(-0.2084-1.351]\'','\'(2.6317-3.1756]\'','\'(0.9467-1.1686]\'','\'(2.2-3.3]\'','\'(-inf-1.1]\'',6.119
'\'(69.464-104.196]\'','\'(57.1952-114.3904]\'','\'(-inf-1.8]\'','\'(-0.2084-1.351]\'','\'(3.1756-3.7195]\'','\'(0.9467-1.1686]\'','\'(-inf-1.1]\'','\'(-inf-1.1]\'',2.506
'\'(34.732-69.464]\'','\'(-inf-57.1952]\'','\'(-inf-1.8]\'','\'(-0.2084-1.351]\'','\'(1.5439-2.0878]\'','\'(1.8343-2.0562]\'','\'(-inf-1.1]\'','\'(-inf-1.1]\'',9.099
'\'(104.196-138.928]\'','\'(57.1952-114.3904]\'','\'(-inf-1.8]\'','\'(-0.2084-1.351]\'','\'(2.6317-3.1756]\'','\'(0.7248-0.9467]\'','\'(-inf-1.1]\'','\'(1.1-2.2]\'',5.6
'\'(34.732-69.464]\'','\'(57.1952-114.3904]\'','\'(-inf-1.8]\'','\'(1.351-2.9104]\'','\'(3.7195-4.2634]\'','\'(0.9467-1.1686]\'','\'(-inf-1.1]\'','\'(-inf-1.1]\'',8.028
'\'(-inf-34.732]\'','\'(-inf-57.1952]\'','\'(-inf-1.8]\'','\'(2.9104-4.4698]\'','\'(2.6317-3.1756]\'','\'(0.7248-0.9467]\'','\'(-inf-1.1]\'','\'(-inf-1.1]\'',7.087
'\'(34.732-69.464]\'','\'(57.1952-114.3904]\'','\'(-inf-1.8]\'','\'(1.351-2.9104]\'','\'(2.6317-3.1756]\'','\'(0.9467-1.1686]\'','\'(-inf-1.1]\'','\'(-inf-1.1]\'',3.794
'\'(34.732-69.464]\'','\'(-inf-57.1952]\'','\'(-inf-1.8]\'','\'(-1.7678--0.2084]\'','\'(-inf-1.5439]\'','\'(1.1686-1.3905]\'','\'(-inf-1.1]\'','\'(-inf-1.1]\'',0.495
'\'(-inf-34.732]\'','\'(-inf-57.1952]\'','\'(-inf-1.8]\'','\'(1.351-2.9104]\'','\'(2.6317-3.1756]\'','\'(0.9467-1.1686]\'','\'(1.1-2.2]\'','\'(-inf-1.1]\'',4.823
'\'(-inf-34.732]\'','\'(-inf-57.1952]\'','\'(-inf-1.8]\'','\'(4.4698-6.0292]\'','\'(2.6317-3.1756]\'','\'(0.7248-0.9467]\'','\'(-inf-1.1]\'','\'(-inf-1.1]\'',6.19
'\'(-inf-34.732]\'','\'(-inf-57.1952]\'','\'(-inf-1.8]\'','\'(2.9104-4.4698]\'','\'(1.5439-2.0878]\'','\'(0.9467-1.1686]\'','\'(-inf-1.1]\'','\'(-inf-1.1]\'',4.3
'\'(34.732-69.464]\'','\'(-inf-57.1952]\'','\'(-inf-1.8]\'','\'(1.351-2.9104]\'','\'(2.0878-2.6317]\'','\'(0.7248-0.9467]\'','\'(-inf-1.1]\'','\'(-inf-1.1]\'',4.01
'\'(-inf-34.732]\'','\'(-inf-57.1952]\'','\'(-inf-1.8]\'','\'(1.351-2.9104]\'','\'(1.5439-2.0878]\'','\'(0.9467-1.1686]\'','\'(-inf-1.1]\'','\'(-inf-1.1]\'',4.038
'\'(-inf-34.732]\'','\'(-inf-57.1952]\'','\'(-inf-1.8]\'','\'(1.351-2.9104]\'','\'(1.5439-2.0878]\'','\'(0.9467-1.1686]\'','\'(-inf-1.1]\'','\'(-inf-1.1]\'',3.002
'\'(-inf-34.732]\'','\'(-inf-57.1952]\'','\'(1.8-3.6]\'','\'(1.351-2.9104]\'','\'(1.5439-2.0878]\'','\'(0.7248-0.9467]\'','\'(-inf-1.1]\'','\'(-inf-1.1]\'',5.312
'\'(-inf-34.732]\'','\'(-inf-57.1952]\'','\'(-inf-1.8]\'','\'(2.9104-4.4698]\'','\'(2.6317-3.1756]\'','\'(-inf-0.5029]\'','\'(-inf-1.1]\'','\'(-inf-1.1]\'',5.513
'\'(-inf-34.732]\'','\'(-inf-57.1952]\'','\'(-inf-1.8]\'','\'(1.351-2.9104]\'','\'(-inf-1.5439]\'','\'(0.5029-0.7248]\'','\'(-inf-1.1]\'','\'(-inf-1.1]\'',3.492
'\'(-inf-34.732]\'','\'(-inf-57.1952]\'','\'(-inf-1.8]\'','\'(1.351-2.9104]\'','\'(-inf-1.5439]\'','\'(0.7248-0.9467]\'','\'(-inf-1.1]\'','\'(-inf-1.1]\'',2.608
'\'(-inf-34.732]\'','\'(-inf-57.1952]\'','\'(-inf-1.8]\'','\'(1.351-2.9104]\'','\'(1.5439-2.0878]\'','\'(0.9467-1.1686]\'','\'(-inf-1.1]\'','\'(-inf-1.1]\'',2.778
'\'(-inf-34.732]\'','\'(-inf-57.1952]\'','\'(-inf-1.8]\'','\'(1.351-2.9104]\'','\'(-inf-1.5439]\'','\'(0.5029-0.7248]\'','\'(-inf-1.1]\'','\'(-inf-1.1]\'',2.659
'\'(-inf-34.732]\'','\'(-inf-57.1952]\'','\'(-inf-1.8]\'','\'(2.9104-4.4698]\'','\'(2.0878-2.6317]\'','\'(0.5029-0.7248]\'','\'(-inf-1.1]\'','\'(-inf-1.1]\'',5.389
'\'(-inf-34.732]\'','\'(-inf-57.1952]\'','\'(1.8-3.6]\'','\'(2.9104-4.4698]\'','\'(1.5439-2.0878]\'','\'(-inf-0.5029]\'','\'(-inf-1.1]\'','\'(-inf-1.1]\'',5.559
'\'(-inf-34.732]\'','\'(-inf-57.1952]\'','\'(-inf-1.8]\'','\'(2.9104-4.4698]\'','\'(1.5439-2.0878]\'','\'(-inf-0.5029]\'','\'(-inf-1.1]\'','\'(-inf-1.1]\'',5.76
'\'(-inf-34.732]\'','\'(-inf-57.1952]\'','\'(-inf-1.8]\'','\'(2.9104-4.4698]\'','\'(1.5439-2.0878]\'','\'(-inf-0.5029]\'','\'(-inf-1.1]\'','\'(-inf-1.1]\'',5.61
'\'(-inf-34.732]\'','\'(-inf-57.1952]\'','\'(-inf-1.8]\'','\'(2.9104-4.4698]\'','\'(1.5439-2.0878]\'','\'(0.5029-0.7248]\'','\'(-inf-1.1]\'','\'(-inf-1.1]\'',5.55
'\'(34.732-69.464]\'','\'(-inf-57.1952]\'','\'(-inf-1.8]\'','\'(2.9104-4.4698]\'','\'(2.0878-2.6317]\'','\'(-inf-0.5029]\'','\'(-inf-1.1]\'','\'(-inf-1.1]\'',4.251
'\'(-inf-34.732]\'','\'(-inf-57.1952]\'','\'(-inf-1.8]\'','\'(6.0292-7.5886]\'','\'(2.6317-3.1756]\'','\'(-inf-0.5029]\'','\'(-inf-1.1]\'','\'(-inf-1.1]\'',7.509
'\'(-inf-34.732]\'','\'(-inf-57.1952]\'','\'(-inf-1.8]\'','\'(4.4698-6.0292]\'','\'(2.6317-3.1756]\'','\'(0.5029-0.7248]\'','\'(-inf-1.1]\'','\'(-inf-1.1]\'',6.67
'\'(34.732-69.464]\'','\'(57.1952-114.3904]\'','\'(-inf-1.8]\'','\'(2.9104-4.4698]\'','\'(3.1756-3.7195]\'','\'(0.9467-1.1686]\'','\'(2.2-3.3]\'','\'(-inf-1.1]\'',5.02
'\'(-inf-34.732]\'','\'(-inf-57.1952]\'','\'(-inf-1.8]\'','\'(2.9104-4.4698]\'','\'(2.6317-3.1756]\'','\'(0.7248-0.9467]\'','\'(1.1-2.2]\'','\'(-inf-1.1]\'',4.821
'\'(-inf-34.732]\'','\'(-inf-57.1952]\'','\'(-inf-1.8]\'','\'(2.9104-4.4698]\'','\'(2.0878-2.6317]\'','\'(0.5029-0.7248]\'','\'(-inf-1.1]\'','\'(-inf-1.1]\'',5.422
'\'(34.732-69.464]\'','\'(57.1952-114.3904]\'','\'(-inf-1.8]\'','\'(2.9104-4.4698]\'','\'(2.0878-2.6317]\'','\'(-inf-0.5029]\'','\'(1.1-2.2]\'','\'(1.1-2.2]\'',6.21
'\'(104.196-138.928]\'','\'(114.3904-171.5856]\'','\'(1.8-3.6]\'','\'(-0.2084-1.351]\'','\'(2.0878-2.6317]\'','\'(0.9467-1.1686]\'','\'(3.3-4.4]\'','\'(-inf-1.1]\'',3.839
'\'(-inf-34.732]\'','\'(-inf-57.1952]\'','\'(1.8-3.6]\'','\'(1.351-2.9104]\'','\'(1.5439-2.0878]\'','\'(-inf-0.5029]\'','\'(-inf-1.1]\'','\'(-inf-1.1]\'',5.437
'\'(34.732-69.464]\'','\'(57.1952-114.3904]\'','\'(3.6-5.4]\'','\'(2.9104-4.4698]\'','\'(2.6317-3.1756]\'','\'(0.5029-0.7248]\'','\'(1.1-2.2]\'','\'(-inf-1.1]\'',5.381
'\'(-inf-34.732]\'','\'(-inf-57.1952]\'','\'(1.8-3.6]\'','\'(1.351-2.9104]\'','\'(1.5439-2.0878]\'','\'(0.5029-0.7248]\'','\'(-inf-1.1]\'','\'(-inf-1.1]\'',6.108
'\'(-inf-34.732]\'','\'(-inf-57.1952]\'','\'(1.8-3.6]\'','\'(1.351-2.9104]\'','\'(1.5439-2.0878]\'','\'(0.5029-0.7248]\'','\'(-inf-1.1]\'','\'(-inf-1.1]\'',5.19
'\'(104.196-138.928]\'','\'(57.1952-114.3904]\'','\'(3.6-5.4]\'','\'(-0.2084-1.351]\'','\'(2.0878-2.6317]\'','\'(0.5029-0.7248]\'','\'(4.4-5.5]\'','\'(-inf-1.1]\'',4.006
'\'(34.732-69.464]\'','\'(57.1952-114.3904]\'','\'(1.8-3.6]\'','\'(2.9104-4.4698]\'','\'(3.1756-3.7195]\'','\'(1.1686-1.3905]\'','\'(-inf-1.1]\'','\'(-inf-1.1]\'',4.535
'\'(34.732-69.464]\'','\'(-inf-57.1952]\'','\'(-inf-1.8]\'','\'(2.9104-4.4698]\'','\'(3.7195-4.2634]\'','\'(0.9467-1.1686]\'','\'(-inf-1.1]\'','\'(-inf-1.1]\'',8.164
'\'(-inf-34.732]\'','\'(-inf-57.1952]\'','\'(-inf-1.8]\'','\'(-0.2084-1.351]\'','\'(1.5439-2.0878]\'','\'(1.3905-1.6124]\'','\'(-inf-1.1]\'','\'(-inf-1.1]\'',4.906
'\'(69.464-104.196]\'','\'(57.1952-114.3904]\'','\'(-inf-1.8]\'','\'(1.351-2.9104]\'','\'(3.1756-3.7195]\'','\'(0.7248-0.9467]\'','\'(2.2-3.3]\'','\'(-inf-1.1]\'',4.022
'\'(34.732-69.464]\'','\'(57.1952-114.3904]\'','\'(-inf-1.8]\'','\'(-0.2084-1.351]\'','\'(2.6317-3.1756]\'','\'(1.1686-1.3905]\'','\'(-inf-1.1]\'','\'(-inf-1.1]\'',3.47
'\'(34.732-69.464]\'','\'(57.1952-114.3904]\'','\'(-inf-1.8]\'','\'(1.351-2.9104]\'','\'(1.5439-2.0878]\'','\'(0.7248-0.9467]\'','\'(-inf-1.1]\'','\'(-inf-1.1]\'',4.462
'\'(69.464-104.196]\'','\'(114.3904-171.5856]\'','\'(1.8-3.6]\'','\'(-1.7678--0.2084]\'','\'(1.5439-2.0878]\'','\'(0.9467-1.1686]\'','\'(-inf-1.1]\'','\'(1.1-2.2]\'',2.764
'\'(34.732-69.464]\'','\'(57.1952-114.3904]\'','\'(-inf-1.8]\'','\'(1.351-2.9104]\'','\'(2.0878-2.6317]\'','\'(0.9467-1.1686]\'','\'(-inf-1.1]\'','\'(-inf-1.1]\'',3.474
'\'(138.928-173.66]\'','\'(228.7808-285.976]\'','\'(3.6-5.4]\'','\'(-1.7678--0.2084]\'','\'(2.6317-3.1756]\'','\'(1.3905-1.6124]\'','\'(1.1-2.2]\'','\'(3.3-4.4]\'',3.103
'\'(104.196-138.928]\'','\'(171.5856-228.7808]\'','\'(3.6-5.4]\'','\'(-3.3272--1.7678]\'','\'(1.5439-2.0878]\'','\'(1.6124-1.8343]\'','\'(-inf-1.1]\'','\'(-inf-1.1]\'',3.908
'\'(34.732-69.464]\'','\'(57.1952-114.3904]\'','\'(1.8-3.6]\'','\'(2.9104-4.4698]\'','\'(2.6317-3.1756]\'','\'(0.5029-0.7248]\'','\'(-inf-1.1]\'','\'(-inf-1.1]\'',4.121
'\'(-inf-34.732]\'','\'(-inf-57.1952]\'','\'(-inf-1.8]\'','\'(-0.2084-1.351]\'','\'(-inf-1.5439]\'','\'(0.9467-1.1686]\'','\'(-inf-1.1]\'','\'(-inf-1.1]\'',2.579
'\'(-inf-34.732]\'','\'(-inf-57.1952]\'','\'(-inf-1.8]\'','\'(-0.2084-1.351]\'','\'(1.5439-2.0878]\'','\'(1.8343-2.0562]\'','\'(-inf-1.1]\'','\'(-inf-1.1]\'',2.959
'\'(34.732-69.464]\'','\'(57.1952-114.3904]\'','\'(1.8-3.6]\'','\'(-1.7678--0.2084]\'','\'(2.0878-2.6317]\'','\'(1.8343-2.0562]\'','\'(-inf-1.1]\'','\'(-inf-1.1]\'',0.46
'\'(-inf-34.732]\'','\'(-inf-57.1952]\'','\'(-inf-1.8]\'','\'(2.9104-4.4698]\'','\'(1.5439-2.0878]\'','\'(-inf-0.5029]\'','\'(-inf-1.1]\'','\'(-inf-1.1]\'',6.11
'\'(-inf-34.732]\'','\'(-inf-57.1952]\'','\'(-inf-1.8]\'','\'(2.9104-4.4698]\'','\'(1.5439-2.0878]\'','\'(-inf-0.5029]\'','\'(-inf-1.1]\'','\'(-inf-1.1]\'',5.461
'\'(34.732-69.464]\'','\'(-inf-57.1952]\'','\'(1.8-3.6]\'','\'(2.9104-4.4698]\'','\'(2.6317-3.1756]\'','\'(0.5029-0.7248]\'','\'(1.1-2.2]\'','\'(-inf-1.1]\'',3.531
'\'(104.196-138.928]\'','\'(-inf-57.1952]\'','\'(-inf-1.8]\'','\'(-0.2084-1.351]\'','\'(2.0878-2.6317]\'','\'(0.5029-0.7248]\'','\'(1.1-2.2]\'','\'(-inf-1.1]\'',5.922
'\'(34.732-69.464]\'','\'(-inf-57.1952]\'','\'(-inf-1.8]\'','\'(1.351-2.9104]\'','\'(2.0878-2.6317]\'','\'(0.5029-0.7248]\'','\'(-inf-1.1]\'','\'(-inf-1.1]\'',3.64
'\'(-inf-34.732]\'','\'(-inf-57.1952]\'','\'(-inf-1.8]\'','\'(4.4698-6.0292]\'','\'(2.6317-3.1756]\'','\'(0.5029-0.7248]\'','\'(-inf-1.1]\'','\'(-inf-1.1]\'',6.173
'\'(-inf-34.732]\'','\'(-inf-57.1952]\'','\'(1.8-3.6]\'','\'(2.9104-4.4698]\'','\'(2.6317-3.1756]\'','\'(0.7248-0.9467]\'','\'(1.1-2.2]\'','\'(-inf-1.1]\'',4.651
'\'(-inf-34.732]\'','\'(-inf-57.1952]\'','\'(-inf-1.8]\'','\'(2.9104-4.4698]\'','\'(2.6317-3.1756]\'','\'(0.7248-0.9467]\'','\'(-inf-1.1]\'','\'(-inf-1.1]\'',3.953
'\'(-inf-34.732]\'','\'(-inf-57.1952]\'','\'(-inf-1.8]\'','\'(4.4698-6.0292]\'','\'(2.6317-3.1756]\'','\'(0.7248-0.9467]\'','\'(-inf-1.1]\'','\'(-inf-1.1]\'',6.219
'\'(-inf-34.732]\'','\'(-inf-57.1952]\'','\'(-inf-1.8]\'','\'(1.351-2.9104]\'','\'(2.0878-2.6317]\'','\'(0.7248-0.9467]\'','\'(-inf-1.1]\'','\'(-inf-1.1]\'',4.995
'\'(-inf-34.732]\'','\'(-inf-57.1952]\'','\'(-inf-1.8]\'','\'(1.351-2.9104]\'','\'(1.5439-2.0878]\'','\'(0.7248-0.9467]\'','\'(-inf-1.1]\'','\'(-inf-1.1]\'',2.48
