1,2,3,4,5,6,7,8,9,10,11,12,13,14,15,16,17,18,19,20
BRICKFACE,'\'(126.5-151.6]\'','\'(106.6-130.5]\'','\'All\'','\'(-inf-0.011111]\'','\'(-inf-0.022222]\'','\'(-inf-2.55]\'','\'(-inf-57.29964]\'','\'(-inf-4.472222]\'','\'(-inf-138.63292]\'','\'(-inf-14.344444]\'','\'(-inf-13.688889]\'','\'(-inf-15.088889]\'','\'(-inf-14.255556]\'','\'(0.377778-inf)\'','\'(-0.822222-8.022222]\'','\'(-9.577777--4.333332]\'','\'(-inf-15.088889]\'','\'(0.5-0.6]\'',-1.121818
BRICKFACE,'\'(176.7-201.8]\'','\'(130.5-154.4]\'','\'All\'','\'(-inf-0.011111]\'','\'(-inf-0.022222]\'','\'(-inf-2.55]\'','\'(-inf-57.29964]\'','\'(-inf-4.472222]\'','\'(-inf-138.63292]\'','\'(-inf-14.344444]\'','\'(-inf-13.688889]\'','\'(-inf-15.088889]\'','\'(-inf-14.255556]\'','\'(0.377778-inf)\'','\'(-0.822222-8.022222]\'','\'(-9.577777--4.333332]\'','\'(-inf-15.088889]\'','\'(0.5-0.6]\'',-0.924817
BRICKFACE,'\'(101.4-126.5]\'','\'(130.5-154.4]\'','\'All\'','\'(-inf-0.011111]\'','\'(-inf-0.022222]\'','\'(-inf-2.55]\'','\'(-inf-57.29964]\'','\'(-inf-4.472222]\'','\'(-inf-138.63292]\'','\'(-inf-14.344444]\'','\'(-inf-13.688889]\'','\'(-inf-15.088889]\'','\'(-inf-14.255556]\'','\'(0.377778-inf)\'','\'(-0.822222-8.022222]\'','\'(-9.577777--4.333332]\'','\'(-inf-15.088889]\'','\'(0.5-0.6]\'',-0.965946
BRICKFACE,'\'(26.1-51.2]\'','\'(130.5-154.4]\'','\'All\'','\'(-inf-0.011111]\'','\'(-inf-0.022222]\'','\'(-inf-2.55]\'','\'(-inf-57.29964]\'','\'(-inf-4.472222]\'','\'(-inf-138.63292]\'','\'(-inf-14.344444]\'','\'(-inf-13.688889]\'','\'(-inf-15.088889]\'','\'(-inf-14.255556]\'','\'(0.377778-inf)\'','\'(-0.822222-8.022222]\'','\'(-9.577777--4.333332]\'','\'(-inf-15.088889]\'','\'(0.5-0.6]\'',-0.744272
BRICKFACE,'\'(26.1-51.2]\'','\'(106.6-130.5]\'','\'All\'','\'(-inf-0.011111]\'','\'(-inf-0.022222]\'','\'(-inf-2.55]\'','\'(-inf-57.29964]\'','\'(-inf-4.472222]\'','\'(-inf-138.63292]\'','\'(-inf-14.344444]\'','\'(-inf-13.688889]\'','\'(-inf-15.088889]\'','\'(-inf-14.255556]\'','\'(0.377778-inf)\'','\'(-0.822222-8.022222]\'','\'(-9.577777--4.333332]\'','\'(-inf-15.088889]\'','\'(0.5-0.6]\'',-1.175773
BRICKFACE,'\'(-inf-26.1]\'','\'(106.6-130.5]\'','\'All\'','\'(-inf-0.011111]\'','\'(-inf-0.022222]\'','\'(-inf-2.55]\'','\'(-inf-57.29964]\'','\'(-inf-4.472222]\'','\'(-inf-138.63292]\'','\'(-inf-14.344444]\'','\'(-inf-13.688889]\'','\'(-inf-15.088889]\'','\'(-inf-14.255556]\'','\'(0.377778-inf)\'','\'(-0.822222-8.022222]\'','\'(-9.577777--4.333332]\'','\'(-inf-15.088889]\'','\'(0.5-0.6]\'',-0.985811
BRICKFACE,'\'(-inf-26.1]\'','\'(58.8-82.7]\'','\'All\'','\'(0.1-inf)\'','\'(-inf-0.022222]\'','\'(-inf-2.55]\'','\'(-inf-57.29964]\'','\'(-inf-4.472222]\'','\'(-inf-138.63292]\'','\'(14.344444-28.688888]\'','\'(13.688889-27.377778]\'','\'(15.088889-30.177778]\'','\'(14.255556-28.511112]\'','\'(-5.022222-0.377778]\'','\'(16.866667-25.711112]\'','\'(-20.066666--14.822221]\'','\'(15.088889-30.177778]\'','\'(0.4-0.5]\'',-1.623202
BRICKFACE,'\'(-inf-26.1]\'','\'(106.6-130.5]\'','\'All\'','\'(-inf-0.011111]\'','\'(-inf-0.022222]\'','\'(-inf-2.55]\'','\'(-inf-57.29964]\'','\'(-inf-4.472222]\'','\'(-inf-138.63292]\'','\'(14.344444-28.688888]\'','\'(13.688889-27.377778]\'','\'(15.088889-30.177778]\'','\'(-inf-14.255556]\'','\'(0.377778-inf)\'','\'(8.022222-16.866667]\'','\'(-14.822221--9.577777]\'','\'(15.088889-30.177778]\'','\'(0.3-0.4]\'',-1.345096
BRICKFACE,'\'(-inf-26.1]\'','\'(106.6-130.5]\'','\'All\'','\'(-inf-0.011111]\'','\'(-inf-0.022222]\'','\'(-inf-2.55]\'','\'(-inf-57.29964]\'','\'(-inf-4.472222]\'','\'(-inf-138.63292]\'','\'(14.344444-28.688888]\'','\'(13.688889-27.377778]\'','\'(15.088889-30.177778]\'','\'(-inf-14.255556]\'','\'(0.377778-inf)\'','\'(8.022222-16.866667]\'','\'(-14.822221--9.577777]\'','\'(15.088889-30.177778]\'','\'(0.3-0.4]\'',-1.302133
BRICKFACE,'\'(76.3-101.4]\'','\'(82.7-106.6]\'','\'All\'','\'(-inf-0.011111]\'','\'(-inf-0.022222]\'','\'(-inf-2.55]\'','\'(-inf-57.29964]\'','\'(-inf-4.472222]\'','\'(-inf-138.63292]\'','\'(14.344444-28.688888]\'','\'(13.688889-27.377778]\'','\'(15.088889-30.177778]\'','\'(14.255556-28.511112]\'','\'(-5.022222-0.377778]\'','\'(8.022222-16.866667]\'','\'(-20.066666--14.822221]\'','\'(15.088889-30.177778]\'','\'(0.4-0.5]\'',-1.558599
BRICKFACE,'\'(-inf-26.1]\'','\'(130.5-154.4]\'','\'All\'','\'(-inf-0.011111]\'','\'(-inf-0.022222]\'','\'(-inf-2.55]\'','\'(-inf-57.29964]\'','\'(-inf-4.472222]\'','\'(-inf-138.63292]\'','\'(-inf-14.344444]\'','\'(-inf-13.688889]\'','\'(-inf-15.088889]\'','\'(-inf-14.255556]\'','\'(0.377778-inf)\'','\'(-0.822222-8.022222]\'','\'(-9.577777--4.333332]\'','\'(-inf-15.088889]\'','\'(0.6-0.7]\'',-0.57094
BRICKFACE,'\'(-inf-26.1]\'','\'(34.9-58.8]\'','\'All\'','\'(-inf-0.011111]\'','\'(-inf-0.022222]\'','\'(-inf-2.55]\'','\'(-inf-57.29964]\'','\'(-inf-4.472222]\'','\'(-inf-138.63292]\'','\'(14.344444-28.688888]\'','\'(13.688889-27.377778]\'','\'(30.177778-45.266667]\'','\'(14.255556-28.511112]\'','\'(-10.422222--5.022222]\'','\'(16.866667-25.711112]\'','\'(-20.066666--14.822221]\'','\'(30.177778-45.266667]\'','\'(0.4-0.5]\'',-1.771163
BRICKFACE,'\'(176.7-201.8]\'','\'(106.6-130.5]\'','\'All\'','\'(-inf-0.011111]\'','\'(-inf-0.022222]\'','\'(-inf-2.55]\'','\'(-inf-57.29964]\'','\'(-inf-4.472222]\'','\'(-inf-138.63292]\'','\'(-inf-14.344444]\'','\'(-inf-13.688889]\'','\'(-inf-15.088889]\'','\'(-inf-14.255556]\'','\'(0.377778-inf)\'','\'(-0.822222-8.022222]\'','\'(-9.577777--4.333332]\'','\'(-inf-15.088889]\'','\'(0.5-0.6]\'',-0.932783
BRICKFACE,'\'(76.3-101.4]\'','\'(106.6-130.5]\'','\'All\'','\'(-inf-0.011111]\'','\'(-inf-0.022222]\'','\'(-inf-2.55]\'','\'(-inf-57.29964]\'','\'(-inf-4.472222]\'','\'(-inf-138.63292]\'','\'(14.344444-28.688888]\'','\'(13.688889-27.377778]\'','\'(15.088889-30.177778]\'','\'(14.255556-28.511112]\'','\'(-5.022222-0.377778]\'','\'(16.866667-25.711112]\'','\'(-20.066666--14.822221]\'','\'(15.088889-30.177778]\'','\'(0.4-0.5]\'',-1.632243
BRICKFACE,'\'(-inf-26.1]\'','\'(34.9-58.8]\'','\'All\'','\'(-inf-0.011111]\'','\'(-inf-0.022222]\'','\'(-inf-2.55]\'','\'(-inf-57.29964]\'','\'(-inf-4.472222]\'','\'(-inf-138.63292]\'','\'(14.344444-28.688888]\'','\'(13.688889-27.377778]\'','\'(15.088889-30.177778]\'','\'(-inf-14.255556]\'','\'(-5.022222-0.377778]\'','\'(16.866667-25.711112]\'','\'(-20.066666--14.822221]\'','\'(15.088889-30.177778]\'','\'(0.4-0.5]\'',-1.753726
BRICKFACE,'\'(101.4-126.5]\'','\'(130.5-154.4]\'','\'All\'','\'(-inf-0.011111]\'','\'(-inf-0.022222]\'','\'(-inf-2.55]\'','\'(-inf-57.29964]\'','\'(-inf-4.472222]\'','\'(-inf-138.63292]\'','\'(-inf-14.344444]\'','\'(-inf-13.688889]\'','\'(-inf-15.088889]\'','\'(-inf-14.255556]\'','\'(0.377778-inf)\'','\'(-0.822222-8.022222]\'','\'(-9.577777--4.333332]\'','\'(-inf-15.088889]\'','\'(0.5-0.6]\'',-0.924607
BRICKFACE,'\'(126.5-151.6]\'','\'(106.6-130.5]\'','\'All\'','\'(-inf-0.011111]\'','\'(-inf-0.022222]\'','\'(-inf-2.55]\'','\'(-inf-57.29964]\'','\'(-inf-4.472222]\'','\'(-inf-138.63292]\'','\'(-inf-14.344444]\'','\'(-inf-13.688889]\'','\'(-inf-15.088889]\'','\'(-inf-14.255556]\'','\'(0.377778-inf)\'','\'(-0.822222-8.022222]\'','\'(-9.577777--4.333332]\'','\'(-inf-15.088889]\'','\'(0.5-0.6]\'',-1.02473
BRICKFACE,'\'(-inf-26.1]\'','\'(82.7-106.6]\'','\'All\'','\'(-inf-0.011111]\'','\'(-inf-0.022222]\'','\'(-inf-2.55]\'','\'(-inf-57.29964]\'','\'(-inf-4.472222]\'','\'(-inf-138.63292]\'','\'(14.344444-28.688888]\'','\'(13.688889-27.377778]\'','\'(15.088889-30.177778]\'','\'(-inf-14.255556]\'','\'(0.377778-inf)\'','\'(8.022222-16.866667]\'','\'(-14.822221--9.577777]\'','\'(15.088889-30.177778]\'','\'(0.3-0.4]\'',-1.386867
BRICKFACE,'\'(126.5-151.6]\'','\'(106.6-130.5]\'','\'All\'','\'(-inf-0.011111]\'','\'(-inf-0.022222]\'','\'(-inf-2.55]\'','\'(-inf-57.29964]\'','\'(-inf-4.472222]\'','\'(-inf-138.63292]\'','\'(-inf-14.344444]\'','\'(-inf-13.688889]\'','\'(-inf-15.088889]\'','\'(-inf-14.255556]\'','\'(0.377778-inf)\'','\'(-0.822222-8.022222]\'','\'(-9.577777--4.333332]\'','\'(-inf-15.088889]\'','\'(0.5-0.6]\'',-1.19107
BRICKFACE,'\'(226.9-inf)\'','\'(106.6-130.5]\'','\'All\'','\'(-inf-0.011111]\'','\'(-inf-0.022222]\'','\'(-inf-2.55]\'','\'(-inf-57.29964]\'','\'(-inf-4.472222]\'','\'(-inf-138.63292]\'','\'(-inf-14.344444]\'','\'(-inf-13.688889]\'','\'(-inf-15.088889]\'','\'(-inf-14.255556]\'','\'(0.377778-inf)\'','\'(-0.822222-8.022222]\'','\'(-9.577777--4.333332]\'','\'(-inf-15.088889]\'','\'(0.5-0.6]\'',-1.037663
BRICKFACE,'\'(-inf-26.1]\'','\'(106.6-130.5]\'','\'All\'','\'(-inf-0.011111]\'','\'(-inf-0.022222]\'','\'(-inf-2.55]\'','\'(-inf-57.29964]\'','\'(-inf-4.472222]\'','\'(-inf-138.63292]\'','\'(-inf-14.344444]\'','\'(-inf-13.688889]\'','\'(-inf-15.088889]\'','\'(-inf-14.255556]\'','\'(0.377778-inf)\'','\'(-0.822222-8.022222]\'','\'(-9.577777--4.333332]\'','\'(-inf-15.088889]\'','\'(0.5-0.6]\'',-1.099624
BRICKFACE,'\'(101.4-126.5]\'','\'(58.8-82.7]\'','\'All\'','\'(-inf-0.011111]\'','\'(-inf-0.022222]\'','\'(-inf-2.55]\'','\'(-inf-57.29964]\'','\'(-inf-4.472222]\'','\'(-inf-138.63292]\'','\'(14.344444-28.688888]\'','\'(13.688889-27.377778]\'','\'(30.177778-45.266667]\'','\'(14.255556-28.511112]\'','\'(-10.422222--5.022222]\'','\'(16.866667-25.711112]\'','\'(-20.066666--14.822221]\'','\'(30.177778-45.266667]\'','\'(0.4-0.5]\'',-1.776113
BRICKFACE,'\'(26.1-51.2]\'','\'(130.5-154.4]\'','\'All\'','\'(-inf-0.011111]\'','\'(-inf-0.022222]\'','\'(-inf-2.55]\'','\'(-inf-57.29964]\'','\'(-inf-4.472222]\'','\'(-inf-138.63292]\'','\'(-inf-14.344444]\'','\'(-inf-13.688889]\'','\'(-inf-15.088889]\'','\'(-inf-14.255556]\'','\'(-5.022222-0.377778]\'','\'(8.022222-16.866667]\'','\'(-9.577777--4.333332]\'','\'(-inf-15.088889]\'','\'(0.5-0.6]\'',-1.985703
BRICKFACE,'\'(76.3-101.4]\'','\'(82.7-106.6]\'','\'All\'','\'(-inf-0.011111]\'','\'(-inf-0.022222]\'','\'(-inf-2.55]\'','\'(-inf-57.29964]\'','\'(-inf-4.472222]\'','\'(-inf-138.63292]\'','\'(14.344444-28.688888]\'','\'(13.688889-27.377778]\'','\'(15.088889-30.177778]\'','\'(14.255556-28.511112]\'','\'(-5.022222-0.377778]\'','\'(8.022222-16.866667]\'','\'(-20.066666--14.822221]\'','\'(15.088889-30.177778]\'','\'(0.3-0.4]\'',-1.567327
BRICKFACE,'\'(76.3-101.4]\'','\'(82.7-106.6]\'','\'All\'','\'(-inf-0.011111]\'','\'(-inf-0.022222]\'','\'(-inf-2.55]\'','\'(-inf-57.29964]\'','\'(-inf-4.472222]\'','\'(-inf-138.63292]\'','\'(14.344444-28.688888]\'','\'(13.688889-27.377778]\'','\'(15.088889-30.177778]\'','\'(14.255556-28.511112]\'','\'(-5.022222-0.377778]\'','\'(16.866667-25.711112]\'','\'(-20.066666--14.822221]\'','\'(15.088889-30.177778]\'','\'(0.3-0.4]\'',-1.598867
BRICKFACE,'\'(126.5-151.6]\'','\'(82.7-106.6]\'','\'All\'','\'(-inf-0.011111]\'','\'(-inf-0.022222]\'','\'(-inf-2.55]\'','\'(-inf-57.29964]\'','\'(-inf-4.472222]\'','\'(-inf-138.63292]\'','\'(14.344444-28.688888]\'','\'(13.688889-27.377778]\'','\'(15.088889-30.177778]\'','\'(14.255556-28.511112]\'','\'(-5.022222-0.377778]\'','\'(16.866667-25.711112]\'','\'(-20.066666--14.822221]\'','\'(15.088889-30.177778]\'','\'(0.4-0.5]\'',-1.68544
BRICKFACE,'\'(-inf-26.1]\'','\'(130.5-154.4]\'','\'All\'','\'(-inf-0.011111]\'','\'(-inf-0.022222]\'','\'(-inf-2.55]\'','\'(-inf-57.29964]\'','\'(-inf-4.472222]\'','\'(-inf-138.63292]\'','\'(-inf-14.344444]\'','\'(-inf-13.688889]\'','\'(-inf-15.088889]\'','\'(-inf-14.255556]\'','\'(0.377778-inf)\'','\'(-0.822222-8.022222]\'','\'(-9.577777--4.333332]\'','\'(-inf-15.088889]\'','\'(0.5-0.6]\'',-0.862108
BRICKFACE,'\'(126.5-151.6]\'','\'(130.5-154.4]\'','\'All\'','\'(-inf-0.011111]\'','\'(-inf-0.022222]\'','\'(-inf-2.55]\'','\'(-inf-57.29964]\'','\'(-inf-4.472222]\'','\'(-inf-138.63292]\'','\'(-inf-14.344444]\'','\'(-inf-13.688889]\'','\'(-inf-15.088889]\'','\'(-inf-14.255556]\'','\'(0.377778-inf)\'','\'(-0.822222-8.022222]\'','\'(-9.577777--4.333332]\'','\'(-inf-15.088889]\'','\'(0.5-0.6]\'',-1.077659
BRICKFACE,'\'(101.4-126.5]\'','\'(106.6-130.5]\'','\'All\'','\'(-inf-0.011111]\'','\'(-inf-0.022222]\'','\'(-inf-2.55]\'','\'(-inf-57.29964]\'','\'(-inf-4.472222]\'','\'(-inf-138.63292]\'','\'(14.344444-28.688888]\'','\'(13.688889-27.377778]\'','\'(15.088889-30.177778]\'','\'(14.255556-28.511112]\'','\'(-5.022222-0.377778]\'','\'(8.022222-16.866667]\'','\'(-14.822221--9.577777]\'','\'(15.088889-30.177778]\'','\'(0.3-0.4]\'',-1.585609
BRICKFACE,'\'(76.3-101.4]\'','\'(34.9-58.8]\'','\'All\'','\'(-inf-0.011111]\'','\'(-inf-0.022222]\'','\'(-inf-2.55]\'','\'(-inf-57.29964]\'','\'(-inf-4.472222]\'','\'(-inf-138.63292]\'','\'(14.344444-28.688888]\'','\'(13.688889-27.377778]\'','\'(30.177778-45.266667]\'','\'(14.255556-28.511112]\'','\'(-5.022222-0.377778]\'','\'(16.866667-25.711112]\'','\'(-20.066666--14.822221]\'','\'(30.177778-45.266667]\'','\'(0.4-0.5]\'',-1.739017
SKY,'\'(126.5-151.6]\'','\'(-inf-34.9]\'','\'All\'','\'(-inf-0.011111]\'','\'(-inf-0.022222]\'','\'(-inf-2.55]\'','\'(-inf-57.29964]\'','\'(-inf-4.472222]\'','\'(-inf-138.63292]\'','\'(114.755552-129.099996]\'','\'(109.511112-123.200001]\'','\'(135.800001-inf)\'','\'(114.044448-128.300004]\'','\'(-32.022221--26.622221]\'','\'(34.555556-43.400001]\'','\'(-14.822221--9.577777]\'','\'(135.800001-inf)\'','\'(0.1-0.2]\'',-2.354552
SKY,'\'(126.5-151.6]\'','\'(-inf-34.9]\'','\'All\'','\'(-inf-0.011111]\'','\'(-inf-0.022222]\'','\'(-inf-2.55]\'','\'(-inf-57.29964]\'','\'(-inf-4.472222]\'','\'(-inf-138.63292]\'','\'(100.411108-114.755552]\'','\'(95.822223-109.511112]\'','\'(120.711112-135.800001]\'','\'(99.788892-114.044448]\'','\'(-42.82222--37.42222]\'','\'(52.244446-61.088891]\'','\'(-14.822221--9.577777]\'','\'(120.711112-135.800001]\'','\'(0.2-0.3]\'',-2.408019
SKY,'\'(51.2-76.3]\'','\'(34.9-58.8]\'','\'All\'','\'(-inf-0.011111]\'','\'(-inf-0.022222]\'','\'(-inf-2.55]\'','\'(-inf-57.29964]\'','\'(-inf-4.472222]\'','\'(-inf-138.63292]\'','\'(100.411108-114.755552]\'','\'(82.133334-95.822223]\'','\'(120.711112-135.800001]\'','\'(99.788892-114.044448]\'','\'(-inf--42.82222]\'','\'(52.244446-61.088891]\'','\'(-14.822221--9.577777]\'','\'(120.711112-135.800001]\'','\'(0.2-0.3]\'',-2.404745
SKY,'\'(151.6-176.7]\'','\'(82.7-106.6]\'','\'All\'','\'(-inf-0.011111]\'','\'(-inf-0.022222]\'','\'(-inf-2.55]\'','\'(-inf-57.29964]\'','\'(-inf-4.472222]\'','\'(-inf-138.63292]\'','\'(86.066664-100.411108]\'','\'(68.444445-82.133334]\'','\'(105.622223-120.711112]\'','\'(71.27778-85.533336]\'','\'(-inf--42.82222]\'','\'(69.933335-inf)\'','\'(-inf--25.31111]\'','\'(105.622223-120.711112]\'','\'(0.3-0.4]\'',-2.207756
SKY,'\'(226.9-inf)\'','\'(-inf-34.9]\'','\'All\'','\'(-inf-0.011111]\'','\'(-inf-0.022222]\'','\'(-inf-2.55]\'','\'(-inf-57.29964]\'','\'(-inf-4.472222]\'','\'(-inf-138.63292]\'','\'(114.755552-129.099996]\'','\'(109.511112-123.200001]\'','\'(135.800001-inf)\'','\'(114.044448-128.300004]\'','\'(-37.42222--32.022221]\'','\'(43.400001-52.244446]\'','\'(-14.822221--9.577777]\'','\'(135.800001-inf)\'','\'(0.1-0.2]\'',-2.348006
SKY,'\'(101.4-126.5]\'','\'(-inf-34.9]\'','\'All\'','\'(-inf-0.011111]\'','\'(-inf-0.022222]\'','\'(-inf-2.55]\'','\'(-inf-57.29964]\'','\'(-inf-4.472222]\'','\'(-inf-138.63292]\'','\'(114.755552-129.099996]\'','\'(109.511112-123.200001]\'','\'(135.800001-inf)\'','\'(114.044448-128.300004]\'','\'(-32.022221--26.622221]\'','\'(34.555556-43.400001]\'','\'(-20.066666--14.822221]\'','\'(135.800001-inf)\'','\'(0.1-0.2]\'',-2.271128
SKY,'\'(151.6-176.7]\'','\'(-inf-34.9]\'','\'All\'','\'(-inf-0.011111]\'','\'(-inf-0.022222]\'','\'(-inf-2.55]\'','\'(-inf-57.29964]\'','\'(-inf-4.472222]\'','\'(-inf-138.63292]\'','\'(129.099996-inf)\'','\'(123.200001-inf)\'','\'(135.800001-inf)\'','\'(128.300004-inf)\'','\'(-21.222221--15.822221]\'','\'(25.711112-34.555556]\'','\'(-14.822221--9.577777]\'','\'(135.800001-inf)\'','\'(0.1-0.2]\'',-2.280755
SKY,'\'(-inf-26.1]\'','\'(82.7-106.6]\'','\'All\'','\'(-inf-0.011111]\'','\'(-inf-0.022222]\'','\'(-inf-2.55]\'','\'(-inf-57.29964]\'','\'(-inf-4.472222]\'','\'(-inf-138.63292]\'','\'(100.411108-114.755552]\'','\'(95.822223-109.511112]\'','\'(120.711112-135.800001]\'','\'(99.788892-114.044448]\'','\'(-26.622221--21.222221]\'','\'(43.400001-52.244446]\'','\'(-25.31111--20.066666]\'','\'(120.711112-135.800001]\'','\'(0.1-0.2]\'',-2.097815
SKY,'\'(-inf-26.1]\'','\'(34.9-58.8]\'','\'All\'','\'(0.1-inf)\'','\'(-inf-0.022222]\'','\'(-inf-2.55]\'','\'(-inf-57.29964]\'','\'(-inf-4.472222]\'','\'(-inf-138.63292]\'','\'(100.411108-114.755552]\'','\'(95.822223-109.511112]\'','\'(120.711112-135.800001]\'','\'(99.788892-114.044448]\'','\'(-37.42222--32.022221]\'','\'(52.244446-61.088891]\'','\'(-25.31111--20.066666]\'','\'(120.711112-135.800001]\'','\'(0.2-0.3]\'',-2.198158
SKY,'\'(101.4-126.5]\'','\'(-inf-34.9]\'','\'All\'','\'(-inf-0.011111]\'','\'(-inf-0.022222]\'','\'(-inf-2.55]\'','\'(-inf-57.29964]\'','\'(-inf-4.472222]\'','\'(-inf-138.63292]\'','\'(129.099996-inf)\'','\'(123.200001-inf)\'','\'(135.800001-inf)\'','\'(128.300004-inf)\'','\'(-21.222221--15.822221]\'','\'(16.866667-25.711112]\'','\'(-4.333332-0.911112]\'','\'(135.800001-inf)\'','\'(-inf-0.1]\'',-2.521648
SKY,'\'(26.1-51.2]\'','\'(58.8-82.7]\'','\'All\'','\'(-inf-0.011111]\'','\'(-inf-0.022222]\'','\'(-inf-2.55]\'','\'(-inf-57.29964]\'','\'(-inf-4.472222]\'','\'(-inf-138.63292]\'','\'(100.411108-114.755552]\'','\'(82.133334-95.822223]\'','\'(120.711112-135.800001]\'','\'(99.788892-114.044448]\'','\'(-42.82222--37.42222]\'','\'(52.244446-61.088891]\'','\'(-20.066666--14.822221]\'','\'(120.711112-135.800001]\'','\'(0.2-0.3]\'',-2.377965
SKY,'\'(-inf-26.1]\'','\'(-inf-34.9]\'','\'All\'','\'(-inf-0.011111]\'','\'(-inf-0.022222]\'','\'(-inf-2.55]\'','\'(-inf-57.29964]\'','\'(-inf-4.472222]\'','\'(-inf-138.63292]\'','\'(129.099996-inf)\'','\'(123.200001-inf)\'','\'(135.800001-inf)\'','\'(128.300004-inf)\'','\'(-21.222221--15.822221]\'','\'(25.711112-34.555556]\'','\'(-14.822221--9.577777]\'','\'(135.800001-inf)\'','\'(-inf-0.1]\'',-2.214612
SKY,'\'(176.7-201.8]\'','\'(34.9-58.8]\'','\'All\'','\'(-inf-0.011111]\'','\'(-inf-0.022222]\'','\'(-inf-2.55]\'','\'(-inf-57.29964]\'','\'(-inf-4.472222]\'','\'(-inf-138.63292]\'','\'(100.411108-114.755552]\'','\'(82.133334-95.822223]\'','\'(120.711112-135.800001]\'','\'(99.788892-114.044448]\'','\'(-42.82222--37.42222]\'','\'(43.400001-52.244446]\'','\'(-14.822221--9.577777]\'','\'(120.711112-135.800001]\'','\'(0.2-0.3]\'',-2.410388
SKY,'\'(151.6-176.7]\'','\'(-inf-34.9]\'','\'All\'','\'(-inf-0.011111]\'','\'(-inf-0.022222]\'','\'(-inf-2.55]\'','\'(-inf-57.29964]\'','\'(-inf-4.472222]\'','\'(-inf-138.63292]\'','\'(100.411108-114.755552]\'','\'(95.822223-109.511112]\'','\'(120.711112-135.800001]\'','\'(99.788892-114.044448]\'','\'(-inf--42.82222]\'','\'(52.244446-61.088891]\'','\'(-14.822221--9.577777]\'','\'(120.711112-135.800001]\'','\'(0.2-0.3]\'',-2.45498
SKY,'\'(101.4-126.5]\'','\'(58.8-82.7]\'','\'All\'','\'(-inf-0.011111]\'','\'(-inf-0.022222]\'','\'(-inf-2.55]\'','\'(-inf-57.29964]\'','\'(-inf-4.472222]\'','\'(-inf-138.63292]\'','\'(100.411108-114.755552]\'','\'(82.133334-95.822223]\'','\'(120.711112-135.800001]\'','\'(85.533336-99.788892]\'','\'(-42.82222--37.42222]\'','\'(61.088891-69.933335]\'','\'(-inf--25.31111]\'','\'(120.711112-135.800001]\'','\'(0.2-0.3]\'',-2.220553
SKY,'\'(126.5-151.6]\'','\'(-inf-34.9]\'','\'All\'','\'(-inf-0.011111]\'','\'(-inf-0.022222]\'','\'(-inf-2.55]\'','\'(-inf-57.29964]\'','\'(-inf-4.472222]\'','\'(-inf-138.63292]\'','\'(114.755552-129.099996]\'','\'(109.511112-123.200001]\'','\'(135.800001-inf)\'','\'(114.044448-128.300004]\'','\'(-32.022221--26.622221]\'','\'(34.555556-43.400001]\'','\'(-14.822221--9.577777]\'','\'(135.800001-inf)\'','\'(0.1-0.2]\'',-2.349252
SKY,'\'(176.7-201.8]\'','\'(-inf-34.9]\'','\'All\'','\'(-inf-0.011111]\'','\'(-inf-0.022222]\'','\'(-inf-2.55]\'','\'(-inf-57.29964]\'','\'(-inf-4.472222]\'','\'(-inf-138.63292]\'','\'(129.099996-inf)\'','\'(123.200001-inf)\'','\'(135.800001-inf)\'','\'(128.300004-inf)\'','\'(-21.222221--15.822221]\'','\'(16.866667-25.711112]\'','\'(-9.577777--4.333332]\'','\'(135.800001-inf)\'','\'(-inf-0.1]\'',-2.264532
SKY,'\'(101.4-126.5]\'','\'(-inf-34.9]\'','\'All\'','\'(-inf-0.011111]\'','\'(-inf-0.022222]\'','\'(-inf-2.55]\'','\'(-inf-57.29964]\'','\'(-inf-4.472222]\'','\'(-inf-138.63292]\'','\'(114.755552-129.099996]\'','\'(109.511112-123.200001]\'','\'(135.800001-inf)\'','\'(114.044448-128.300004]\'','\'(-37.42222--32.022221]\'','\'(43.400001-52.244446]\'','\'(-14.822221--9.577777]\'','\'(135.800001-inf)\'','\'(0.1-0.2]\'',-2.370372
SKY,'\'(201.8-226.9]\'','\'(82.7-106.6]\'','\'All\'','\'(-inf-0.011111]\'','\'(-inf-0.022222]\'','\'(-inf-2.55]\'','\'(-inf-57.29964]\'','\'(-inf-4.472222]\'','\'(-inf-138.63292]\'','\'(86.066664-100.411108]\'','\'(68.444445-82.133334]\'','\'(105.622223-120.711112]\'','\'(71.27778-85.533336]\'','\'(-inf--42.82222]\'','\'(69.933335-inf)\'','\'(-inf--25.31111]\'','\'(105.622223-120.711112]\'','\'(0.3-0.4]\'',-2.239053
SKY,'\'(76.3-101.4]\'','\'(-inf-34.9]\'','\'All\'','\'(-inf-0.011111]\'','\'(-inf-0.022222]\'','\'(-inf-2.55]\'','\'(-inf-57.29964]\'','\'(-inf-4.472222]\'','\'(-inf-138.63292]\'','\'(114.755552-129.099996]\'','\'(109.511112-123.200001]\'','\'(135.800001-inf)\'','\'(114.044448-128.300004]\'','\'(-32.022221--26.622221]\'','\'(34.555556-43.400001]\'','\'(-14.822221--9.577777]\'','\'(135.800001-inf)\'','\'(0.1-0.2]\'',-2.29776
SKY,'\'(51.2-76.3]\'','\'(34.9-58.8]\'','\'All\'','\'(-inf-0.011111]\'','\'(-inf-0.022222]\'','\'(-inf-2.55]\'','\'(-inf-57.29964]\'','\'(-inf-4.472222]\'','\'(-inf-138.63292]\'','\'(100.411108-114.755552]\'','\'(95.822223-109.511112]\'','\'(120.711112-135.800001]\'','\'(99.788892-114.044448]\'','\'(-32.022221--26.622221]\'','\'(52.244446-61.088891]\'','\'(-25.31111--20.066666]\'','\'(120.711112-135.800001]\'','\'(0.2-0.3]\'',-2.229685
SKY,'\'(176.7-201.8]\'','\'(82.7-106.6]\'','\'All\'','\'(-inf-0.011111]\'','\'(-inf-0.022222]\'','\'(-inf-2.55]\'','\'(-inf-57.29964]\'','\'(-inf-4.472222]\'','\'(-inf-138.63292]\'','\'(129.099996-inf)\'','\'(123.200001-inf)\'','\'(135.800001-inf)\'','\'(128.300004-inf)\'','\'(-26.622221--21.222221]\'','\'(34.555556-43.400001]\'','\'(-14.822221--9.577777]\'','\'(135.800001-inf)\'','\'(0.1-0.2]\'',-2.328735
SKY,'\'(101.4-126.5]\'','\'(-inf-34.9]\'','\'All\'','\'(-inf-0.011111]\'','\'(-inf-0.022222]\'','\'(-inf-2.55]\'','\'(-inf-57.29964]\'','\'(-inf-4.472222]\'','\'(-inf-138.63292]\'','\'(100.411108-114.755552]\'','\'(95.822223-109.511112]\'','\'(120.711112-135.800001]\'','\'(99.788892-114.044448]\'','\'(-42.82222--37.42222]\'','\'(43.400001-52.244446]\'','\'(-14.822221--9.577777]\'','\'(120.711112-135.800001]\'','\'(0.2-0.3]\'',-2.385308
SKY,'\'(101.4-126.5]\'','\'(58.8-82.7]\'','\'All\'','\'(-inf-0.011111]\'','\'(-inf-0.022222]\'','\'(-inf-2.55]\'','\'(-inf-57.29964]\'','\'(-inf-4.472222]\'','\'(-inf-138.63292]\'','\'(100.411108-114.755552]\'','\'(95.822223-109.511112]\'','\'(120.711112-135.800001]\'','\'(99.788892-114.044448]\'','\'(-37.42222--32.022221]\'','\'(52.244446-61.088891]\'','\'(-20.066666--14.822221]\'','\'(120.711112-135.800001]\'','\'(0.2-0.3]\'',-2.355443
SKY,'\'(151.6-176.7]\'','\'(34.9-58.8]\'','\'All\'','\'(-inf-0.011111]\'','\'(-inf-0.022222]\'','\'(-inf-2.55]\'','\'(-inf-57.29964]\'','\'(-inf-4.472222]\'','\'(-inf-138.63292]\'','\'(100.411108-114.755552]\'','\'(82.133334-95.822223]\'','\'(120.711112-135.800001]\'','\'(99.788892-114.044448]\'','\'(-42.82222--37.42222]\'','\'(52.244446-61.088891]\'','\'(-20.066666--14.822221]\'','\'(120.711112-135.800001]\'','\'(0.2-0.3]\'',-2.337296
SKY,'\'(76.3-101.4]\'','\'(34.9-58.8]\'','\'All\'','\'(-inf-0.011111]\'','\'(-inf-0.022222]\'','\'(-inf-2.55]\'','\'(-inf-57.29964]\'','\'(-inf-4.472222]\'','\'(-inf-138.63292]\'','\'(100.411108-114.755552]\'','\'(95.822223-109.511112]\'','\'(120.711112-135.800001]\'','\'(99.788892-114.044448]\'','\'(-inf--42.82222]\'','\'(52.244446-61.088891]\'','\'(-14.822221--9.577777]\'','\'(120.711112-135.800001]\'','\'(0.2-0.3]\'',-2.434692
SKY,'\'(51.2-76.3]\'','\'(58.8-82.7]\'','\'All\'','\'(-inf-0.011111]\'','\'(-inf-0.022222]\'','\'(-inf-2.55]\'','\'(-inf-57.29964]\'','\'(-inf-4.472222]\'','\'(-inf-138.63292]\'','\'(114.755552-129.099996]\'','\'(109.511112-123.200001]\'','\'(135.800001-inf)\'','\'(114.044448-128.300004]\'','\'(-32.022221--26.622221]\'','\'(43.400001-52.244446]\'','\'(-14.822221--9.577777]\'','\'(135.800001-inf)\'','\'(0.1-0.2]\'',-2.339758
SKY,'\'(76.3-101.4]\'','\'(34.9-58.8]\'','\'All\'','\'(-inf-0.011111]\'','\'(-inf-0.022222]\'','\'(-inf-2.55]\'','\'(-inf-57.29964]\'','\'(-inf-4.472222]\'','\'(-inf-138.63292]\'','\'(114.755552-129.099996]\'','\'(109.511112-123.200001]\'','\'(135.800001-inf)\'','\'(114.044448-128.300004]\'','\'(-32.022221--26.622221]\'','\'(43.400001-52.244446]\'','\'(-14.822221--9.577777]\'','\'(135.800001-inf)\'','\'(0.1-0.2]\'',-2.326783
SKY,'\'(51.2-76.3]\'','\'(-inf-34.9]\'','\'All\'','\'(-inf-0.011111]\'','\'(-inf-0.022222]\'','\'(-inf-2.55]\'','\'(-inf-57.29964]\'','\'(-inf-4.472222]\'','\'(-inf-138.63292]\'','\'(114.755552-129.099996]\'','\'(109.511112-123.200001]\'','\'(135.800001-inf)\'','\'(114.044448-128.300004]\'','\'(-37.42222--32.022221]\'','\'(43.400001-52.244446]\'','\'(-14.822221--9.577777]\'','\'(135.800001-inf)\'','\'(0.1-0.2]\'',-2.333746
SKY,'\'(101.4-126.5]\'','\'(34.9-58.8]\'','\'All\'','\'(0.1-inf)\'','\'(-inf-0.022222]\'','\'(-inf-2.55]\'','\'(-inf-57.29964]\'','\'(-inf-4.472222]\'','\'(-inf-138.63292]\'','\'(114.755552-129.099996]\'','\'(109.511112-123.200001]\'','\'(135.800001-inf)\'','\'(114.044448-128.300004]\'','\'(-37.42222--32.022221]\'','\'(43.400001-52.244446]\'','\'(-14.822221--9.577777]\'','\'(135.800001-inf)\'','\'(0.2-0.3]\'',-2.357688
FOLIAGE,'\'(76.3-101.4]\'','\'(106.6-130.5]\'','\'All\'','\'(0.1-inf)\'','\'(-inf-0.022222]\'','\'(-inf-2.55]\'','\'(-inf-57.29964]\'','\'(-inf-4.472222]\'','\'(-inf-138.63292]\'','\'(-inf-14.344444]\'','\'(-inf-13.688889]\'','\'(-inf-15.088889]\'','\'(-inf-14.255556]\'','\'(-10.422222--5.022222]\'','\'(-0.822222-8.022222]\'','\'(-4.333332-0.911112]\'','\'(-inf-15.088889]\'','\'(0.8-0.9]\'',-2.519165
FOLIAGE,'\'(-inf-26.1]\'','\'(106.6-130.5]\'','\'All\'','\'(-inf-0.011111]\'','\'(-inf-0.022222]\'','\'(-inf-2.55]\'','\'(-inf-57.29964]\'','\'(-inf-4.472222]\'','\'(-inf-138.63292]\'','\'(-inf-14.344444]\'','\'(-inf-13.688889]\'','\'(-inf-15.088889]\'','\'(-inf-14.255556]\'','\'(-5.022222-0.377778]\'','\'(-0.822222-8.022222]\'','\'(-4.333332-0.911112]\'','\'(-inf-15.088889]\'','\'(0.5-0.6]\'',-2.444563
FOLIAGE,'\'(26.1-51.2]\'','\'(82.7-106.6]\'','\'All\'','\'(-inf-0.011111]\'','\'(-inf-0.022222]\'','\'(-inf-2.55]\'','\'(-inf-57.29964]\'','\'(-inf-4.472222]\'','\'(-inf-138.63292]\'','\'(-inf-14.344444]\'','\'(-inf-13.688889]\'','\'(-inf-15.088889]\'','\'(-inf-14.255556]\'','\'(-10.422222--5.022222]\'','\'(8.022222-16.866667]\'','\'(-9.577777--4.333332]\'','\'(-inf-15.088889]\'','\'(0.9-inf)\'',-2.123905
FOLIAGE,'\'(-inf-26.1]\'','\'(82.7-106.6]\'','\'All\'','\'(-inf-0.011111]\'','\'(-inf-0.022222]\'','\'(-inf-2.55]\'','\'(-inf-57.29964]\'','\'(-inf-4.472222]\'','\'(-inf-138.63292]\'','\'(-inf-14.344444]\'','\'(-inf-13.688889]\'','\'(-inf-15.088889]\'','\'(-inf-14.255556]\'','\'(-10.422222--5.022222]\'','\'(8.022222-16.866667]\'','\'(-4.333332-0.911112]\'','\'(-inf-15.088889]\'','\'(0.8-0.9]\'',-2.229493
FOLIAGE,'\'(51.2-76.3]\'','\'(82.7-106.6]\'','\'All\'','\'(-inf-0.011111]\'','\'(-inf-0.022222]\'','\'(-inf-2.55]\'','\'(-inf-57.29964]\'','\'(-inf-4.472222]\'','\'(-inf-138.63292]\'','\'(-inf-14.344444]\'','\'(-inf-13.688889]\'','\'(-inf-15.088889]\'','\'(-inf-14.255556]\'','\'(-10.422222--5.022222]\'','\'(8.022222-16.866667]\'','\'(-4.333332-0.911112]\'','\'(-inf-15.088889]\'','\'(0.8-0.9]\'',-2.261719
FOLIAGE,'\'(51.2-76.3]\'','\'(82.7-106.6]\'','\'All\'','\'(-inf-0.011111]\'','\'(-inf-0.022222]\'','\'(-inf-2.55]\'','\'(-inf-57.29964]\'','\'(-inf-4.472222]\'','\'(-inf-138.63292]\'','\'(-inf-14.344444]\'','\'(-inf-13.688889]\'','\'(-inf-15.088889]\'','\'(-inf-14.255556]\'','\'(-10.422222--5.022222]\'','\'(8.022222-16.866667]\'','\'(-9.577777--4.333332]\'','\'(-inf-15.088889]\'','\'(0.9-inf)\'',-2.186723
FOLIAGE,'\'(76.3-101.4]\'','\'(82.7-106.6]\'','\'All\'','\'(-inf-0.011111]\'','\'(0.088889-0.111111]\'','\'(22.95-inf)\'','\'(515.69676-inf)\'','\'(40.250003-inf)\'','\'(1247.69628-inf)\'','\'(57.377776-71.72222]\'','\'(54.755556-68.444445]\'','\'(75.444445-90.533334]\'','\'(57.022224-71.27778]\'','\'(-26.622221--21.222221]\'','\'(34.555556-43.400001]\'','\'(-9.577777--4.333332]\'','\'(75.444445-90.533334]\'','\'(0.3-0.4]\'',-2.422127
FOLIAGE,'\'(126.5-151.6]\'','\'(106.6-130.5]\'','\'All\'','\'(-inf-0.011111]\'','\'(-inf-0.022222]\'','\'(-inf-2.55]\'','\'(-inf-57.29964]\'','\'(-inf-4.472222]\'','\'(-inf-138.63292]\'','\'(-inf-14.344444]\'','\'(-inf-13.688889]\'','\'(-inf-15.088889]\'','\'(-inf-14.255556]\'','\'(-10.422222--5.022222]\'','\'(8.022222-16.866667]\'','\'(-4.333332-0.911112]\'','\'(-inf-15.088889]\'','\'(0.9-inf)\'',-2.267462
FOLIAGE,'\'(51.2-76.3]\'','\'(130.5-154.4]\'','\'All\'','\'(-inf-0.011111]\'','\'(-inf-0.022222]\'','\'(2.55-5.1]\'','\'(-inf-57.29964]\'','\'(-inf-4.472222]\'','\'(-inf-138.63292]\'','\'(14.344444-28.688888]\'','\'(13.688889-27.377778]\'','\'(15.088889-30.177778]\'','\'(14.255556-28.511112]\'','\'(-10.422222--5.022222]\'','\'(8.022222-16.866667]\'','\'(-9.577777--4.333332]\'','\'(15.088889-30.177778]\'','\'(0.3-0.4]\'',-1.702833
FOLIAGE,'\'(-inf-26.1]\'','\'(58.8-82.7]\'','\'All\'','\'(-inf-0.011111]\'','\'(-inf-0.022222]\'','\'(2.55-5.1]\'','\'(-inf-57.29964]\'','\'(13.416667-17.88889]\'','\'(-inf-138.63292]\'','\'(14.344444-28.688888]\'','\'(13.688889-27.377778]\'','\'(30.177778-45.266667]\'','\'(14.255556-28.511112]\'','\'(-21.222221--15.822221]\'','\'(16.866667-25.711112]\'','\'(-9.577777--4.333332]\'','\'(30.177778-45.266667]\'','\'(0.5-0.6]\'',-2.431513
FOLIAGE,'\'(-inf-26.1]\'','\'(58.8-82.7]\'','\'All\'','\'(-inf-0.011111]\'','\'(0.088889-0.111111]\'','\'(2.55-5.1]\'','\'(-inf-57.29964]\'','\'(4.472222-8.944445]\'','\'(-inf-138.63292]\'','\'(-inf-14.344444]\'','\'(-inf-13.688889]\'','\'(15.088889-30.177778]\'','\'(-inf-14.255556]\'','\'(-15.822221--10.422222]\'','\'(16.866667-25.711112]\'','\'(-9.577777--4.333332]\'','\'(15.088889-30.177778]\'','\'(0.6-0.7]\'',-2.388561
FOLIAGE,'\'(51.2-76.3]\'','\'(106.6-130.5]\'','\'All\'','\'(-inf-0.011111]\'','\'(-inf-0.022222]\'','\'(-inf-2.55]\'','\'(-inf-57.29964]\'','\'(-inf-4.472222]\'','\'(-inf-138.63292]\'','\'(-inf-14.344444]\'','\'(-inf-13.688889]\'','\'(-inf-15.088889]\'','\'(-inf-14.255556]\'','\'(-5.022222-0.377778]\'','\'(-0.822222-8.022222]\'','\'(-4.333332-0.911112]\'','\'(-inf-15.088889]\'','\'(0.9-inf)\'',-2.094395
FOLIAGE,'\'(26.1-51.2]\'','\'(58.8-82.7]\'','\'All\'','\'(-inf-0.011111]\'','\'(0.088889-0.111111]\'','\'(15.3-17.85]\'','\'(-inf-57.29964]\'','\'(22.361113-26.833335]\'','\'(-inf-138.63292]\'','\'(43.033332-57.377776]\'','\'(41.066667-54.755556]\'','\'(60.355556-75.444445]\'','\'(42.766668-57.022224]\'','\'(-26.622221--21.222221]\'','\'(25.711112-34.555556]\'','\'(-9.577777--4.333332]\'','\'(60.355556-75.444445]\'','\'(0.2-0.3]\'',-2.356754
FOLIAGE,'\'(26.1-51.2]\'','\'(130.5-154.4]\'','\'All\'','\'(-inf-0.011111]\'','\'(-inf-0.022222]\'','\'(-inf-2.55]\'','\'(-inf-57.29964]\'','\'(-inf-4.472222]\'','\'(-inf-138.63292]\'','\'(-inf-14.344444]\'','\'(-inf-13.688889]\'','\'(-inf-15.088889]\'','\'(-inf-14.255556]\'','\'(-5.022222-0.377778]\'','\'(-0.822222-8.022222]\'','\'(-4.333332-0.911112]\'','\'(-inf-15.088889]\'','\'(0.2-0.3]\'',-2.53095
FOLIAGE,'\'(76.3-101.4]\'','\'(130.5-154.4]\'','\'All\'','\'(-inf-0.011111]\'','\'(-inf-0.022222]\'','\'(-inf-2.55]\'','\'(-inf-57.29964]\'','\'(-inf-4.472222]\'','\'(-inf-138.63292]\'','\'(-inf-14.344444]\'','\'(-inf-13.688889]\'','\'(-inf-15.088889]\'','\'(-inf-14.255556]\'','\'(-5.022222-0.377778]\'','\'(-0.822222-8.022222]\'','\'(-4.333332-0.911112]\'','\'(-inf-15.088889]\'','\'(0.9-inf)\'',-2.094395
FOLIAGE,'\'(-inf-26.1]\'','\'(82.7-106.6]\'','\'All\'','\'(-inf-0.011111]\'','\'(-inf-0.022222]\'','\'(-inf-2.55]\'','\'(-inf-57.29964]\'','\'(-inf-4.472222]\'','\'(-inf-138.63292]\'','\'(-inf-14.344444]\'','\'(-inf-13.688889]\'','\'(-inf-15.088889]\'','\'(-inf-14.255556]\'','\'(-10.422222--5.022222]\'','\'(8.022222-16.866667]\'','\'(-9.577777--4.333332]\'','\'(-inf-15.088889]\'','\'(0.9-inf)\'',-2.164323
FOLIAGE,'\'(51.2-76.3]\'','\'(82.7-106.6]\'','\'All\'','\'(-inf-0.011111]\'','\'(-inf-0.022222]\'','\'(-inf-2.55]\'','\'(-inf-57.29964]\'','\'(-inf-4.472222]\'','\'(-inf-138.63292]\'','\'(-inf-14.344444]\'','\'(-inf-13.688889]\'','\'(-inf-15.088889]\'','\'(-inf-14.255556]\'','\'(-10.422222--5.022222]\'','\'(8.022222-16.866667]\'','\'(-9.577777--4.333332]\'','\'(-inf-15.088889]\'','\'(0.9-inf)\'',-2.185466
FOLIAGE,'\'(26.1-51.2]\'','\'(106.6-130.5]\'','\'All\'','\'(-inf-0.011111]\'','\'(0.088889-0.111111]\'','\'(22.95-inf)\'','\'(-inf-57.29964]\'','\'(26.833335-31.305557]\'','\'(-inf-138.63292]\'','\'(43.033332-57.377776]\'','\'(41.066667-54.755556]\'','\'(60.355556-75.444445]\'','\'(42.766668-57.022224]\'','\'(-26.622221--21.222221]\'','\'(25.711112-34.555556]\'','\'(-14.822221--9.577777]\'','\'(60.355556-75.444445]\'','\'(0.3-0.4]\'',-2.360491
FOLIAGE,'\'(51.2-76.3]\'','\'(82.7-106.6]\'','\'All\'','\'(-inf-0.011111]\'','\'(-inf-0.022222]\'','\'(-inf-2.55]\'','\'(-inf-57.29964]\'','\'(-inf-4.472222]\'','\'(-inf-138.63292]\'','\'(-inf-14.344444]\'','\'(-inf-13.688889]\'','\'(-inf-15.088889]\'','\'(-inf-14.255556]\'','\'(-10.422222--5.022222]\'','\'(8.022222-16.866667]\'','\'(-9.577777--4.333332]\'','\'(-inf-15.088889]\'','\'(0.9-inf)\'',-2.149743
FOLIAGE,'\'(51.2-76.3]\'','\'(130.5-154.4]\'','\'All\'','\'(-inf-0.011111]\'','\'(-inf-0.022222]\'','\'(5.1-7.65]\'','\'(-inf-57.29964]\'','\'(-inf-4.472222]\'','\'(-inf-138.63292]\'','\'(14.344444-28.688888]\'','\'(-inf-13.688889]\'','\'(15.088889-30.177778]\'','\'(-inf-14.255556]\'','\'(-21.222221--15.822221]\'','\'(25.711112-34.555556]\'','\'(-14.822221--9.577777]\'','\'(15.088889-30.177778]\'','\'(0.6-0.7]\'',-2.307511
FOLIAGE,'\'(201.8-226.9]\'','\'(106.6-130.5]\'','\'All\'','\'(-inf-0.011111]\'','\'(-inf-0.022222]\'','\'(-inf-2.55]\'','\'(-inf-57.29964]\'','\'(-inf-4.472222]\'','\'(-inf-138.63292]\'','\'(-inf-14.344444]\'','\'(-inf-13.688889]\'','\'(-inf-15.088889]\'','\'(-inf-14.255556]\'','\'(-5.022222-0.377778]\'','\'(8.022222-16.866667]\'','\'(-4.333332-0.911112]\'','\'(-inf-15.088889]\'','\'(0.9-inf)\'',-2.155984
FOLIAGE,'\'(226.9-inf)\'','\'(106.6-130.5]\'','\'All\'','\'(-inf-0.011111]\'','\'(-inf-0.022222]\'','\'(2.55-5.1]\'','\'(-inf-57.29964]\'','\'(-inf-4.472222]\'','\'(-inf-138.63292]\'','\'(-inf-14.344444]\'','\'(-inf-13.688889]\'','\'(-inf-15.088889]\'','\'(-inf-14.255556]\'','\'(-5.022222-0.377778]\'','\'(8.022222-16.866667]\'','\'(-4.333332-0.911112]\'','\'(-inf-15.088889]\'','\'(0.8-0.9]\'',-2.118937
FOLIAGE,'\'(101.4-126.5]\'','\'(106.6-130.5]\'','\'All\'','\'(-inf-0.011111]\'','\'(-inf-0.022222]\'','\'(-inf-2.55]\'','\'(-inf-57.29964]\'','\'(-inf-4.472222]\'','\'(-inf-138.63292]\'','\'(-inf-14.344444]\'','\'(-inf-13.688889]\'','\'(-inf-15.088889]\'','\'(-inf-14.255556]\'','\'(-5.022222-0.377778]\'','\'(-0.822222-8.022222]\'','\'(-4.333332-0.911112]\'','\'(-inf-15.088889]\'','\'(0.9-inf)\'',-2.237562
FOLIAGE,'\'(-inf-26.1]\'','\'(58.8-82.7]\'','\'All\'','\'(-inf-0.011111]\'','\'(-inf-0.022222]\'','\'(10.2-12.75]\'','\'(229.19856-286.4982]\'','\'(8.944445-13.416667]\'','\'(138.63292-277.26584]\'','\'(14.344444-28.688888]\'','\'(13.688889-27.377778]\'','\'(30.177778-45.266667]\'','\'(14.255556-28.511112]\'','\'(-26.622221--21.222221]\'','\'(25.711112-34.555556]\'','\'(-9.577777--4.333332]\'','\'(30.177778-45.266667]\'','\'(0.5-0.6]\'',-2.438409
FOLIAGE,'\'(226.9-inf)\'','\'(106.6-130.5]\'','\'All\'','\'(-inf-0.011111]\'','\'(-inf-0.022222]\'','\'(-inf-2.55]\'','\'(-inf-57.29964]\'','\'(-inf-4.472222]\'','\'(-inf-138.63292]\'','\'(-inf-14.344444]\'','\'(-inf-13.688889]\'','\'(-inf-15.088889]\'','\'(-inf-14.255556]\'','\'(-5.022222-0.377778]\'','\'(-0.822222-8.022222]\'','\'(-4.333332-0.911112]\'','\'(-inf-15.088889]\'','\'(0.9-inf)\'',-2.094395
FOLIAGE,'\'(51.2-76.3]\'','\'(106.6-130.5]\'','\'All\'','\'(-inf-0.011111]\'','\'(-inf-0.022222]\'','\'(-inf-2.55]\'','\'(-inf-57.29964]\'','\'(-inf-4.472222]\'','\'(-inf-138.63292]\'','\'(-inf-14.344444]\'','\'(-inf-13.688889]\'','\'(-inf-15.088889]\'','\'(-inf-14.255556]\'','\'(-10.422222--5.022222]\'','\'(8.022222-16.866667]\'','\'(-4.333332-0.911112]\'','\'(-inf-15.088889]\'','\'(0.8-0.9]\'',-2.283787
FOLIAGE,'\'(51.2-76.3]\'','\'(106.6-130.5]\'','\'All\'','\'(-inf-0.011111]\'','\'(-inf-0.022222]\'','\'(-inf-2.55]\'','\'(-inf-57.29964]\'','\'(-inf-4.472222]\'','\'(-inf-138.63292]\'','\'(14.344444-28.688888]\'','\'(-inf-13.688889]\'','\'(30.177778-45.266667]\'','\'(-inf-14.255556]\'','\'(-26.622221--21.222221]\'','\'(34.555556-43.400001]\'','\'(-20.066666--14.822221]\'','\'(30.177778-45.266667]\'','\'(0.6-0.7]\'',-2.231261
FOLIAGE,'\'(126.5-151.6]\'','\'(106.6-130.5]\'','\'All\'','\'(-inf-0.011111]\'','\'(-inf-0.022222]\'','\'(-inf-2.55]\'','\'(-inf-57.29964]\'','\'(-inf-4.472222]\'','\'(-inf-138.63292]\'','\'(-inf-14.344444]\'','\'(-inf-13.688889]\'','\'(-inf-15.088889]\'','\'(-inf-14.255556]\'','\'(-10.422222--5.022222]\'','\'(8.022222-16.866667]\'','\'(-9.577777--4.333332]\'','\'(-inf-15.088889]\'','\'(0.8-0.9]\'',-2.234241
FOLIAGE,'\'(126.5-151.6]\'','\'(130.5-154.4]\'','\'All\'','\'(-inf-0.011111]\'','\'(-inf-0.022222]\'','\'(-inf-2.55]\'','\'(-inf-57.29964]\'','\'(-inf-4.472222]\'','\'(-inf-138.63292]\'','\'(-inf-14.344444]\'','\'(-inf-13.688889]\'','\'(-inf-15.088889]\'','\'(-inf-14.255556]\'','\'(-10.422222--5.022222]\'','\'(8.022222-16.866667]\'','\'(-9.577777--4.333332]\'','\'(-inf-15.088889]\'','\'(0.9-inf)\'',-2.257412
FOLIAGE,'\'(-inf-26.1]\'','\'(106.6-130.5]\'','\'All\'','\'(-inf-0.011111]\'','\'(-inf-0.022222]\'','\'(-inf-2.55]\'','\'(-inf-57.29964]\'','\'(-inf-4.472222]\'','\'(-inf-138.63292]\'','\'(-inf-14.344444]\'','\'(-inf-13.688889]\'','\'(-inf-15.088889]\'','\'(-inf-14.255556]\'','\'(-5.022222-0.377778]\'','\'(-0.822222-8.022222]\'','\'(-4.333332-0.911112]\'','\'(-inf-15.088889]\'','\'(0.7-0.8]\'',-2.094395
CEMENT,'\'(176.7-201.8]\'','\'(106.6-130.5]\'','\'All\'','\'(-inf-0.011111]\'','\'(-inf-0.022222]\'','\'(-inf-2.55]\'','\'(-inf-57.29964]\'','\'(-inf-4.472222]\'','\'(-inf-138.63292]\'','\'(28.688888-43.033332]\'','\'(27.377778-41.066667]\'','\'(45.266667-60.355556]\'','\'(28.511112-42.766668]\'','\'(-15.822221--10.422222]\'','\'(16.866667-25.711112]\'','\'(-14.822221--9.577777]\'','\'(45.266667-60.355556]\'','\'(0.2-0.3]\'',-2.006
CEMENT,'\'(201.8-226.9]\'','\'(58.8-82.7]\'','\'All\'','\'(-inf-0.011111]\'','\'(-inf-0.022222]\'','\'(-inf-2.55]\'','\'(-inf-57.29964]\'','\'(-inf-4.472222]\'','\'(-inf-138.63292]\'','\'(28.688888-43.033332]\'','\'(27.377778-41.066667]\'','\'(45.266667-60.355556]\'','\'(28.511112-42.766668]\'','\'(-10.422222--5.022222]\'','\'(16.866667-25.711112]\'','\'(-20.066666--14.822221]\'','\'(45.266667-60.355556]\'','\'(0.2-0.3]\'',-1.962646
CEMENT,'\'(126.5-151.6]\'','\'(34.9-58.8]\'','\'All\'','\'(-inf-0.011111]\'','\'(-inf-0.022222]\'','\'(-inf-2.55]\'','\'(-inf-57.29964]\'','\'(-inf-4.472222]\'','\'(-inf-138.63292]\'','\'(43.033332-57.377776]\'','\'(41.066667-54.755556]\'','\'(60.355556-75.444445]\'','\'(42.766668-57.022224]\'','\'(-15.822221--10.422222]\'','\'(25.711112-34.555556]\'','\'(-20.066666--14.822221]\'','\'(60.355556-75.444445]\'','\'(0.2-0.3]\'',-2.045905
CEMENT,'\'(51.2-76.3]\'','\'(154.4-178.3]\'','\'All\'','\'(-inf-0.011111]\'','\'(-inf-0.022222]\'','\'(2.55-5.1]\'','\'(-inf-57.29964]\'','\'(-inf-4.472222]\'','\'(-inf-138.63292]\'','\'(14.344444-28.688888]\'','\'(13.688889-27.377778]\'','\'(30.177778-45.266667]\'','\'(14.255556-28.511112]\'','\'(-15.822221--10.422222]\'','\'(25.711112-34.555556]\'','\'(-14.822221--9.577777]\'','\'(30.177778-45.266667]\'','\'(0.4-0.5]\'',-2.138726
CEMENT,'\'(176.7-201.8]\'','\'(82.7-106.6]\'','\'All\'','\'(-inf-0.011111]\'','\'(-inf-0.022222]\'','\'(-inf-2.55]\'','\'(-inf-57.29964]\'','\'(-inf-4.472222]\'','\'(-inf-138.63292]\'','\'(43.033332-57.377776]\'','\'(41.066667-54.755556]\'','\'(45.266667-60.355556]\'','\'(28.511112-42.766668]\'','\'(-15.822221--10.422222]\'','\'(25.711112-34.555556]\'','\'(-20.066666--14.822221]\'','\'(45.266667-60.355556]\'','\'(0.2-0.3]\'',-1.996082
CEMENT,'\'(26.1-51.2]\'','\'(58.8-82.7]\'','\'All\'','\'(-inf-0.011111]\'','\'(-inf-0.022222]\'','\'(-inf-2.55]\'','\'(-inf-57.29964]\'','\'(-inf-4.472222]\'','\'(-inf-138.63292]\'','\'(43.033332-57.377776]\'','\'(41.066667-54.755556]\'','\'(45.266667-60.355556]\'','\'(28.511112-42.766668]\'','\'(-10.422222--5.022222]\'','\'(16.866667-25.711112]\'','\'(-20.066666--14.822221]\'','\'(45.266667-60.355556]\'','\'(0.2-0.3]\'',-1.886072
CEMENT,'\'(176.7-201.8]\'','\'(106.6-130.5]\'','\'All\'','\'(-inf-0.011111]\'','\'(-inf-0.022222]\'','\'(-inf-2.55]\'','\'(-inf-57.29964]\'','\'(4.472222-8.944445]\'','\'(-inf-138.63292]\'','\'(28.688888-43.033332]\'','\'(27.377778-41.066667]\'','\'(45.266667-60.355556]\'','\'(28.511112-42.766668]\'','\'(-10.422222--5.022222]\'','\'(16.866667-25.711112]\'','\'(-14.822221--9.577777]\'','\'(45.266667-60.355556]\'','\'(0.2-0.3]\'',-1.908348
CEMENT,'\'(176.7-201.8]\'','\'(82.7-106.6]\'','\'All\'','\'(-inf-0.011111]\'','\'(-inf-0.022222]\'','\'(-inf-2.55]\'','\'(-inf-57.29964]\'','\'(-inf-4.472222]\'','\'(-inf-138.63292]\'','\'(43.033332-57.377776]\'','\'(27.377778-41.066667]\'','\'(45.266667-60.355556]\'','\'(28.511112-42.766668]\'','\'(-21.222221--15.822221]\'','\'(34.555556-43.400001]\'','\'(-20.066666--14.822221]\'','\'(45.266667-60.355556]\'','\'(0.3-0.4]\'',-2.094303
CEMENT,'\'(226.9-inf)\'','\'(106.6-130.5]\'','\'All\'','\'(-inf-0.011111]\'','\'(-inf-0.022222]\'','\'(2.55-5.1]\'','\'(-inf-57.29964]\'','\'(-inf-4.472222]\'','\'(-inf-138.63292]\'','\'(43.033332-57.377776]\'','\'(41.066667-54.755556]\'','\'(45.266667-60.355556]\'','\'(28.511112-42.766668]\'','\'(-10.422222--5.022222]\'','\'(16.866667-25.711112]\'','\'(-20.066666--14.822221]\'','\'(45.266667-60.355556]\'','\'(0.2-0.3]\'',-1.910735
CEMENT,'\'(226.9-inf)\'','\'(106.6-130.5]\'','\'All\'','\'(-inf-0.011111]\'','\'(-inf-0.022222]\'','\'(2.55-5.1]\'','\'(-inf-57.29964]\'','\'(-inf-4.472222]\'','\'(-inf-138.63292]\'','\'(28.688888-43.033332]\'','\'(27.377778-41.066667]\'','\'(45.266667-60.355556]\'','\'(28.511112-42.766668]\'','\'(-21.222221--15.822221]\'','\'(25.711112-34.555556]\'','\'(-20.066666--14.822221]\'','\'(45.266667-60.355556]\'','\'(0.3-0.4]\'',-2.106235
CEMENT,'\'(126.5-151.6]\'','\'(82.7-106.6]\'','\'All\'','\'(-inf-0.011111]\'','\'(-inf-0.022222]\'','\'(7.65-10.2]\'','\'(-inf-57.29964]\'','\'(-inf-4.472222]\'','\'(-inf-138.63292]\'','\'(28.688888-43.033332]\'','\'(13.688889-27.377778]\'','\'(30.177778-45.266667]\'','\'(14.255556-28.511112]\'','\'(-15.822221--10.422222]\'','\'(25.711112-34.555556]\'','\'(-14.822221--9.577777]\'','\'(30.177778-45.266667]\'','\'(0.3-0.4]\'',-2.046542
CEMENT,'\'(151.6-176.7]\'','\'(82.7-106.6]\'','\'All\'','\'(-inf-0.011111]\'','\'(-inf-0.022222]\'','\'(-inf-2.55]\'','\'(-inf-57.29964]\'','\'(-inf-4.472222]\'','\'(-inf-138.63292]\'','\'(43.033332-57.377776]\'','\'(41.066667-54.755556]\'','\'(60.355556-75.444445]\'','\'(42.766668-57.022224]\'','\'(-15.822221--10.422222]\'','\'(34.555556-43.400001]\'','\'(-20.066666--14.822221]\'','\'(60.355556-75.444445]\'','\'(0.2-0.3]\'',-2.00619
CEMENT,'\'(101.4-126.5]\'','\'(106.6-130.5]\'','\'All\'','\'(-inf-0.011111]\'','\'(-inf-0.022222]\'','\'(-inf-2.55]\'','\'(-inf-57.29964]\'','\'(-inf-4.472222]\'','\'(-inf-138.63292]\'','\'(14.344444-28.688888]\'','\'(13.688889-27.377778]\'','\'(15.088889-30.177778]\'','\'(14.255556-28.511112]\'','\'(-15.822221--10.422222]\'','\'(16.866667-25.711112]\'','\'(-14.822221--9.577777]\'','\'(15.088889-30.177778]\'','\'(0.4-0.5]\'',-2.158805
CEMENT,'\'(26.1-51.2]\'','\'(34.9-58.8]\'','\'All\'','\'(-inf-0.011111]\'','\'(-inf-0.022222]\'','\'(-inf-2.55]\'','\'(-inf-57.29964]\'','\'(-inf-4.472222]\'','\'(-inf-138.63292]\'','\'(57.377776-71.72222]\'','\'(54.755556-68.444445]\'','\'(75.444445-90.533334]\'','\'(57.022224-71.27778]\'','\'(-21.222221--15.822221]\'','\'(34.555556-43.400001]\'','\'(-25.31111--20.066666]\'','\'(75.444445-90.533334]\'','\'(0.2-0.3]\'',-2.030703
CEMENT,'\'(201.8-226.9]\'','\'(130.5-154.4]\'','\'All\'','\'(-inf-0.011111]\'','\'(-inf-0.022222]\'','\'(-inf-2.55]\'','\'(-inf-57.29964]\'','\'(-inf-4.472222]\'','\'(-inf-138.63292]\'','\'(28.688888-43.033332]\'','\'(13.688889-27.377778]\'','\'(30.177778-45.266667]\'','\'(14.255556-28.511112]\'','\'(-26.622221--21.222221]\'','\'(34.555556-43.400001]\'','\'(-14.822221--9.577777]\'','\'(30.177778-45.266667]\'','\'(0.4-0.5]\'',-2.237972
CEMENT,'\'(-inf-26.1]\'','\'(130.5-154.4]\'','\'All\'','\'(0.1-inf)\'','\'(-inf-0.022222]\'','\'(-inf-2.55]\'','\'(-inf-57.29964]\'','\'(-inf-4.472222]\'','\'(-inf-138.63292]\'','\'(-inf-14.344444]\'','\'(-inf-13.688889]\'','\'(15.088889-30.177778]\'','\'(-inf-14.255556]\'','\'(-10.422222--5.022222]\'','\'(8.022222-16.866667]\'','\'(-9.577777--4.333332]\'','\'(15.088889-30.177778]\'','\'(0.4-0.5]\'',-2.108911
CEMENT,'\'(-inf-26.1]\'','\'(82.7-106.6]\'','\'All\'','\'(-inf-0.011111]\'','\'(-inf-0.022222]\'','\'(-inf-2.55]\'','\'(-inf-57.29964]\'','\'(-inf-4.472222]\'','\'(-inf-138.63292]\'','\'(57.377776-71.72222]\'','\'(54.755556-68.444445]\'','\'(75.444445-90.533334]\'','\'(42.766668-57.022224]\'','\'(-26.622221--21.222221]\'','\'(43.400001-52.244446]\'','\'(-25.31111--20.066666]\'','\'(75.444445-90.533334]\'','\'(0.3-0.4]\'',-2.105073
CEMENT,'\'(126.5-151.6]\'','\'(-inf-34.9]\'','\'All\'','\'(-inf-0.011111]\'','\'(-inf-0.022222]\'','\'(-inf-2.55]\'','\'(-inf-57.29964]\'','\'(-inf-4.472222]\'','\'(-inf-138.63292]\'','\'(57.377776-71.72222]\'','\'(41.066667-54.755556]\'','\'(60.355556-75.444445]\'','\'(42.766668-57.022224]\'','\'(-15.822221--10.422222]\'','\'(25.711112-34.555556]\'','\'(-20.066666--14.822221]\'','\'(60.355556-75.444445]\'','\'(0.2-0.3]\'',-2.042422
CEMENT,'\'(151.6-176.7]\'','\'(154.4-178.3]\'','\'All\'','\'(-inf-0.011111]\'','\'(-inf-0.022222]\'','\'(-inf-2.55]\'','\'(-inf-57.29964]\'','\'(-inf-4.472222]\'','\'(-inf-138.63292]\'','\'(14.344444-28.688888]\'','\'(13.688889-27.377778]\'','\'(15.088889-30.177778]\'','\'(14.255556-28.511112]\'','\'(-5.022222-0.377778]\'','\'(8.022222-16.866667]\'','\'(-9.577777--4.333332]\'','\'(15.088889-30.177778]\'','\'(0.2-0.3]\'',-1.802554
CEMENT,'\'(126.5-151.6]\'','\'(154.4-178.3]\'','\'All\'','\'(-inf-0.011111]\'','\'(-inf-0.022222]\'','\'(-inf-2.55]\'','\'(-inf-57.29964]\'','\'(-inf-4.472222]\'','\'(-inf-138.63292]\'','\'(-inf-14.344444]\'','\'(-inf-13.688889]\'','\'(-inf-15.088889]\'','\'(-inf-14.255556]\'','\'(-5.022222-0.377778]\'','\'(8.022222-16.866667]\'','\'(-9.577777--4.333332]\'','\'(-inf-15.088889]\'','\'(0.5-0.6]\'',-1.943449
CEMENT,'\'(151.6-176.7]\'','\'(58.8-82.7]\'','\'All\'','\'(-inf-0.011111]\'','\'(-inf-0.022222]\'','\'(-inf-2.55]\'','\'(-inf-57.29964]\'','\'(-inf-4.472222]\'','\'(-inf-138.63292]\'','\'(43.033332-57.377776]\'','\'(41.066667-54.755556]\'','\'(60.355556-75.444445]\'','\'(42.766668-57.022224]\'','\'(-15.822221--10.422222]\'','\'(25.711112-34.555556]\'','\'(-20.066666--14.822221]\'','\'(60.355556-75.444445]\'','\'(0.2-0.3]\'',-1.984308
CEMENT,'\'(176.7-201.8]\'','\'(58.8-82.7]\'','\'All\'','\'(-inf-0.011111]\'','\'(-inf-0.022222]\'','\'(-inf-2.55]\'','\'(-inf-57.29964]\'','\'(-inf-4.472222]\'','\'(-inf-138.63292]\'','\'(28.688888-43.033332]\'','\'(27.377778-41.066667]\'','\'(45.266667-60.355556]\'','\'(28.511112-42.766668]\'','\'(-10.422222--5.022222]\'','\'(16.866667-25.711112]\'','\'(-14.822221--9.577777]\'','\'(45.266667-60.355556]\'','\'(0.2-0.3]\'',-1.942698
CEMENT,'\'(126.5-151.6]\'','\'(58.8-82.7]\'','\'All\'','\'(-inf-0.011111]\'','\'(-inf-0.022222]\'','\'(-inf-2.55]\'','\'(-inf-57.29964]\'','\'(-inf-4.472222]\'','\'(-inf-138.63292]\'','\'(43.033332-57.377776]\'','\'(41.066667-54.755556]\'','\'(45.266667-60.355556]\'','\'(28.511112-42.766668]\'','\'(-5.022222-0.377778]\'','\'(8.022222-16.866667]\'','\'(-14.822221--9.577777]\'','\'(45.266667-60.355556]\'','\'(0.1-0.2]\'',-1.681589
CEMENT,'\'(226.9-inf)\'','\'(106.6-130.5]\'','\'All\'','\'(-inf-0.011111]\'','\'(-inf-0.022222]\'','\'(-inf-2.55]\'','\'(-inf-57.29964]\'','\'(-inf-4.472222]\'','\'(-inf-138.63292]\'','\'(43.033332-57.377776]\'','\'(27.377778-41.066667]\'','\'(45.266667-60.355556]\'','\'(28.511112-42.766668]\'','\'(-21.222221--15.822221]\'','\'(34.555556-43.400001]\'','\'(-20.066666--14.822221]\'','\'(45.266667-60.355556]\'','\'(0.3-0.4]\'',-2.09948
CEMENT,'\'(101.4-126.5]\'','\'(82.7-106.6]\'','\'All\'','\'(-inf-0.011111]\'','\'(-inf-0.022222]\'','\'(5.1-7.65]\'','\'(-inf-57.29964]\'','\'(-inf-4.472222]\'','\'(-inf-138.63292]\'','\'(57.377776-71.72222]\'','\'(54.755556-68.444445]\'','\'(75.444445-90.533334]\'','\'(57.022224-71.27778]\'','\'(-26.622221--21.222221]\'','\'(43.400001-52.244446]\'','\'(-25.31111--20.066666]\'','\'(75.444445-90.533334]\'','\'(0.2-0.3]\'',-2.108813
CEMENT,'\'(176.7-201.8]\'','\'(106.6-130.5]\'','\'All\'','\'(-inf-0.011111]\'','\'(-inf-0.022222]\'','\'(20.4-22.95]\'','\'(-inf-57.29964]\'','\'(-inf-4.472222]\'','\'(-inf-138.63292]\'','\'(28.688888-43.033332]\'','\'(27.377778-41.066667]\'','\'(45.266667-60.355556]\'','\'(28.511112-42.766668]\'','\'(-15.822221--10.422222]\'','\'(16.866667-25.711112]\'','\'(-14.822221--9.577777]\'','\'(45.266667-60.355556]\'','\'(0.2-0.3]\'',-1.995536
CEMENT,'\'(126.5-151.6]\'','\'(-inf-34.9]\'','\'All\'','\'(0.1-inf)\'','\'(0.2-inf)\'','\'(2.55-5.1]\'','\'(-inf-57.29964]\'','\'(4.472222-8.944445]\'','\'(-inf-138.63292]\'','\'(43.033332-57.377776]\'','\'(27.377778-41.066667]\'','\'(45.266667-60.355556]\'','\'(28.511112-42.766668]\'','\'(-15.822221--10.422222]\'','\'(25.711112-34.555556]\'','\'(-20.066666--14.822221]\'','\'(45.266667-60.355556]\'','\'(0.2-0.3]\'',-2.030048
CEMENT,'\'(76.3-101.4]\'','\'(-inf-34.9]\'','\'All\'','\'(-inf-0.011111]\'','\'(-inf-0.022222]\'','\'(2.55-5.1]\'','\'(-inf-57.29964]\'','\'(-inf-4.472222]\'','\'(-inf-138.63292]\'','\'(57.377776-71.72222]\'','\'(41.066667-54.755556]\'','\'(75.444445-90.533334]\'','\'(42.766668-57.022224]\'','\'(-32.022221--26.622221]\'','\'(43.400001-52.244446]\'','\'(-25.31111--20.066666]\'','\'(75.444445-90.533334]\'','\'(0.3-0.4]\'',-2.144507
CEMENT,'\'(151.6-176.7]\'','\'(82.7-106.6]\'','\'All\'','\'(-inf-0.011111]\'','\'(-inf-0.022222]\'','\'(-inf-2.55]\'','\'(-inf-57.29964]\'','\'(-inf-4.472222]\'','\'(-inf-138.63292]\'','\'(57.377776-71.72222]\'','\'(41.066667-54.755556]\'','\'(60.355556-75.444445]\'','\'(42.766668-57.022224]\'','\'(-15.822221--10.422222]\'','\'(25.711112-34.555556]\'','\'(-20.066666--14.822221]\'','\'(60.355556-75.444445]\'','\'(0.2-0.3]\'',-1.985584
CEMENT,'\'(201.8-226.9]\'','\'(58.8-82.7]\'','\'All\'','\'(-inf-0.011111]\'','\'(-inf-0.022222]\'','\'(-inf-2.55]\'','\'(-inf-57.29964]\'','\'(22.361113-26.833335]\'','\'(-inf-138.63292]\'','\'(43.033332-57.377776]\'','\'(41.066667-54.755556]\'','\'(60.355556-75.444445]\'','\'(42.766668-57.022224]\'','\'(-15.822221--10.422222]\'','\'(16.866667-25.711112]\'','\'(-14.822221--9.577777]\'','\'(60.355556-75.444445]\'','\'(0.1-0.2]\'',-1.970812
WINDOW,'\'(176.7-201.8]\'','\'(130.5-154.4]\'','\'All\'','\'(-inf-0.011111]\'','\'(-inf-0.022222]\'','\'(-inf-2.55]\'','\'(-inf-57.29964]\'','\'(-inf-4.472222]\'','\'(-inf-138.63292]\'','\'(-inf-14.344444]\'','\'(-inf-13.688889]\'','\'(-inf-15.088889]\'','\'(-inf-14.255556]\'','\'(-5.022222-0.377778]\'','\'(-0.822222-8.022222]\'','\'(-4.333332-0.911112]\'','\'(-inf-15.088889]\'','\'(-inf-0.1]\'',0
WINDOW,'\'(176.7-201.8]\'','\'(130.5-154.4]\'','\'All\'','\'(-inf-0.011111]\'','\'(-inf-0.022222]\'','\'(-inf-2.55]\'','\'(-inf-57.29964]\'','\'(-inf-4.472222]\'','\'(-inf-138.63292]\'','\'(-inf-14.344444]\'','\'(-inf-13.688889]\'','\'(-inf-15.088889]\'','\'(-inf-14.255556]\'','\'(-5.022222-0.377778]\'','\'(-0.822222-8.022222]\'','\'(-4.333332-0.911112]\'','\'(-inf-15.088889]\'','\'(-inf-0.1]\'',0
WINDOW,'\'(201.8-226.9]\'','\'(130.5-154.4]\'','\'All\'','\'(-inf-0.011111]\'','\'(-inf-0.022222]\'','\'(-inf-2.55]\'','\'(-inf-57.29964]\'','\'(-inf-4.472222]\'','\'(-inf-138.63292]\'','\'(-inf-14.344444]\'','\'(-inf-13.688889]\'','\'(-inf-15.088889]\'','\'(-inf-14.255556]\'','\'(-5.022222-0.377778]\'','\'(-0.822222-8.022222]\'','\'(-4.333332-0.911112]\'','\'(-inf-15.088889]\'','\'(-inf-0.1]\'',0
WINDOW,'\'(51.2-76.3]\'','\'(82.7-106.6]\'','\'All\'','\'(-inf-0.011111]\'','\'(-inf-0.022222]\'','\'(-inf-2.55]\'','\'(-inf-57.29964]\'','\'(4.472222-8.944445]\'','\'(-inf-138.63292]\'','\'(14.344444-28.688888]\'','\'(-inf-13.688889]\'','\'(15.088889-30.177778]\'','\'(-inf-14.255556]\'','\'(-15.822221--10.422222]\'','\'(16.866667-25.711112]\'','\'(-14.822221--9.577777]\'','\'(15.088889-30.177778]\'','\'(0.4-0.5]\'',-2.129746
WINDOW,'\'(226.9-inf)\'','\'(82.7-106.6]\'','\'All\'','\'(-inf-0.011111]\'','\'(-inf-0.022222]\'','\'(-inf-2.55]\'','\'(-inf-57.29964]\'','\'(-inf-4.472222]\'','\'(-inf-138.63292]\'','\'(-inf-14.344444]\'','\'(-inf-13.688889]\'','\'(-inf-15.088889]\'','\'(-inf-14.255556]\'','\'(-5.022222-0.377778]\'','\'(-0.822222-8.022222]\'','\'(-4.333332-0.911112]\'','\'(-inf-15.088889]\'','\'(0.9-inf)\'',-2.071242
WINDOW,'\'(226.9-inf)\'','\'(82.7-106.6]\'','\'All\'','\'(-inf-0.011111]\'','\'(-inf-0.022222]\'','\'(-inf-2.55]\'','\'(-inf-57.29964]\'','\'(-inf-4.472222]\'','\'(-inf-138.63292]\'','\'(14.344444-28.688888]\'','\'(13.688889-27.377778]\'','\'(15.088889-30.177778]\'','\'(14.255556-28.511112]\'','\'(-10.422222--5.022222]\'','\'(16.866667-25.711112]\'','\'(-9.577777--4.333332]\'','\'(15.088889-30.177778]\'','\'(0.3-0.4]\'',-2.150638
WINDOW,'\'(201.8-226.9]\'','\'(130.5-154.4]\'','\'All\'','\'(-inf-0.011111]\'','\'(-inf-0.022222]\'','\'(-inf-2.55]\'','\'(-inf-57.29964]\'','\'(-inf-4.472222]\'','\'(-inf-138.63292]\'','\'(-inf-14.344444]\'','\'(-inf-13.688889]\'','\'(-inf-15.088889]\'','\'(-inf-14.255556]\'','\'(-5.022222-0.377778]\'','\'(-0.822222-8.022222]\'','\'(-4.333332-0.911112]\'','\'(-inf-15.088889]\'','\'(-inf-0.1]\'',0
WINDOW,'\'(176.7-201.8]\'','\'(82.7-106.6]\'','\'All\'','\'(-inf-0.011111]\'','\'(-inf-0.022222]\'','\'(-inf-2.55]\'','\'(-inf-57.29964]\'','\'(-inf-4.472222]\'','\'(-inf-138.63292]\'','\'(-inf-14.344444]\'','\'(-inf-13.688889]\'','\'(-inf-15.088889]\'','\'(-inf-14.255556]\'','\'(-5.022222-0.377778]\'','\'(8.022222-16.866667]\'','\'(-9.577777--4.333332]\'','\'(-inf-15.088889]\'','\'(0.5-0.6]\'',-1.749258
WINDOW,'\'(26.1-51.2]\'','\'(130.5-154.4]\'','\'All\'','\'(-inf-0.011111]\'','\'(-inf-0.022222]\'','\'(-inf-2.55]\'','\'(-inf-57.29964]\'','\'(-inf-4.472222]\'','\'(-inf-138.63292]\'','\'(-inf-14.344444]\'','\'(-inf-13.688889]\'','\'(-inf-15.088889]\'','\'(-inf-14.255556]\'','\'(-5.022222-0.377778]\'','\'(-0.822222-8.022222]\'','\'(-4.333332-0.911112]\'','\'(-inf-15.088889]\'','\'(0.6-0.7]\'',-1.933239
WINDOW,'\'(51.2-76.3]\'','\'(130.5-154.4]\'','\'All\'','\'(-inf-0.011111]\'','\'(-inf-0.022222]\'','\'(-inf-2.55]\'','\'(-inf-57.29964]\'','\'(-inf-4.472222]\'','\'(-inf-138.63292]\'','\'(-inf-14.344444]\'','\'(-inf-13.688889]\'','\'(-inf-15.088889]\'','\'(-inf-14.255556]\'','\'(-10.422222--5.022222]\'','\'(8.022222-16.866667]\'','\'(-9.577777--4.333332]\'','\'(-inf-15.088889]\'','\'(0.6-0.7]\'',-2.048
WINDOW,'\'(151.6-176.7]\'','\'(82.7-106.6]\'','\'All\'','\'(-inf-0.011111]\'','\'(-inf-0.022222]\'','\'(-inf-2.55]\'','\'(-inf-57.29964]\'','\'(-inf-4.472222]\'','\'(-inf-138.63292]\'','\'(14.344444-28.688888]\'','\'(13.688889-27.377778]\'','\'(15.088889-30.177778]\'','\'(14.255556-28.511112]\'','\'(-15.822221--10.422222]\'','\'(16.866667-25.711112]\'','\'(-14.822221--9.577777]\'','\'(15.088889-30.177778]\'','\'(0.4-0.5]\'',-2.160912
WINDOW,'\'(76.3-101.4]\'','\'(82.7-106.6]\'','\'All\'','\'(-inf-0.011111]\'','\'(-inf-0.022222]\'','\'(-inf-2.55]\'','\'(-inf-57.29964]\'','\'(-inf-4.472222]\'','\'(-inf-138.63292]\'','\'(14.344444-28.688888]\'','\'(13.688889-27.377778]\'','\'(15.088889-30.177778]\'','\'(14.255556-28.511112]\'','\'(-15.822221--10.422222]\'','\'(16.866667-25.711112]\'','\'(-14.822221--9.577777]\'','\'(15.088889-30.177778]\'','\'(0.4-0.5]\'',-2.084893
WINDOW,'\'(151.6-176.7]\'','\'(154.4-178.3]\'','\'All\'','\'(-inf-0.011111]\'','\'(-inf-0.022222]\'','\'(-inf-2.55]\'','\'(-inf-57.29964]\'','\'(8.944445-13.416667]\'','\'(-inf-138.63292]\'','\'(-inf-14.344444]\'','\'(-inf-13.688889]\'','\'(-inf-15.088889]\'','\'(-inf-14.255556]\'','\'(-10.422222--5.022222]\'','\'(8.022222-16.866667]\'','\'(-9.577777--4.333332]\'','\'(-inf-15.088889]\'','\'(0.4-0.5]\'',-2.115567
WINDOW,'\'(201.8-226.9]\'','\'(-inf-34.9]\'','\'All\'','\'(-inf-0.011111]\'','\'(-inf-0.022222]\'','\'(-inf-2.55]\'','\'(-inf-57.29964]\'','\'(-inf-4.472222]\'','\'(-inf-138.63292]\'','\'(14.344444-28.688888]\'','\'(-inf-13.688889]\'','\'(15.088889-30.177778]\'','\'(-inf-14.255556]\'','\'(-15.822221--10.422222]\'','\'(16.866667-25.711112]\'','\'(-9.577777--4.333332]\'','\'(15.088889-30.177778]\'','\'(0.4-0.5]\'',-2.162383
WINDOW,'\'(201.8-226.9]\'','\'(58.8-82.7]\'','\'All\'','\'(-inf-0.011111]\'','\'(-inf-0.022222]\'','\'(-inf-2.55]\'','\'(-inf-57.29964]\'','\'(-inf-4.472222]\'','\'(-inf-138.63292]\'','\'(-inf-14.344444]\'','\'(-inf-13.688889]\'','\'(-inf-15.088889]\'','\'(-inf-14.255556]\'','\'(-10.422222--5.022222]\'','\'(8.022222-16.866667]\'','\'(-9.577777--4.333332]\'','\'(-inf-15.088889]\'','\'(0.6-0.7]\'',-2.034152
WINDOW,'\'(101.4-126.5]\'','\'(130.5-154.4]\'','\'All\'','\'(-inf-0.011111]\'','\'(-inf-0.022222]\'','\'(-inf-2.55]\'','\'(-inf-57.29964]\'','\'(-inf-4.472222]\'','\'(-inf-138.63292]\'','\'(-inf-14.344444]\'','\'(-inf-13.688889]\'','\'(-inf-15.088889]\'','\'(-inf-14.255556]\'','\'(-5.022222-0.377778]\'','\'(-0.822222-8.022222]\'','\'(-4.333332-0.911112]\'','\'(-inf-15.088889]\'','\'(-inf-0.1]\'',0
WINDOW,'\'(-inf-26.1]\'','\'(130.5-154.4]\'','\'All\'','\'(-inf-0.011111]\'','\'(-inf-0.022222]\'','\'(-inf-2.55]\'','\'(-inf-57.29964]\'','\'(-inf-4.472222]\'','\'(-inf-138.63292]\'','\'(-inf-14.344444]\'','\'(-inf-13.688889]\'','\'(-inf-15.088889]\'','\'(-inf-14.255556]\'','\'(-10.422222--5.022222]\'','\'(8.022222-16.866667]\'','\'(-9.577777--4.333332]\'','\'(-inf-15.088889]\'','\'(0.8-0.9]\'',-2.133095
WINDOW,'\'(201.8-226.9]\'','\'(58.8-82.7]\'','\'All\'','\'(-inf-0.011111]\'','\'(-inf-0.022222]\'','\'(-inf-2.55]\'','\'(-inf-57.29964]\'','\'(-inf-4.472222]\'','\'(-inf-138.63292]\'','\'(-inf-14.344444]\'','\'(-inf-13.688889]\'','\'(-inf-15.088889]\'','\'(-inf-14.255556]\'','\'(-10.422222--5.022222]\'','\'(8.022222-16.866667]\'','\'(-9.577777--4.333332]\'','\'(-inf-15.088889]\'','\'(0.6-0.7]\'',-2.048717
WINDOW,'\'(176.7-201.8]\'','\'(130.5-154.4]\'','\'All\'','\'(-inf-0.011111]\'','\'(-inf-0.022222]\'','\'(-inf-2.55]\'','\'(-inf-57.29964]\'','\'(-inf-4.472222]\'','\'(-inf-138.63292]\'','\'(-inf-14.344444]\'','\'(-inf-13.688889]\'','\'(-inf-15.088889]\'','\'(-inf-14.255556]\'','\'(-5.022222-0.377778]\'','\'(-0.822222-8.022222]\'','\'(-4.333332-0.911112]\'','\'(-inf-15.088889]\'','\'(0.5-0.6]\'',-1.920944
WINDOW,'\'(201.8-226.9]\'','\'(34.9-58.8]\'','\'All\'','\'(-inf-0.011111]\'','\'(-inf-0.022222]\'','\'(-inf-2.55]\'','\'(-inf-57.29964]\'','\'(-inf-4.472222]\'','\'(-inf-138.63292]\'','\'(-inf-14.344444]\'','\'(-inf-13.688889]\'','\'(-inf-15.088889]\'','\'(-inf-14.255556]\'','\'(-10.422222--5.022222]\'','\'(16.866667-25.711112]\'','\'(-9.577777--4.333332]\'','\'(-inf-15.088889]\'','\'(0.6-0.7]\'',-2.068564
WINDOW,'\'(51.2-76.3]\'','\'(106.6-130.5]\'','\'All\'','\'(-inf-0.011111]\'','\'(-inf-0.022222]\'','\'(2.55-5.1]\'','\'(-inf-57.29964]\'','\'(-inf-4.472222]\'','\'(-inf-138.63292]\'','\'(14.344444-28.688888]\'','\'(13.688889-27.377778]\'','\'(15.088889-30.177778]\'','\'(14.255556-28.511112]\'','\'(-15.822221--10.422222]\'','\'(16.866667-25.711112]\'','\'(-14.822221--9.577777]\'','\'(15.088889-30.177778]\'','\'(0.4-0.5]\'',-2.125693
WINDOW,'\'(151.6-176.7]\'','\'(34.9-58.8]\'','\'All\'','\'(-inf-0.011111]\'','\'(-inf-0.022222]\'','\'(-inf-2.55]\'','\'(-inf-57.29964]\'','\'(-inf-4.472222]\'','\'(-inf-138.63292]\'','\'(-inf-14.344444]\'','\'(-inf-13.688889]\'','\'(-inf-15.088889]\'','\'(-inf-14.255556]\'','\'(-5.022222-0.377778]\'','\'(-0.822222-8.022222]\'','\'(-4.333332-0.911112]\'','\'(-inf-15.088889]\'','\'(0.5-0.6]\'',-1.84512
WINDOW,'\'(151.6-176.7]\'','\'(106.6-130.5]\'','\'All\'','\'(-inf-0.011111]\'','\'(-inf-0.022222]\'','\'(-inf-2.55]\'','\'(-inf-57.29964]\'','\'(-inf-4.472222]\'','\'(-inf-138.63292]\'','\'(28.688888-43.033332]\'','\'(13.688889-27.377778]\'','\'(30.177778-45.266667]\'','\'(14.255556-28.511112]\'','\'(-15.822221--10.422222]\'','\'(16.866667-25.711112]\'','\'(-14.822221--9.577777]\'','\'(30.177778-45.266667]\'','\'(0.3-0.4]\'',-2.187242
WINDOW,'\'(176.7-201.8]\'','\'(-inf-34.9]\'','\'All\'','\'(-inf-0.011111]\'','\'(-inf-0.022222]\'','\'(-inf-2.55]\'','\'(-inf-57.29964]\'','\'(-inf-4.472222]\'','\'(-inf-138.63292]\'','\'(-inf-14.344444]\'','\'(-inf-13.688889]\'','\'(-inf-15.088889]\'','\'(-inf-14.255556]\'','\'(-10.422222--5.022222]\'','\'(8.022222-16.866667]\'','\'(-9.577777--4.333332]\'','\'(-inf-15.088889]\'','\'(0.6-0.7]\'',-2.057978
WINDOW,'\'(126.5-151.6]\'','\'(106.6-130.5]\'','\'All\'','\'(-inf-0.011111]\'','\'(-inf-0.022222]\'','\'(-inf-2.55]\'','\'(-inf-57.29964]\'','\'(-inf-4.472222]\'','\'(-inf-138.63292]\'','\'(28.688888-43.033332]\'','\'(13.688889-27.377778]\'','\'(30.177778-45.266667]\'','\'(14.255556-28.511112]\'','\'(-15.822221--10.422222]\'','\'(16.866667-25.711112]\'','\'(-9.577777--4.333332]\'','\'(30.177778-45.266667]\'','\'(0.3-0.4]\'',-2.202667
WINDOW,'\'(226.9-inf)\'','\'(130.5-154.4]\'','\'All\'','\'(-inf-0.011111]\'','\'(-inf-0.022222]\'','\'(-inf-2.55]\'','\'(-inf-57.29964]\'','\'(-inf-4.472222]\'','\'(-inf-138.63292]\'','\'(-inf-14.344444]\'','\'(-inf-13.688889]\'','\'(-inf-15.088889]\'','\'(-inf-14.255556]\'','\'(-5.022222-0.377778]\'','\'(-0.822222-8.022222]\'','\'(-4.333332-0.911112]\'','\'(-inf-15.088889]\'','\'(0.7-0.8]\'',-2.007606
WINDOW,'\'(201.8-226.9]\'','\'(58.8-82.7]\'','\'All\'','\'(-inf-0.011111]\'','\'(-inf-0.022222]\'','\'(-inf-2.55]\'','\'(-inf-57.29964]\'','\'(-inf-4.472222]\'','\'(-inf-138.63292]\'','\'(-inf-14.344444]\'','\'(-inf-13.688889]\'','\'(-inf-15.088889]\'','\'(-inf-14.255556]\'','\'(-10.422222--5.022222]\'','\'(8.022222-16.866667]\'','\'(-9.577777--4.333332]\'','\'(-inf-15.088889]\'','\'(0.6-0.7]\'',-2.048717
WINDOW,'\'(226.9-inf)\'','\'(82.7-106.6]\'','\'All\'','\'(-inf-0.011111]\'','\'(-inf-0.022222]\'','\'(2.55-5.1]\'','\'(-inf-57.29964]\'','\'(-inf-4.472222]\'','\'(-inf-138.63292]\'','\'(14.344444-28.688888]\'','\'(-inf-13.688889]\'','\'(15.088889-30.177778]\'','\'(-inf-14.255556]\'','\'(-15.822221--10.422222]\'','\'(16.866667-25.711112]\'','\'(-14.822221--9.577777]\'','\'(15.088889-30.177778]\'','\'(0.5-0.6]\'',-2.137493
WINDOW,'\'(201.8-226.9]\'','\'(106.6-130.5]\'','\'All\'','\'(-inf-0.011111]\'','\'(-inf-0.022222]\'','\'(-inf-2.55]\'','\'(-inf-57.29964]\'','\'(-inf-4.472222]\'','\'(-inf-138.63292]\'','\'(-inf-14.344444]\'','\'(-inf-13.688889]\'','\'(-inf-15.088889]\'','\'(-inf-14.255556]\'','\'(-5.022222-0.377778]\'','\'(-0.822222-8.022222]\'','\'(-4.333332-0.911112]\'','\'(-inf-15.088889]\'','\'(0.9-inf)\'',-2.065536
WINDOW,'\'(76.3-101.4]\'','\'(130.5-154.4]\'','\'All\'','\'(-inf-0.011111]\'','\'(-inf-0.022222]\'','\'(-inf-2.55]\'','\'(-inf-57.29964]\'','\'(-inf-4.472222]\'','\'(-inf-138.63292]\'','\'(-inf-14.344444]\'','\'(-inf-13.688889]\'','\'(-inf-15.088889]\'','\'(-inf-14.255556]\'','\'(-5.022222-0.377778]\'','\'(-0.822222-8.022222]\'','\'(-9.577777--4.333332]\'','\'(-inf-15.088889]\'','\'(0.8-0.9]\'',-2.013143
PATH,'\'(76.3-101.4]\'','\'(178.3-202.2]\'','\'All\'','\'(0.1-inf)\'','\'(0.088889-0.111111]\'','\'(-inf-2.55]\'','\'(-inf-57.29964]\'','\'(-inf-4.472222]\'','\'(-inf-138.63292]\'','\'(57.377776-71.72222]\'','\'(54.755556-68.444445]\'','\'(75.444445-90.533334]\'','\'(42.766668-57.022224]\'','\'(-21.222221--15.822221]\'','\'(43.400001-52.244446]\'','\'(-25.31111--20.066666]\'','\'(75.444445-90.533334]\'','\'(0.2-0.3]\'',-2.06802
PATH,'\'(-inf-26.1]\'','\'(178.3-202.2]\'','\'All\'','\'(-inf-0.011111]\'','\'(-inf-0.022222]\'','\'(-inf-2.55]\'','\'(-inf-57.29964]\'','\'(8.944445-13.416667]\'','\'(-inf-138.63292]\'','\'(14.344444-28.688888]\'','\'(13.688889-27.377778]\'','\'(30.177778-45.266667]\'','\'(14.255556-28.511112]\'','\'(-10.422222--5.022222]\'','\'(16.866667-25.711112]\'','\'(-14.822221--9.577777]\'','\'(30.177778-45.266667]\'','\'(0.2-0.3]\'',-2.101002
PATH,'\'(126.5-151.6]\'','\'(178.3-202.2]\'','\'All\'','\'(-inf-0.011111]\'','\'(-inf-0.022222]\'','\'(-inf-2.55]\'','\'(-inf-57.29964]\'','\'(-inf-4.472222]\'','\'(-inf-138.63292]\'','\'(57.377776-71.72222]\'','\'(41.066667-54.755556]\'','\'(60.355556-75.444445]\'','\'(42.766668-57.022224]\'','\'(-21.222221--15.822221]\'','\'(43.400001-52.244446]\'','\'(-25.31111--20.066666]\'','\'(60.355556-75.444445]\'','\'(0.3-0.4]\'',-2.03348
PATH,'\'(226.9-inf)\'','\'(178.3-202.2]\'','\'All\'','\'(-inf-0.011111]\'','\'(-inf-0.022222]\'','\'(2.55-5.1]\'','\'(-inf-57.29964]\'','\'(4.472222-8.944445]\'','\'(-inf-138.63292]\'','\'(28.688888-43.033332]\'','\'(27.377778-41.066667]\'','\'(45.266667-60.355556]\'','\'(28.511112-42.766668]\'','\'(-15.822221--10.422222]\'','\'(25.711112-34.555556]\'','\'(-14.822221--9.577777]\'','\'(45.266667-60.355556]\'','\'(0.2-0.3]\'',-2.175826
PATH,'\'(201.8-226.9]\'','\'(154.4-178.3]\'','\'All\'','\'(-inf-0.011111]\'','\'(0.088889-0.111111]\'','\'(-inf-2.55]\'','\'(-inf-57.29964]\'','\'(4.472222-8.944445]\'','\'(-inf-138.63292]\'','\'(57.377776-71.72222]\'','\'(41.066667-54.755556]\'','\'(75.444445-90.533334]\'','\'(42.766668-57.022224]\'','\'(-21.222221--15.822221]\'','\'(43.400001-52.244446]\'','\'(-25.31111--20.066666]\'','\'(75.444445-90.533334]\'','\'(0.3-0.4]\'',-2.030648
PATH,'\'(201.8-226.9]\'','\'(178.3-202.2]\'','\'All\'','\'(-inf-0.011111]\'','\'(-inf-0.022222]\'','\'(-inf-2.55]\'','\'(-inf-57.29964]\'','\'(-inf-4.472222]\'','\'(-inf-138.63292]\'','\'(43.033332-57.377776]\'','\'(41.066667-54.755556]\'','\'(60.355556-75.444445]\'','\'(42.766668-57.022224]\'','\'(-15.822221--10.422222]\'','\'(25.711112-34.555556]\'','\'(-20.066666--14.822221]\'','\'(60.355556-75.444445]\'','\'(0.2-0.3]\'',-1.987599
PATH,'\'(201.8-226.9]\'','\'(178.3-202.2]\'','\'All\'','\'(-inf-0.011111]\'','\'(-inf-0.022222]\'','\'(-inf-2.55]\'','\'(-inf-57.29964]\'','\'(-inf-4.472222]\'','\'(-inf-138.63292]\'','\'(28.688888-43.033332]\'','\'(27.377778-41.066667]\'','\'(45.266667-60.355556]\'','\'(28.511112-42.766668]\'','\'(-15.822221--10.422222]\'','\'(25.711112-34.555556]\'','\'(-20.066666--14.822221]\'','\'(45.266667-60.355556]\'','\'(0.2-0.3]\'',-1.992997
PATH,'\'(201.8-226.9]\'','\'(154.4-178.3]\'','\'All\'','\'(-inf-0.011111]\'','\'(-inf-0.022222]\'','\'(-inf-2.55]\'','\'(-inf-57.29964]\'','\'(8.944445-13.416667]\'','\'(-inf-138.63292]\'','\'(28.688888-43.033332]\'','\'(27.377778-41.066667]\'','\'(45.266667-60.355556]\'','\'(28.511112-42.766668]\'','\'(-21.222221--15.822221]\'','\'(25.711112-34.555556]\'','\'(-14.822221--9.577777]\'','\'(45.266667-60.355556]\'','\'(0.3-0.4]\'',-2.282295
PATH,'\'(76.3-101.4]\'','\'(178.3-202.2]\'','\'All\'','\'(0.1-inf)\'','\'(-inf-0.022222]\'','\'(-inf-2.55]\'','\'(-inf-57.29964]\'','\'(-inf-4.472222]\'','\'(-inf-138.63292]\'','\'(57.377776-71.72222]\'','\'(54.755556-68.444445]\'','\'(75.444445-90.533334]\'','\'(42.766668-57.022224]\'','\'(-21.222221--15.822221]\'','\'(34.555556-43.400001]\'','\'(-25.31111--20.066666]\'','\'(75.444445-90.533334]\'','\'(0.2-0.3]\'',-2.048736
PATH,'\'(101.4-126.5]\'','\'(178.3-202.2]\'','\'All\'','\'(-inf-0.011111]\'','\'(-inf-0.022222]\'','\'(2.55-5.1]\'','\'(-inf-57.29964]\'','\'(-inf-4.472222]\'','\'(-inf-138.63292]\'','\'(57.377776-71.72222]\'','\'(41.066667-54.755556]\'','\'(60.355556-75.444445]\'','\'(42.766668-57.022224]\'','\'(-21.222221--15.822221]\'','\'(43.400001-52.244446]\'','\'(-25.31111--20.066666]\'','\'(60.355556-75.444445]\'','\'(0.3-0.4]\'',-2.047766
PATH,'\'(76.3-101.4]\'','\'(178.3-202.2]\'','\'All\'','\'(-inf-0.011111]\'','\'(-inf-0.022222]\'','\'(2.55-5.1]\'','\'(-inf-57.29964]\'','\'(4.472222-8.944445]\'','\'(-inf-138.63292]\'','\'(28.688888-43.033332]\'','\'(27.377778-41.066667]\'','\'(30.177778-45.266667]\'','\'(28.511112-42.766668]\'','\'(-10.422222--5.022222]\'','\'(16.866667-25.711112]\'','\'(-14.822221--9.577777]\'','\'(30.177778-45.266667]\'','\'(0.2-0.3]\'',-2.085272
PATH,'\'(76.3-101.4]\'','\'(178.3-202.2]\'','\'All\'','\'(-inf-0.011111]\'','\'(-inf-0.022222]\'','\'(-inf-2.55]\'','\'(-inf-57.29964]\'','\'(-inf-4.472222]\'','\'(-inf-138.63292]\'','\'(43.033332-57.377776]\'','\'(41.066667-54.755556]\'','\'(60.355556-75.444445]\'','\'(42.766668-57.022224]\'','\'(-15.822221--10.422222]\'','\'(34.555556-43.400001]\'','\'(-25.31111--20.066666]\'','\'(60.355556-75.444445]\'','\'(0.3-0.4]\'',-2.008719
PATH,'\'(201.8-226.9]\'','\'(154.4-178.3]\'','\'All\'','\'(-inf-0.011111]\'','\'(-inf-0.022222]\'','\'(2.55-5.1]\'','\'(-inf-57.29964]\'','\'(8.944445-13.416667]\'','\'(-inf-138.63292]\'','\'(28.688888-43.033332]\'','\'(27.377778-41.066667]\'','\'(45.266667-60.355556]\'','\'(28.511112-42.766668]\'','\'(-15.822221--10.422222]\'','\'(25.711112-34.555556]\'','\'(-14.822221--9.577777]\'','\'(45.266667-60.355556]\'','\'(0.2-0.3]\'',-2.198939
PATH,'\'(176.7-201.8]\'','\'(178.3-202.2]\'','\'All\'','\'(-inf-0.011111]\'','\'(-inf-0.022222]\'','\'(-inf-2.55]\'','\'(-inf-57.29964]\'','\'(-inf-4.472222]\'','\'(-inf-138.63292]\'','\'(43.033332-57.377776]\'','\'(41.066667-54.755556]\'','\'(60.355556-75.444445]\'','\'(42.766668-57.022224]\'','\'(-15.822221--10.422222]\'','\'(34.555556-43.400001]\'','\'(-25.31111--20.066666]\'','\'(60.355556-75.444445]\'','\'(0.2-0.3]\'',-1.974959
PATH,'\'(176.7-201.8]\'','\'(178.3-202.2]\'','\'All\'','\'(-inf-0.011111]\'','\'(-inf-0.022222]\'','\'(-inf-2.55]\'','\'(-inf-57.29964]\'','\'(-inf-4.472222]\'','\'(-inf-138.63292]\'','\'(43.033332-57.377776]\'','\'(41.066667-54.755556]\'','\'(45.266667-60.355556]\'','\'(28.511112-42.766668]\'','\'(-15.822221--10.422222]\'','\'(25.711112-34.555556]\'','\'(-25.31111--20.066666]\'','\'(45.266667-60.355556]\'','\'(0.3-0.4]\'',-1.947472
PATH,'\'(101.4-126.5]\'','\'(178.3-202.2]\'','\'All\'','\'(-inf-0.011111]\'','\'(-inf-0.022222]\'','\'(2.55-5.1]\'','\'(-inf-57.29964]\'','\'(-inf-4.472222]\'','\'(-inf-138.63292]\'','\'(57.377776-71.72222]\'','\'(41.066667-54.755556]\'','\'(60.355556-75.444445]\'','\'(42.766668-57.022224]\'','\'(-21.222221--15.822221]\'','\'(43.400001-52.244446]\'','\'(-25.31111--20.066666]\'','\'(60.355556-75.444445]\'','\'(0.3-0.4]\'',-2.03548
PATH,'\'(176.7-201.8]\'','\'(178.3-202.2]\'','\'All\'','\'(0.1-inf)\'','\'(-inf-0.022222]\'','\'(2.55-5.1]\'','\'(-inf-57.29964]\'','\'(-inf-4.472222]\'','\'(-inf-138.63292]\'','\'(43.033332-57.377776]\'','\'(41.066667-54.755556]\'','\'(45.266667-60.355556]\'','\'(28.511112-42.766668]\'','\'(-15.822221--10.422222]\'','\'(25.711112-34.555556]\'','\'(-25.31111--20.066666]\'','\'(45.266667-60.355556]\'','\'(0.3-0.4]\'',-1.973056
PATH,'\'(126.5-151.6]\'','\'(154.4-178.3]\'','\'All\'','\'(-inf-0.011111]\'','\'(-inf-0.022222]\'','\'(-inf-2.55]\'','\'(-inf-57.29964]\'','\'(17.88889-22.361113]\'','\'(-inf-138.63292]\'','\'(28.688888-43.033332]\'','\'(27.377778-41.066667]\'','\'(45.266667-60.355556]\'','\'(28.511112-42.766668]\'','\'(-21.222221--15.822221]\'','\'(16.866667-25.711112]\'','\'(-9.577777--4.333332]\'','\'(45.266667-60.355556]\'','\'(0.2-0.3]\'',-2.51749
PATH,'\'(101.4-126.5]\'','\'(178.3-202.2]\'','\'All\'','\'(-inf-0.011111]\'','\'(-inf-0.022222]\'','\'(2.55-5.1]\'','\'(-inf-57.29964]\'','\'(4.472222-8.944445]\'','\'(-inf-138.63292]\'','\'(43.033332-57.377776]\'','\'(41.066667-54.755556]\'','\'(60.355556-75.444445]\'','\'(42.766668-57.022224]\'','\'(-21.222221--15.822221]\'','\'(34.555556-43.400001]\'','\'(-20.066666--14.822221]\'','\'(60.355556-75.444445]\'','\'(0.2-0.3]\'',-2.071221
PATH,'\'(126.5-151.6]\'','\'(178.3-202.2]\'','\'All\'','\'(-inf-0.011111]\'','\'(-inf-0.022222]\'','\'(-inf-2.55]\'','\'(-inf-57.29964]\'','\'(-inf-4.472222]\'','\'(-inf-138.63292]\'','\'(28.688888-43.033332]\'','\'(27.377778-41.066667]\'','\'(30.177778-45.266667]\'','\'(28.511112-42.766668]\'','\'(-15.822221--10.422222]\'','\'(16.866667-25.711112]\'','\'(-14.822221--9.577777]\'','\'(30.177778-45.266667]\'','\'(0.2-0.3]\'',-2.001125
PATH,'\'(-inf-26.1]\'','\'(178.3-202.2]\'','\'All\'','\'(-inf-0.011111]\'','\'(0.2-inf)\'','\'(2.55-5.1]\'','\'(-inf-57.29964]\'','\'(4.472222-8.944445]\'','\'(-inf-138.63292]\'','\'(43.033332-57.377776]\'','\'(41.066667-54.755556]\'','\'(60.355556-75.444445]\'','\'(42.766668-57.022224]\'','\'(-21.222221--15.822221]\'','\'(34.555556-43.400001]\'','\'(-25.31111--20.066666]\'','\'(60.355556-75.444445]\'','\'(0.3-0.4]\'',-2.075226
PATH,'\'(226.9-inf)\'','\'(178.3-202.2]\'','\'All\'','\'(-inf-0.011111]\'','\'(-inf-0.022222]\'','\'(-inf-2.55]\'','\'(-inf-57.29964]\'','\'(-inf-4.472222]\'','\'(-inf-138.63292]\'','\'(43.033332-57.377776]\'','\'(41.066667-54.755556]\'','\'(45.266667-60.355556]\'','\'(28.511112-42.766668]\'','\'(-21.222221--15.822221]\'','\'(25.711112-34.555556]\'','\'(-20.066666--14.822221]\'','\'(45.266667-60.355556]\'','\'(0.2-0.3]\'',-2.074616
PATH,'\'(151.6-176.7]\'','\'(178.3-202.2]\'','\'All\'','\'(-inf-0.011111]\'','\'(-inf-0.022222]\'','\'(2.55-5.1]\'','\'(-inf-57.29964]\'','\'(-inf-4.472222]\'','\'(-inf-138.63292]\'','\'(57.377776-71.72222]\'','\'(41.066667-54.755556]\'','\'(60.355556-75.444445]\'','\'(42.766668-57.022224]\'','\'(-21.222221--15.822221]\'','\'(34.555556-43.400001]\'','\'(-25.31111--20.066666]\'','\'(60.355556-75.444445]\'','\'(0.2-0.3]\'',-2.101326
PATH,'\'(226.9-inf)\'','\'(154.4-178.3]\'','\'All\'','\'(-inf-0.011111]\'','\'(0.088889-0.111111]\'','\'(-inf-2.55]\'','\'(-inf-57.29964]\'','\'(-inf-4.472222]\'','\'(-inf-138.63292]\'','\'(43.033332-57.377776]\'','\'(41.066667-54.755556]\'','\'(60.355556-75.444445]\'','\'(42.766668-57.022224]\'','\'(-21.222221--15.822221]\'','\'(34.555556-43.400001]\'','\'(-25.31111--20.066666]\'','\'(60.355556-75.444445]\'','\'(0.3-0.4]\'',-2.052258
PATH,'\'(226.9-inf)\'','\'(178.3-202.2]\'','\'All\'','\'(-inf-0.011111]\'','\'(-inf-0.022222]\'','\'(-inf-2.55]\'','\'(-inf-57.29964]\'','\'(-inf-4.472222]\'','\'(-inf-138.63292]\'','\'(43.033332-57.377776]\'','\'(41.066667-54.755556]\'','\'(60.355556-75.444445]\'','\'(42.766668-57.022224]\'','\'(-21.222221--15.822221]\'','\'(34.555556-43.400001]\'','\'(-20.066666--14.822221]\'','\'(60.355556-75.444445]\'','\'(0.3-0.4]\'',-2.021838
PATH,'\'(176.7-201.8]\'','\'(178.3-202.2]\'','\'All\'','\'(-inf-0.011111]\'','\'(-inf-0.022222]\'','\'(2.55-5.1]\'','\'(-inf-57.29964]\'','\'(-inf-4.472222]\'','\'(-inf-138.63292]\'','\'(43.033332-57.377776]\'','\'(41.066667-54.755556]\'','\'(60.355556-75.444445]\'','\'(28.511112-42.766668]\'','\'(-15.822221--10.422222]\'','\'(34.555556-43.400001]\'','\'(-20.066666--14.822221]\'','\'(60.355556-75.444445]\'','\'(0.3-0.4]\'',-2.006186
PATH,'\'(226.9-inf)\'','\'(178.3-202.2]\'','\'All\'','\'(-inf-0.011111]\'','\'(-inf-0.022222]\'','\'(2.55-5.1]\'','\'(-inf-57.29964]\'','\'(-inf-4.472222]\'','\'(-inf-138.63292]\'','\'(43.033332-57.377776]\'','\'(41.066667-54.755556]\'','\'(45.266667-60.355556]\'','\'(28.511112-42.766668]\'','\'(-15.822221--10.422222]\'','\'(25.711112-34.555556]\'','\'(-20.066666--14.822221]\'','\'(45.266667-60.355556]\'','\'(0.2-0.3]\'',-2.052705
PATH,'\'(-inf-26.1]\'','\'(202.2-226.1]\'','\'All\'','\'(-inf-0.011111]\'','\'(0.088889-0.111111]\'','\'(-inf-2.55]\'','\'(-inf-57.29964]\'','\'(-inf-4.472222]\'','\'(-inf-138.63292]\'','\'(43.033332-57.377776]\'','\'(41.066667-54.755556]\'','\'(60.355556-75.444445]\'','\'(42.766668-57.022224]\'','\'(-21.222221--15.822221]\'','\'(34.555556-43.400001]\'','\'(-25.31111--20.066666]\'','\'(60.355556-75.444445]\'','\'(0.3-0.4]\'',-2.020895
PATH,'\'(101.4-126.5]\'','\'(178.3-202.2]\'','\'All\'','\'(-inf-0.011111]\'','\'(-inf-0.022222]\'','\'(-inf-2.55]\'','\'(-inf-57.29964]\'','\'(-inf-4.472222]\'','\'(-inf-138.63292]\'','\'(43.033332-57.377776]\'','\'(41.066667-54.755556]\'','\'(45.266667-60.355556]\'','\'(28.511112-42.766668]\'','\'(-15.822221--10.422222]\'','\'(25.711112-34.555556]\'','\'(-20.066666--14.822221]\'','\'(45.266667-60.355556]\'','\'(0.2-0.3]\'',-1.996042
PATH,'\'(76.3-101.4]\'','\'(178.3-202.2]\'','\'All\'','\'(-inf-0.011111]\'','\'(-inf-0.022222]\'','\'(2.55-5.1]\'','\'(-inf-57.29964]\'','\'(-inf-4.472222]\'','\'(-inf-138.63292]\'','\'(57.377776-71.72222]\'','\'(41.066667-54.755556]\'','\'(75.444445-90.533334]\'','\'(42.766668-57.022224]\'','\'(-26.622221--21.222221]\'','\'(43.400001-52.244446]\'','\'(-25.31111--20.066666]\'','\'(75.444445-90.533334]\'','\'(0.2-0.3]\'',-2.109375
GRASS,'\'(201.8-226.9]\'','\'(154.4-178.3]\'','\'All\'','\'(-inf-0.011111]\'','\'(-inf-0.022222]\'','\'(-inf-2.55]\'','\'(-inf-57.29964]\'','\'(-inf-4.472222]\'','\'(-inf-138.63292]\'','\'(14.344444-28.688888]\'','\'(13.688889-27.377778]\'','\'(15.088889-30.177778]\'','\'(14.255556-28.511112]\'','\'(-21.222221--15.822221]\'','\'(-0.822222-8.022222]\'','\'(11.400001-16.644446]\'','\'(15.088889-30.177778]\'','\'(0.3-0.4]\'',2.864931
GRASS,'\'(51.2-76.3]\'','\'(178.3-202.2]\'','\'All\'','\'(0.1-inf)\'','\'(-inf-0.022222]\'','\'(-inf-2.55]\'','\'(-inf-57.29964]\'','\'(-inf-4.472222]\'','\'(-inf-138.63292]\'','\'(14.344444-28.688888]\'','\'(13.688889-27.377778]\'','\'(15.088889-30.177778]\'','\'(14.255556-28.511112]\'','\'(-15.822221--10.422222]\'','\'(-inf--0.822222]\'','\'(11.400001-16.644446]\'','\'(15.088889-30.177778]\'','\'(0.3-0.4]\'',2.453831
GRASS,'\'(51.2-76.3]\'','\'(178.3-202.2]\'','\'All\'','\'(0.1-inf)\'','\'(-inf-0.022222]\'','\'(-inf-2.55]\'','\'(-inf-57.29964]\'','\'(-inf-4.472222]\'','\'(-inf-138.63292]\'','\'(14.344444-28.688888]\'','\'(13.688889-27.377778]\'','\'(15.088889-30.177778]\'','\'(14.255556-28.511112]\'','\'(-10.422222--5.022222]\'','\'(-inf--0.822222]\'','\'(11.400001-16.644446]\'','\'(15.088889-30.177778]\'','\'(0.2-0.3]\'',2.189135
GRASS,'\'(101.4-126.5]\'','\'(202.2-226.1]\'','\'All\'','\'(-inf-0.011111]\'','\'(-inf-0.022222]\'','\'(-inf-2.55]\'','\'(-inf-57.29964]\'','\'(-inf-4.472222]\'','\'(-inf-138.63292]\'','\'(14.344444-28.688888]\'','\'(-inf-13.688889]\'','\'(-inf-15.088889]\'','\'(14.255556-28.511112]\'','\'(-15.822221--10.422222]\'','\'(-inf--0.822222]\'','\'(11.400001-16.644446]\'','\'(15.088889-30.177778]\'','\'(0.4-0.5]\'',2.447547
GRASS,'\'(76.3-101.4]\'','\'(202.2-226.1]\'','\'All\'','\'(-inf-0.011111]\'','\'(-inf-0.022222]\'','\'(-inf-2.55]\'','\'(-inf-57.29964]\'','\'(-inf-4.472222]\'','\'(-inf-138.63292]\'','\'(-inf-14.344444]\'','\'(-inf-13.688889]\'','\'(-inf-15.088889]\'','\'(14.255556-28.511112]\'','\'(-10.422222--5.022222]\'','\'(-inf--0.822222]\'','\'(11.400001-16.644446]\'','\'(15.088889-30.177778]\'','\'(0.4-0.5]\'',2.317212
GRASS,'\'(-inf-26.1]\'','\'(178.3-202.2]\'','\'All\'','\'(-inf-0.011111]\'','\'(-inf-0.022222]\'','\'(-inf-2.55]\'','\'(-inf-57.29964]\'','\'(-inf-4.472222]\'','\'(-inf-138.63292]\'','\'(14.344444-28.688888]\'','\'(-inf-13.688889]\'','\'(-inf-15.088889]\'','\'(14.255556-28.511112]\'','\'(-5.022222-0.377778]\'','\'(-inf--0.822222]\'','\'(11.400001-16.644446]\'','\'(15.088889-30.177778]\'','\'(0.4-0.5]\'',1.905303
GRASS,'\'(176.7-201.8]\'','\'(226.1-inf)\'','\'All\'','\'(-inf-0.011111]\'','\'(-inf-0.022222]\'','\'(-inf-2.55]\'','\'(-inf-57.29964]\'','\'(-inf-4.472222]\'','\'(-inf-138.63292]\'','\'(-inf-14.344444]\'','\'(-inf-13.688889]\'','\'(-inf-15.088889]\'','\'(-inf-14.255556]\'','\'(-10.422222--5.022222]\'','\'(-inf--0.822222]\'','\'(11.400001-16.644446]\'','\'(-inf-15.088889]\'','\'(0.5-0.6]\'',2.192935
GRASS,'\'(151.6-176.7]\'','\'(154.4-178.3]\'','\'All\'','\'(-inf-0.011111]\'','\'(-inf-0.022222]\'','\'(-inf-2.55]\'','\'(-inf-57.29964]\'','\'(-inf-4.472222]\'','\'(-inf-138.63292]\'','\'(14.344444-28.688888]\'','\'(-inf-13.688889]\'','\'(15.088889-30.177778]\'','\'(14.255556-28.511112]\'','\'(-15.822221--10.422222]\'','\'(-inf--0.822222]\'','\'(11.400001-16.644446]\'','\'(15.088889-30.177778]\'','\'(0.4-0.5]\'',2.515826
GRASS,'\'(176.7-201.8]\'','\'(154.4-178.3]\'','\'All\'','\'(-inf-0.011111]\'','\'(-inf-0.022222]\'','\'(-inf-2.55]\'','\'(-inf-57.29964]\'','\'(-inf-4.472222]\'','\'(-inf-138.63292]\'','\'(14.344444-28.688888]\'','\'(-inf-13.688889]\'','\'(15.088889-30.177778]\'','\'(14.255556-28.511112]\'','\'(-15.822221--10.422222]\'','\'(-inf--0.822222]\'','\'(11.400001-16.644446]\'','\'(15.088889-30.177778]\'','\'(0.3-0.4]\'',2.332739
GRASS,'\'(-inf-26.1]\'','\'(226.1-inf)\'','\'All\'','\'(-inf-0.011111]\'','\'(-inf-0.022222]\'','\'(-inf-2.55]\'','\'(-inf-57.29964]\'','\'(-inf-4.472222]\'','\'(-inf-138.63292]\'','\'(-inf-14.344444]\'','\'(-inf-13.688889]\'','\'(-inf-15.088889]\'','\'(-inf-14.255556]\'','\'(-5.022222-0.377778]\'','\'(-inf--0.822222]\'','\'(0.911112-6.155557]\'','\'(-inf-15.088889]\'','\'(0.1-0.2]\'',1.756645
GRASS,'\'(51.2-76.3]\'','\'(202.2-226.1]\'','\'All\'','\'(-inf-0.011111]\'','\'(-inf-0.022222]\'','\'(-inf-2.55]\'','\'(-inf-57.29964]\'','\'(-inf-4.472222]\'','\'(-inf-138.63292]\'','\'(-inf-14.344444]\'','\'(-inf-13.688889]\'','\'(-inf-15.088889]\'','\'(-inf-14.255556]\'','\'(-10.422222--5.022222]\'','\'(-inf--0.822222]\'','\'(6.155557-11.400001]\'','\'(-inf-15.088889]\'','\'(0.5-0.6]\'',2.046588
GRASS,'\'(226.9-inf)\'','\'(178.3-202.2]\'','\'All\'','\'(-inf-0.011111]\'','\'(-inf-0.022222]\'','\'(-inf-2.55]\'','\'(-inf-57.29964]\'','\'(-inf-4.472222]\'','\'(-inf-138.63292]\'','\'(14.344444-28.688888]\'','\'(-inf-13.688889]\'','\'(-inf-15.088889]\'','\'(14.255556-28.511112]\'','\'(-10.422222--5.022222]\'','\'(-inf--0.822222]\'','\'(16.644446-inf)\'','\'(15.088889-30.177778]\'','\'(0.4-0.5]\'',2.075874
GRASS,'\'(176.7-201.8]\'','\'(202.2-226.1]\'','\'All\'','\'(-inf-0.011111]\'','\'(-inf-0.022222]\'','\'(-inf-2.55]\'','\'(-inf-57.29964]\'','\'(4.472222-8.944445]\'','\'(-inf-138.63292]\'','\'(14.344444-28.688888]\'','\'(13.688889-27.377778]\'','\'(15.088889-30.177778]\'','\'(28.511112-42.766668]\'','\'(-21.222221--15.822221]\'','\'(-inf--0.822222]\'','\'(16.644446-inf)\'','\'(15.088889-30.177778]\'','\'(0.4-0.5]\'',2.561049
GRASS,'\'(51.2-76.3]\'','\'(154.4-178.3]\'','\'All\'','\'(-inf-0.011111]\'','\'(-inf-0.022222]\'','\'(-inf-2.55]\'','\'(-inf-57.29964]\'','\'(-inf-4.472222]\'','\'(-inf-138.63292]\'','\'(14.344444-28.688888]\'','\'(13.688889-27.377778]\'','\'(15.088889-30.177778]\'','\'(14.255556-28.511112]\'','\'(-15.822221--10.422222]\'','\'(-inf--0.822222]\'','\'(11.400001-16.644446]\'','\'(15.088889-30.177778]\'','\'(0.3-0.4]\'',2.413262
GRASS,'\'(51.2-76.3]\'','\'(202.2-226.1]\'','\'All\'','\'(-inf-0.011111]\'','\'(-inf-0.022222]\'','\'(2.55-5.1]\'','\'(-inf-57.29964]\'','\'(-inf-4.472222]\'','\'(-inf-138.63292]\'','\'(-inf-14.344444]\'','\'(-inf-13.688889]\'','\'(-inf-15.088889]\'','\'(-inf-14.255556]\'','\'(-5.022222-0.377778]\'','\'(-inf--0.822222]\'','\'(6.155557-11.400001]\'','\'(-inf-15.088889]\'','\'(0.4-0.5]\'',2.09315
GRASS,'\'(101.4-126.5]\'','\'(202.2-226.1]\'','\'All\'','\'(-inf-0.011111]\'','\'(-inf-0.022222]\'','\'(2.55-5.1]\'','\'(-inf-57.29964]\'','\'(-inf-4.472222]\'','\'(-inf-138.63292]\'','\'(14.344444-28.688888]\'','\'(13.688889-27.377778]\'','\'(15.088889-30.177778]\'','\'(14.255556-28.511112]\'','\'(-15.822221--10.422222]\'','\'(-inf--0.822222]\'','\'(16.644446-inf)\'','\'(15.088889-30.177778]\'','\'(0.4-0.5]\'',2.304153
GRASS,'\'(226.9-inf)\'','\'(202.2-226.1]\'','\'All\'','\'(0.1-inf)\'','\'(-inf-0.022222]\'','\'(2.55-5.1]\'','\'(-inf-57.29964]\'','\'(-inf-4.472222]\'','\'(-inf-138.63292]\'','\'(14.344444-28.688888]\'','\'(-inf-13.688889]\'','\'(15.088889-30.177778]\'','\'(14.255556-28.511112]\'','\'(-10.422222--5.022222]\'','\'(-0.822222-8.022222]\'','\'(6.155557-11.400001]\'','\'(15.088889-30.177778]\'','\'(0.3-0.4]\'',2.554965
GRASS,'\'(226.9-inf)\'','\'(154.4-178.3]\'','\'All\'','\'(-inf-0.011111]\'','\'(-inf-0.022222]\'','\'(-inf-2.55]\'','\'(-inf-57.29964]\'','\'(-inf-4.472222]\'','\'(-inf-138.63292]\'','\'(14.344444-28.688888]\'','\'(-inf-13.688889]\'','\'(-inf-15.088889]\'','\'(14.255556-28.511112]\'','\'(-10.422222--5.022222]\'','\'(-inf--0.822222]\'','\'(11.400001-16.644446]\'','\'(15.088889-30.177778]\'','\'(0.3-0.4]\'',2.242196
GRASS,'\'(26.1-51.2]\'','\'(178.3-202.2]\'','\'All\'','\'(-inf-0.011111]\'','\'(-inf-0.022222]\'','\'(-inf-2.55]\'','\'(-inf-57.29964]\'','\'(-inf-4.472222]\'','\'(-inf-138.63292]\'','\'(14.344444-28.688888]\'','\'(13.688889-27.377778]\'','\'(-inf-15.088889]\'','\'(14.255556-28.511112]\'','\'(-5.022222-0.377778]\'','\'(-inf--0.822222]\'','\'(11.400001-16.644446]\'','\'(15.088889-30.177778]\'','\'(0.3-0.4]\'',1.94304
GRASS,'\'(51.2-76.3]\'','\'(178.3-202.2]\'','\'All\'','\'(-inf-0.011111]\'','\'(-inf-0.022222]\'','\'(-inf-2.55]\'','\'(-inf-57.29964]\'','\'(-inf-4.472222]\'','\'(-inf-138.63292]\'','\'(-inf-14.344444]\'','\'(-inf-13.688889]\'','\'(-inf-15.088889]\'','\'(-inf-14.255556]\'','\'(-5.022222-0.377778]\'','\'(-inf--0.822222]\'','\'(6.155557-11.400001]\'','\'(-inf-15.088889]\'','\'(0.5-0.6]\'',1.982987
GRASS,'\'(76.3-101.4]\'','\'(226.1-inf)\'','\'All\'','\'(0.1-inf)\'','\'(-inf-0.022222]\'','\'(-inf-2.55]\'','\'(-inf-57.29964]\'','\'(-inf-4.472222]\'','\'(-inf-138.63292]\'','\'(-inf-14.344444]\'','\'(-inf-13.688889]\'','\'(-inf-15.088889]\'','\'(14.255556-28.511112]\'','\'(-10.422222--5.022222]\'','\'(-inf--0.822222]\'','\'(11.400001-16.644446]\'','\'(15.088889-30.177778]\'','\'(0.4-0.5]\'',2.267197
GRASS,'\'(51.2-76.3]\'','\'(178.3-202.2]\'','\'All\'','\'(0.1-inf)\'','\'(-inf-0.022222]\'','\'(-inf-2.55]\'','\'(-inf-57.29964]\'','\'(-inf-4.472222]\'','\'(-inf-138.63292]\'','\'(14.344444-28.688888]\'','\'(-inf-13.688889]\'','\'(-inf-15.088889]\'','\'(14.255556-28.511112]\'','\'(-10.422222--5.022222]\'','\'(-inf--0.822222]\'','\'(6.155557-11.400001]\'','\'(15.088889-30.177778]\'','\'(0.3-0.4]\'',2.545329
GRASS,'\'(51.2-76.3]\'','\'(154.4-178.3]\'','\'All\'','\'(-inf-0.011111]\'','\'(-inf-0.022222]\'','\'(-inf-2.55]\'','\'(-inf-57.29964]\'','\'(-inf-4.472222]\'','\'(-inf-138.63292]\'','\'(14.344444-28.688888]\'','\'(13.688889-27.377778]\'','\'(15.088889-30.177778]\'','\'(28.511112-42.766668]\'','\'(-21.222221--15.822221]\'','\'(-0.822222-8.022222]\'','\'(11.400001-16.644446]\'','\'(30.177778-45.266667]\'','\'(0.3-0.4]\'',2.604013
GRASS,'\'(226.9-inf)\'','\'(178.3-202.2]\'','\'All\'','\'(-inf-0.011111]\'','\'(-inf-0.022222]\'','\'(-inf-2.55]\'','\'(-inf-57.29964]\'','\'(-inf-4.472222]\'','\'(-inf-138.63292]\'','\'(-inf-14.344444]\'','\'(-inf-13.688889]\'','\'(-inf-15.088889]\'','\'(14.255556-28.511112]\'','\'(-10.422222--5.022222]\'','\'(-inf--0.822222]\'','\'(11.400001-16.644446]\'','\'(15.088889-30.177778]\'','\'(0.4-0.5]\'',2.128646
GRASS,'\'(226.9-inf)\'','\'(178.3-202.2]\'','\'All\'','\'(-inf-0.011111]\'','\'(-inf-0.022222]\'','\'(-inf-2.55]\'','\'(-inf-57.29964]\'','\'(-inf-4.472222]\'','\'(-inf-138.63292]\'','\'(-inf-14.344444]\'','\'(-inf-13.688889]\'','\'(-inf-15.088889]\'','\'(-inf-14.255556]\'','\'(-10.422222--5.022222]\'','\'(-inf--0.822222]\'','\'(11.400001-16.644446]\'','\'(-inf-15.088889]\'','\'(0.5-0.6]\'',2.122422
GRASS,'\'(26.1-51.2]\'','\'(226.1-inf)\'','\'All\'','\'(0.1-inf)\'','\'(-inf-0.022222]\'','\'(-inf-2.55]\'','\'(-inf-57.29964]\'','\'(-inf-4.472222]\'','\'(-inf-138.63292]\'','\'(-inf-14.344444]\'','\'(-inf-13.688889]\'','\'(-inf-15.088889]\'','\'(14.255556-28.511112]\'','\'(-10.422222--5.022222]\'','\'(-inf--0.822222]\'','\'(11.400001-16.644446]\'','\'(15.088889-30.177778]\'','\'(0.4-0.5]\'',2.368311
GRASS,'\'(176.7-201.8]\'','\'(202.2-226.1]\'','\'All\'','\'(-inf-0.011111]\'','\'(-inf-0.022222]\'','\'(-inf-2.55]\'','\'(-inf-57.29964]\'','\'(-inf-4.472222]\'','\'(-inf-138.63292]\'','\'(-inf-14.344444]\'','\'(-inf-13.688889]\'','\'(-inf-15.088889]\'','\'(14.255556-28.511112]\'','\'(-10.422222--5.022222]\'','\'(-inf--0.822222]\'','\'(11.400001-16.644446]\'','\'(15.088889-30.177778]\'','\'(0.4-0.5]\'',2.382684
GRASS,'\'(176.7-201.8]\'','\'(226.1-inf)\'','\'All\'','\'(-inf-0.011111]\'','\'(-inf-0.022222]\'','\'(-inf-2.55]\'','\'(-inf-57.29964]\'','\'(-inf-4.472222]\'','\'(-inf-138.63292]\'','\'(14.344444-28.688888]\'','\'(-inf-13.688889]\'','\'(15.088889-30.177778]\'','\'(14.255556-28.511112]\'','\'(-10.422222--5.022222]\'','\'(-0.822222-8.022222]\'','\'(6.155557-11.400001]\'','\'(15.088889-30.177778]\'','\'(0.2-0.3]\'',2.7898
GRASS,'\'(201.8-226.9]\'','\'(226.1-inf)\'','\'All\'','\'(0.1-inf)\'','\'(-inf-0.022222]\'','\'(-inf-2.55]\'','\'(-inf-57.29964]\'','\'(-inf-4.472222]\'','\'(-inf-138.63292]\'','\'(-inf-14.344444]\'','\'(-inf-13.688889]\'','\'(-inf-15.088889]\'','\'(14.255556-28.511112]\'','\'(-10.422222--5.022222]\'','\'(-inf--0.822222]\'','\'(11.400001-16.644446]\'','\'(15.088889-30.177778]\'','\'(0.4-0.5]\'',2.392487
GRASS,'\'(201.8-226.9]\'','\'(178.3-202.2]\'','\'All\'','\'(-inf-0.011111]\'','\'(-inf-0.022222]\'','\'(-inf-2.55]\'','\'(-inf-57.29964]\'','\'(-inf-4.472222]\'','\'(-inf-138.63292]\'','\'(-inf-14.344444]\'','\'(-inf-13.688889]\'','\'(-inf-15.088889]\'','\'(14.255556-28.511112]\'','\'(-5.022222-0.377778]\'','\'(-inf--0.822222]\'','\'(11.400001-16.644446]\'','\'(15.088889-30.177778]\'','\'(0.4-0.5]\'',1.83885
